Id,Date published,Title,Channel title,View count,Like count,Comments count
vBsJVdhBbzo,2024-01-18T04:28:17Z,ƒê·∫¨P H·ªòP GALAXY S24 ULTRA: KHUNG TITAN M√Ä ƒê√É X∆Ø·ªöC R·ªíI:)) - TEST TH·ª¨ T√çNH NƒÇNG AI X·ªäN S√í!!,Duy Th·∫©m,101653,1658,277
F9QP6-TBur0,2024-01-26T12:00:09Z,SO S√ÅNH iPHONE 15 PRO MAX VS GALAXY S24 ULTRA: H∆†N 30 TRI·ªÜU M√ÅY N√ÄO X·ªäN H∆†N???,Duy Th·∫©m,74428,1152,318
9QhAhUUZiOw,2024-01-29T11:39:25Z,"C·∫¢ TEAM SCHANNEL VUI M·ª™NG, PH·∫§N KH·ªûI ƒêI MUA GALAXY S24 ULTRA...",Duy Th·∫©m,41356,643,38
RmxNmqeotp8,2024-01-29T07:00:09Z,AI GALAXY S24 ULTRA C√ì D·ªäCH ƒê∆Ø·ª¢C TI·∫æNG NGH·ªÜ AN KH√îNG??? #shorts,Duy Th·∫©m,123282,4436,106
j-li0Wgm90E,2024-01-22T13:06:45Z,T∆∞ v·∫•n Flagship 30 tri·ªáu: Galaxy S24 Ultra hay iPhone 15 Pro Max | V·∫≠t V·ªù Studio,V·∫≠t V·ªù Studio,66557,765,213
DF0PEXpdplg,2024-01-25T13:03:54Z,D√πng Galaxy S24 Ultra t·ª´ M·ªπ v·ªÅ Vi·ªát Nam: Pin qu√° kh·ªèe! M√†n h√¨nh ch·ªëng ch√≥i v√† AI th√∫ v·ªã th·∫≠t s·ª±,V·∫≠t V·ªù Studio,58297,913,310
xCC7ZJFRFFA,2024-01-17T18:06:38Z,Galaxy S24 Ultra: Th√™m vi·ªÅn Titan v√† c·ª±c nhi·ªÅu AI - B·ªè m√†n cong v√† camera 10X,V·∫≠t V·ªù Studio,38286,805,221
ZI2xSUtDZMY,2024-01-18T12:19:42Z,So s√°nh Camera Galaxy S24 Ultra v√† iPhone 15 Pro Max: Kh√°c bi·ªát r√µ r√†ng!,V·∫≠t V·ªù Studio,189450,2182,763
Q4ouqpI6kkw,2024-01-29T11:51:32Z,KI·ªÇM CH·ª®NG: M√†n h√¨nh Galaxy S24 Ultra x·∫•u h∆°n c·∫£ S22 Ultra ch·ªâ v√¨ k√≠nh ch·ªëng ch√≥i?,V·∫≠t V·ªù Studio,47793,763,240
GDH6e3DZOe8,2024-01-20T11:30:10Z,So s√°nh camera Galaxy S24 Ultra vs S23 Ultra: Zoom k√©m h∆°n ƒë·ªùi tr∆∞·ªõc?,V·∫≠t V·ªù Studio,60950,651,206
jW7nOHQjNZA,2024-01-28T04:15:01Z,So s√°nh Galaxy S24 Ultra vs Galaxy S23 Ultra: N√äN hay KH√îNG N√äN n√¢ng c·∫•p?,D∆∞∆°ng D√™,30052,376,143
YS9N7XUTkWA,2024-01-17T18:08:15Z,"Tr√™n tay Galaxy S24 Ultra t·∫≠p trung AI, vi·ªÅn Titan, duy nh·∫•t c√≥ Snap 8 Gen 3",D∆∞∆°ng D√™,64664,1062,334
-bYfFLJjSFM,2024-01-27T03:15:00Z,So s√°nh iPhone 15 Pro Max vs Galaxy S24 Ultra : M·ª®C GI√Å QUY·∫æT ƒê·ªäNH!,D∆∞∆°ng D√™,65687,653,222
gIKRYMVPK2E,2024-01-24T03:15:01Z,So s√°nh camera iPhone 15 Pro Max vs Galaxy S24 Ultra: K√àO N√ÄY QU√Å CƒÇNG,D∆∞∆°ng D√™,17554,285,156
F10CylqH8dA,2024-01-20T07:15:00Z,Speedtest Galaxy S24 Ultra vs Galaxy S24 Plus: C√ì CHUY·ªÜN N√ÄY SAO?,D∆∞∆°ng D√™,38983,444,200
83UvQ6mhTXw,2024-01-19T07:15:00Z,Speedtest Galaxy S24 Ultra vs S23 Ultra : Ch√™nh nhi·ªÅu kh√¥ng?,D∆∞∆°ng D√™,37583,321,105
wcFwuMLMJJA,2024-01-22T11:15:06Z,So s√°nh Galaxy S24 Plus vs Galaxy S24 Ultra : c√≥ n√™n c·ªë l√™n kh√¥ng?,D∆∞∆°ng D√™,18097,265,72
VaEHTOS2qVA,2024-01-31T03:15:02Z,So s√°nh Galaxy S24 Ultra vs Galaxy Z Fold 5: TH·ª∞C D·ª§NG hay ƒê·ªòC L·∫†?,D∆∞∆°ng D√™,9306,134,49
wbXUd6sj0vk,2024-01-18T11:15:07Z,Speedtest iPhone 15 Pro Max vs Galaxy S24 Ultra: NG·∫†C NHI√äN CH∆ØA,D∆∞∆°ng D√™,54286,752,351
clWg-QwFSF4,2024-01-21T14:35:04Z,cuhiep: 5 ƒëieÃÇÃâm yeÃÇu thiÃÅch nhaÃÇÃÅt treÃÇn Galaxy S24 Ultra,Tinh t·∫ø,18775,364,119
tNFGnA8JqtQ,2024-01-30T14:00:41Z,"L·∫°i n√≥i v·ªÅ Galaxy S24 Ultra: AI, camera v√† nh·ªØng th·ª© kh√°c",Tinh t·∫ø,19311,335,80
bSKu5mfdoPk,2024-01-23T14:00:26Z,ƒêi ƒë·∫∑t c·ªçc s·ªõm Galaxy S24 Ultra t·∫°i Di ƒê·ªông Vi·ªát,Tinh t·∫ø,4093,76,16
qYxyng_Yp5g,2024-01-30T13:00:52Z,ƒêi nh·∫≠n Galaxy S24 Ultra 512GB ƒë√£ ƒë·∫∑t c·ªçc t·∫°i Di ƒê·ªông Vi·ªát,Tinh t·∫ø,2976,50,15
-OFUUF7L2cE,2024-01-17T18:17:30Z,"Review Galaxy S24 Ultra vi·ªÅn titan, m√†n ph·∫≥ng, Snap. 8 Gen 3 v√† A.I. m·∫°nh - H∆∞·ªõng m·ªõi c·ªßa Samsung?",ReLab,41849,682,195
KqzIpZ58N-Y,2024-01-23T05:00:17Z,"ƒê√°nh gi√° Camera Galaxy S24 Ultra: N√¢ng c·∫•p r√µ r·ªát so v·ªõi S23 Ultra, th√°ch th·ª©c iPhone 15 Pro Max",ReLab,29813,341,145
oQq6hRnOUrI,2023-11-25T12:57:31Z,"Galaxy S24 Ultra m√†u ‚Äútitan‚Äù l·ªô di·ªán v·ªõi mang h√¨nh ph·∫≥ng: Samsung, kh√¥ng c·∫ßn thay ƒë·ªïi nhi·ªÅu n·ªØa ƒë√¢u!",ReLab,60843,580,209
LdWk29onwGk,2024-01-18T13:45:01Z,"Test th·ª±c t·∫ø Galaxy S24 Ultra & S24 Plus b·∫£n TH∆Ø∆†NG M·∫†I: Khay SIM b·ªã l·ªách, hi·ªáu nƒÉng ch∆∞a ƒë·∫°t ƒë·ªânh?",ReLab,22442,346,109
zdeEGHYs2LU,2024-01-27T04:00:21Z,"Tu·∫•n Ng·ªçc ƒë√¢y ""ƒê·∫≠p h·ªôp"" full b·ªô Galaxy S24 Ultra M·ªöI!",ReLab,10265,366,5
PvvMezlk5Ps,2024-01-26T14:00:45Z,So s√°nh m√†n h√¨nh c·ªßa Galaxy S24 Ultra vs. iPhone 15 Pro Max,ReLab,41651,1182,30
gGoXIu5gMNI,2023-11-15T11:11:05Z,Galaxy S24 Ultra v√† to√†n b·ªô thi·∫øt k·∫ø m·ªõi - C√°i k·∫øt c·ªßa m·ªôt xu h∆∞·ªõng!,ReLab,68301,597,254
_iderasGBQs,2024-02-04T12:12:57Z,ƒê·ª´ng ch·ª≠i m√¨nh v√¨ so s√°nh Galaxy S24 Ultra v·ªõi iPhone 14 Pro Max nh√© ü•π,Vinh X√¥,4847,215,68
5trWyE_r06M,2024-01-26T11:25:58Z,Vinh X√¥ | Galaxy S24 Ultra hay S23 Ultra: ƒê·ª™NG CH·ªåN SAI!,Vinh X√¥,46464,893,215
OdmRpZh3tTE,2024-01-18T01:42:51Z,Ch·ªâ 8 ph√∫t ƒë·ªß bi·∫øt m·ªçi th·ª© v·ªÅ Galaxy S24 Ultra: l·∫ßn ƒë·∫ßu c√≥ Titan v√† r·∫•t r·∫•t nhi·ªÅu AI,Vinh X√¥,112994,1424,473
maY-WTy_dD8,2024-01-18T00:00:31Z,"5 t√≠nh nƒÉng AI tr√™n Galaxy S24 Ultra m√† b·∫°n c·∫ßn ph·∫£i bi·∫øt: s·ª≠a ·∫£nh nh∆∞ PTS, d·ªãch 13 ng√¥n ng·ªØ v√†...",Vinh X√¥,42351,850,273
leYAYhfIlEw,2024-01-20T05:03:05Z,"Vlog | ƒêi xem Tesla Cybertruck ngo√†i ƒë·ªùi th·∫≠t, quay 4K b·∫±ng Galaxy S24 Ultra",Vinh X√¥,12555,310,46
2_biGlfHBF4,2024-01-23T11:00:02Z,"M√¨nh ƒë√£ ch·ªët mua Galaxy S24 Ultra, kh√¥ng ph·∫£i S24 th∆∞·ªùng",Duy Lu√¢n D·ªÖ Th∆∞∆°ng,23629,425,132
Rrn-ohCq9d0,2024-01-24T11:00:20Z,C√≥ n√™n mua Galaxy S24 Ultra? Review nhanh sau 1 tu·∫ßn,Duy Lu√¢n D·ªÖ Th∆∞∆°ng,32692,605,156
6r7G_eH9ckU,2024-01-17T18:03:16Z,"·∫§n t∆∞·ª£ng th·ª±c t·∫ø v·ªõi Galaxy S24 Ultra: ƒë·∫πp, r·∫•t ƒë·∫πp, test nhnah t√≠nh nƒÉng AI cho anh em coi",Duy Lu√¢n D·ªÖ Th∆∞∆°ng,86928,1294,442
Xi7QhdEetr0,2024-01-22T04:35:09Z,So saÃÅnh Galaxy S24 Ultra vs Galaxy S23 Ultra: ngo·∫°i h√¨nh v√† camera l√† kh√°c bi·ªát ch√≠nh,Duy Lu√¢n D·ªÖ Th∆∞∆°ng,49983,691,247
SNaeBn-MgQA,2024-01-21T03:22:44Z,So s√°nh camera Galaxy S24 Ultra vs iPhone 15 Pro Max: b·ªï sung ch·ªëng rung,Duy Lu√¢n D·ªÖ Th∆∞∆°ng,30335,503,212
FqIWxkWMZBI,2024-01-19T02:00:06Z,Galaxy S24 Ultra ƒë·∫πp qu√° tr·ªùi #shorts,Duy Lu√¢n D·ªÖ Th∆∞∆°ng,72673,1835,154
kr6I-5XyDgo,2023-12-26T05:38:13Z,ƒê√ÇY L√Ä GALAXY S24 ULTRA !!!,AnhEm TV,44235,748,186
gA_0Buk1FxI,2024-01-27T12:00:39Z,"NƒÇM M·ªöI 2024, T·∫¨U ‚ÄúTR·ª¢ L√ù‚Äù GALAXY S24 ULTRA - AI SI√äU ƒê·ªàNH, ƒê·ª† V·∫§T V·∫¢ BI·∫æT BAO!!",AnhEm TV,13755,390,3
DUmoKesxbTU,2024-01-19T12:30:15Z,Nh·ªØng tr·∫£i nghi·ªám c·ª±c X·ªäN tr√™n Galaxy S24 Ultra !!!,Tony Ph√πng Studio,51413,705,224
4azGQ1_rOG4,2024-01-17T18:17:04Z,"Tr√™n tay Galaxy S24 Ultra: AI s·∫Ω l√† xu h∆∞·ªõng, camera nhi·ªÅu n√¢ng c·∫•p, m√†n h√¨nh ph·∫≥ng !!!",Tony Ph√πng Studio,23797,441,164
9kzaWZ4FLVI,2024-01-27T12:30:09Z,So s√°nh iPhone 15 Pro Max v√† Galaxy S24 Ultra !!!,Tony Ph√πng Studio,31214,591,302
x-hwhNyA0Zo,2024-01-22T13:00:56Z,Snapdragon 8 Gen 3 tr√™n Galaxy S24 Ultra m·∫°nh t·ªõi ƒë√¢u ???,Tony Ph√πng Studio,9103,207,33
XcknojcrxqI,2024-01-30T04:45:02Z,Galaxy AI tr√™n Galaxy S24 Ultra r·∫•t ·∫•n t∆∞·ª£ng v√† th·ª±c d·ª•ng !!!,Tony Ph√πng Studio,5877,167,40
X53f4X-L3ws,2024-01-30T13:00:34Z,C√≥ n√™n n√¢ng c·∫•p l√™n Galaxy S24 Ultra hay mua Galaxy S23 Ultra l√† ƒë·ªß r·ªìi ???,Tony Ph√πng Studio,11925,182,52
m0Hq974MUsc,2024-01-27T05:00:20Z,"Snapdragon 8 Gen 3 treÃÇn Galaxy S24 Ultra ""BIÃ£ BOÃÅP HIEÃ£ÃÇU NAÃÜNG"" ???",Tony Ph√πng Studio,10221,374,29
vY10dNiHY5Y,2023-12-17T13:00:47Z,S·∫Øp ra Galaxy S24 Ultra nh∆∞ng S23 Ultra v·∫´n v√¥ ƒë·ªëi nh·ªØng th·ª© n√†y !!!,Tony Ph√πng Studio,12379,272,71
