,Id,Date published,Title,Channel title,Tags,View count,Like count,Comments count
0,oonk6n0vMNo,2023-09-12T22:58:55Z,"TR√äN TAY iPHONE 15 V√Ä iPHONE 15 PLUS TR·ª∞C TI·∫æP APPLE PARK üá∫üá∏üá∫üá∏: B·ªé TAI TH·ªé, M√ÄU S·∫ÆC ·∫§N T∆Ø·ª¢NG",Duy Th·∫©m,"['duy th·∫©m', 'duy th·∫©m tv', 'duy th·∫©m channel', 'duy th·∫©m vlog']",163983,1725,156
1,UhCvSW6KZQw,2023-09-29T06:33:29Z,5H S√ÅNG C√ôNG C·∫¢ SCHANNEL ƒêI ƒê·ªîI iPHONE 15 M·ªöI:)),Duy Th·∫©m,"['duy th·∫©m', 'duy th·∫©m tv', 'duy th·∫©m channel', 'duy th·∫©m vlog', 'iphone 15', 'iphone 15 pro max', 'iphone 15 pro', 'iphone', 'review iphone 15 pro max', 'iphone 15 plus', 'ƒë√°nh gi√° iphone 15 pro max', 'iphone 15 pro max gi√°', 'iphone 15 ultra', 'iphone 15 ra m·∫Øt', 'review iphone 15', 'iphone 15 review', 'ƒë√°nh gi√° iphone 15', 'gi√° iphone 15', 'iphone 15 leak', 'iphone 15 titan', 'apple iphone 15', 'iphone 15 series', 'iphone 15 promax', 'iphone 15 ch√≠nh h√£ng', 'ƒëi ƒë·ªïi iphone m·ªõi', 'schannel ƒëi ƒë·ªïi ·ªãphone 15']",357517,3904,136
2,ile5n_xJaiY,2023-10-12T12:46:03Z,"C·∫¢NH GI√ÅC KHI MUA iPHONE 15 SERIES: ƒê√É C√ì SEAL GI·∫¢, CHI·∫æU UV THO·∫¢I M√ÅI",Duy Th·∫©m,"['duy th·∫©m', 'duy th·∫©m tv', 'duy th·∫©m channel', 'duy th·∫©m vlog', 'iphone 15', 'iphone 15 pro max', 'iphone 15 pro', 'iphone', 'review iphone 15 pro max', 'iphone 15 plus', 'ƒë√°nh gi√° iphone 15 pro max', 'iphone 15 pro max gi√°', 'gi√° iphone 15 pro max', 'iphone 15 pro max ra m·∫Øt', 'iphone 15 ultra', 'iphone 15 ra m·∫Øt', 'review iphone 15', 'iphone 15 review', 'ƒë√°nh gi√° iphone 15', 'gi√° iphone 15', 'iphone 15 titan', 'apple iphone 15', 'iphone 15 series', 'iphone 15 promax', 'iphone 15 ch√≠nh h√£ng', 'iphone 15 seal gi·∫£']",116188,1126,61
3,p_1kqG_vBbo,2023-09-30T03:02:35Z,ƒê·ªòT NH·∫¨P REVIEW KHO iPHONE 15 CH√çNH H√ÉNG L·ªöN NH·∫§T VI·ªÜT NAM:)),Duy Th·∫©m,"['duy th·∫©m', 'duy th·∫©m tv', 'duy th·∫©m channel', 'duy th·∫©m vlog', 'iphone 15', 'iphone 15 pro max', 'iphone 15 pro', 'iphone', 'review iphone 15 pro max', 'iphone 15 plus', 'ƒë√°nh gi√° iphone 15 pro max', 'iphone 15 pro max gi√°', 'gi√° iphone 15 pro max', 'iphone 15 pro max ra m·∫Øt', 'iphone 15 ultra', 'iphone 15 ra m·∫Øt', 'review iphone 15', 'iphone 15 review', 'ƒë√°nh gi√° iphone 15', 'gi√° iphone 15', 'iphone 15 leak', 'iphone 15 titan', 'apple iphone 15', 'iphone 15 series', 'iphone 15 promax', 'iphone 15 ch√≠nh h√£ng']",134137,1409,119
4,wMcxoa4EcZY,2023-02-01T09:34:03Z,T·ªîNG H·ª¢P NHANH V·ªÄ iPHONE 15: LO·∫†I B·ªé D√íNG PRO MAX???,Duy Th·∫©m,"['duy th·∫©m', 'duy th·∫©m tv', 'duy th·∫©m channel', 'duy th·∫©m vlog', 'iphone 15', 'iphone 15 pro', 'iphone 15 ultra', 'iphone 15 leaks', 'iphone 15 pro max', 'apple iphone 15', 'iphone 15 rumors', 'iphone 15 plus', 'iphone 15 news', 'iphone 15 trailer', 'iphone 15 review', 'iphone 15 camera', 'iphone 15 release date', 'iphone 15 price', 'iphone 15 pro max 2023', 'iphone 15 battery', 'iphone 15 ultra leaks', 'iphone 15 leaks and rumors', '2023 iphone 15', 'iphone 15 max', 'iphone 15 ultra camera', 'apple iphone 15 ultra']",268078,2845,75
5,uo2LsYzCcN4,2023-09-13T11:42:32Z,"G·∫ßn nh∆∞ l·ªôt x√°c, iPhone 15 v√† 15 Plus r·∫•t ƒë√°ng ƒë·ªÉ l√™n ƒë·ªùi",V·∫≠t V·ªù Studio,"['V·∫≠t v·ªù', 'vatvo', 'vat vo', 'vinh vat vo', 'ƒë√°nh gi√°', 'tr√™n tay', 'review', 'gi√° b√°n', 'gi√° r·∫ª', 'm·ªü h·ªôp', 'v·∫≠t v·ªù studio', 'vvs', 'iphone 15', 'iphone 15 pro max', 'review iphone 15 pro max', 'ƒë√°nh gi√° iphone 15 pro max', 'iphone 15 pro max gi√°', 'gi√° iphone 15 pro max', 'iphone 15 pro', 'apple', 'iphone', 'iphone 15 pro max ra m·∫Øt', 'iphone 15 plus', 'review iphone 15 plus', 'iphone 15 ra m·∫Øt']",249963,2745,601
6,DNu-UCmTVmY,2023-12-06T12:02:37Z,Xiaomi 14 - iPhone 15 - Galaxy S23: Flagship ti√™u chu·∫©n n√†o to√†n di·ªán nh·∫•t?,V·∫≠t V·ªù Studio,"['V·∫≠t v·ªù', 'vatvo', 'vat vo', 'vinh vat vo', 'ƒë√°nh gi√°', 'tr√™n tay', 'review', 'gi√° b√°n', 'gi√° r·∫ª', 'm·ªü h·ªôp', 'gi√° b√°n ƒëi·ªán tho·∫°i', 'v·∫≠t v·ªù studio', 'vvs', 'xiaomi 14', 'review xiaomi 14', 'ƒë√°nh gi√° xiaomi 14', 'xiaomi 14 review', 'iphone 15', 'ƒë√°nh gi√° iphone 15', 'review iphone 15', 'iphone 15 gi√°', 'galaxy s23', 's23 review', 'iphone 15 vs xiaomi 14', 'iphone 15 vs galaxy s23', 'galaxy s23 vs xiaomi 14']",60895,765,270
7,lyhszfWhef8,2023-09-25T07:30:31Z,"So s√°nh iPhone 15 v√† iPhone 14 Pro: Tr√™n 20 tri·ªáu, k√®o c√¢n kh√≥ ch·ªçn!",V·∫≠t V·ªù Studio,"['V·∫≠t v·ªù', 'vatvo', 'vat vo', 'vinh vat vo', 'ƒë√°nh gi√°', 'tr√™n tay', 'review', 'gi√° b√°n', 'gi√° r·∫ª', 'm·ªü h·ªôp', 'v·∫≠t v·ªù studio', 'vvs', 'iphone 15', 'iphone 15 pro max', 'review iphone 15 pro max', 'ƒë√°nh gi√° iphone 15 pro max', 'iphone 15 pro max gi√°', 'gi√° iphone 15 pro max', 'iphone 15 pro', 'apple', 'iphone', 'iphone 15 pro max ra m·∫Øt', 'iphone 15 plus', 'review iphone 15 plus', 'iphone 15 ra m·∫Øt', 'iphone 15 vs iphone 14 pro', 'iphone 14 pro vs iphone 15', 'so s√°nh iphone 15 v√† iphone 14 pro']",82983,674,199
8,DbTti4ev3mo,2023-12-27T13:10:31Z,"Galaxy S23 Ultra, iPhone 15 v√† Xiaomi 13: Reviewer ch·ªçn l√†m m√°y ch√≠nh v√¨ nh·ªØng th·ª© n√†y!",V·∫≠t V·ªù Studio,"['V·∫≠t v·ªù', 'vatvo', 'vat vo', 'vinh vat vo', 'ƒëi·ªán tho·∫°i gi√° r·∫ª', 'ƒë√°nh gi√°', 'tr√™n tay', 'review', 'ƒëi·ªán tho·∫°i trung qu·ªëc', 'gi√° b√°n', 'gi√° r·∫ª', 'm·ªü h·ªôp', 'gi√° b√°n ƒëi·ªán tho·∫°i', 'v·∫≠t v·ªù studio', 'vvs', 'xiaomi 13', 'xiaomi 13 review', 'ƒë√°nh gi√° xiaomi 13', 's23 ultra', 's23 ultra review', 'ƒë√°nh gi√° s23 ultra', 'iphone 15', 'iphone 15 review']",66226,1220,337
9,tLWk2Ngf6bc,2023-09-29T13:04:04Z,Mua iPhone 15 series: Ch·ªçn m√°y n√†o T·ªêT NH·∫§T v√† ƒê√ÅNG TI·ªÄN NH·∫§T?,V·∫≠t V·ªù Studio,"['V·∫≠t v·ªù', 'vatvo', 'vat vo', 'vinh vat vo', 'ƒë√°nh gi√°', 'tr√™n tay', 'review', 'gi√° b√°n', 'gi√° r·∫ª', 'm·ªü h·ªôp', 'v·∫≠t v·ªù studio', 'vvs', 'iphone 15', 'iphone 15 pro max', 'review iphone 15 pro max', 'ƒë√°nh gi√° iphone 15 pro max', 'iphone 15 pro max gi√°', 'gi√° iphone 15 pro max', 'iphone 15 pro', 'apple', 'iphone', 'iphone 15 pro max ra m·∫Øt', 'iphone 15 plus', 'review iphone 15 plus', 'iphone 15 ra m·∫Øt', 'so s√°nh iphone 15', 'iphone 15 ch√≠nh h√£ng', 'iphone 15 pro max titan']",56700,605,129
10,Ovk3-H7JMus,2023-09-16T05:36:05Z,"iPhone 15 ngon th·ª±c s·ª±, h∆°n 4 tri·ªáu m√† kh√°c bi·ªát qu√° l·ªõn v·ªõi iPhone 14",V·∫≠t V·ªù Studio,"['V·∫≠t v·ªù', 'vatvo', 'vat vo', 'vinh vat vo', 'ƒë√°nh gi√°', 'tr√™n tay', 'review', 'gi√° b√°n', 'gi√° r·∫ª', 'm·ªü h·ªôp', 'v·∫≠t v·ªù studio', 'vvs', 'iphone 15', 'iphone 15 pro max', 'review iphone 15 pro max', 'ƒë√°nh gi√° iphone 15 pro max', 'iphone 15 pro max gi√°', 'gi√° iphone 15 pro max', 'iphone 15 pro', 'apple', 'iphone', 'iphone 15 pro max ra m·∫Øt', 'iphone 15 plus', 'review iphone 15 plus', 'iphone 15 ra m·∫Øt']",83290,708,157
11,ypYnlYC7iJo,2023-12-08T11:15:03Z,ƒê√°nh gi√° r·∫•t chi ti·∫øt iPhone 15 : ƒê√ÇY L√Ä NH·ªÆNG ƒêI·ªÇM TR·ª™!,D∆∞∆°ng D√™,"['d∆∞∆°ng d√™', 'ƒëi·ªán tho·∫°i', 'smartphone', 'iphone 15', 'ƒë√°nh gi√° iphone 15', 'ƒë√°nh gi√° chi ti·∫øt iphone 15', 'khen ch√™ r√µ r√†ng iphone 15', '∆∞u ƒëi·ªÉm iphone 15', 'nh∆∞·ª£c ƒëi·ªÉm iphone 15', '∆∞u nh∆∞·ª£c ƒëi·ªÉm iphone 15', 'iphone', 'apple']",40081,494,112
12,5cQZKGJHoys,2023-12-17T13:30:03Z,T∆∞ v·∫•n ƒëi·ªán tho·∫°i: iPhone 15 th∆∞·ªùng b√¢y gi·ªù l√† ƒë√°ng mua nh·∫•t r·ªìi!,D∆∞∆°ng D√™,"['d∆∞∆°ng d√™', 'ƒëi·ªán tho·∫°i', 'smartphone']",27222,336,101
13,1i19BSgSvXo,2023-11-18T07:15:00Z,"iPhone 15 gi√° ƒë√£ qu√° t·ªët, li·ªáu c√≥ ph·∫£i s·ª± l·ª±a ch·ªçn t·ªët nh·∫•t kh√¥ng?",D∆∞∆°ng D√™,"['d∆∞∆°ng d√™', 'ƒëi·ªán tho·∫°i', 'smartphone']",18275,240,67
14,fi37P7Ptp7o,2023-12-19T11:00:29Z,iPhone 15 n√†o ph√π h·ª£p v·ªõi b·∫°n nh·∫•t? C√≥ √≠t ti·ªÅn mua ƒë∆∞·ª£c iPhone 15 kh√¥ng?,D∆∞∆°ng D√™,"['d∆∞∆°ng d√™', 'ƒëi·ªán tho·∫°i', 'smartphone']",25605,266,68
15,8Zi-Kp0gWwE,2023-12-31T12:15:00Z,T∆∞ v·∫•n ƒëi·ªán tho·∫°i: Th√† mua iPhone 15 c√≤n h∆°n iPhone 15 Pro lo·∫°i n√†y,D∆∞∆°ng D√™,"['d∆∞∆°ng d√™', 'ƒëi·ªán tho·∫°i', 'smartphone']",20182,423,75
16,lidQgHD7XAc,2023-09-26T11:15:03Z,M·ªü h·ªôp iPhone 15 : Chi·∫øc ƒëi·ªán tho·∫°i r·∫ª nh·∫•t c·ªßa Apple nƒÉm nay c√≥ kh√°c g√¨,D∆∞∆°ng D√™,"['d∆∞∆°ng d√™', 'ƒëi·ªán tho·∫°i', 'smartphone', 'iphone 15', 'm·ªü h·ªôp iphone 15', 'tr√™n tay iphone 15', 'iphone', 'iphone 15 series']",71291,754,131
17,NMNMgmeVCKA,2023-09-13T01:00:16Z,"iPhone 15 v√† iPhone 15 Plus: USB-C, Camera 48MP, Dynamic Island, gi√° t·ª´ 22,99 tri·ªáu",Tinh t·∫ø,"['Tinhte.vn', 'Tinh t·∫ø', 'tinhte', 'tr√™n tay', 'ƒë√°nh gi√°', 'review', 'c√¥ng ngh·ªá', 'tinh t·∫ø']",22748,222,63
18,dqT91OALNcM,2023-11-02T05:24:56Z,ƒê√°nh gi√° chi ti·∫øt iPhone 15 - Chi·∫øc iPhone ‚Äúth∆∞·ªùng‚Äù t·ªët nh·∫•t nhi·ªÅu nƒÉm tr·ªü l·∫°i ƒë√¢y,ReLab,"['ƒë√°nh gi√° smartphone', 'relab', 'tu·∫•n ng·ªçc', 'review ƒëi·ªán tho·∫°i', 'review smartphone', 'ƒë√°nh gi√° ƒëi·ªán tho·∫°i', 'c√¥ng ngh·ªá', 'th√†nh th·∫≠t th√†', 'phong gi√≥', 'review laptop', 'ƒë√°nh gi√° chi ti·∫øt', 'review smartphone chi ti·∫øt', 'iPhone 15', 'iPhone 15 Plus', 'iPhone 15 Pro Max', 'ƒë√°nh gi√° chi ti·∫øt iPhone 15', 'ƒë√°nh gi√° iPhone 15', 'iPhone 15 series', 'Apple A16 Bionic', 'Apple A16']",19872,261,98
19,ENfx4ROm-AM,2023-10-24T10:58:57Z,"iPhone 15 ch·∫°m m·ªëc 20 tri·ªáu: Mua b√¢y gi·ªù, ch∆∞a ph·∫£i th·ªùi ƒëi·ªÉm th√≠ch h·ª£p?",ReLab,"['ƒë√°nh gi√° smartphone', 'relab', 'tu·∫•n ng·ªçc', 'review ƒëi·ªán tho·∫°i', 'review smartphone', 'ƒë√°nh gi√° ƒëi·ªán tho·∫°i', 'c√¥ng ngh·ªá', 'th√†nh th·∫≠t th√†', 'phong gi√≥', 'review laptop', 'ƒë√°nh gi√° chi ti·∫øt', 'review smartphone chi ti·∫øt', 'apple', 'iphone', 'iphone 15', 'iphone 15 pro max', 'iphone 15 series', 'ƒëi·ªán tho·∫°i 20 tri·ªáu', 'ƒë√°nh gi√° chi ti·∫øt iPhone 15', 'Chi·∫øc iPhone ‚Äúth∆∞·ªùng‚Äù t·ªët nh·∫•t']",12777,154,48
20,sPoW4Ca4AGg,2023-12-13T13:00:44Z,iPhone 14 Plus vs. iPhone 15: V·ª´a TO v·ª´a R·∫∫ h∆°n 2 tri·ªáu c√≥ n√™n ch·ªçn 14 Plus?,ReLab,"['ƒë√°nh gi√° smartphone', 'relab', 'tu·∫•n ng·ªçc', 'review ƒëi·ªán tho·∫°i', 'review smartphone', 'ƒë√°nh gi√° ƒëi·ªán tho·∫°i', 'c√¥ng ngh·ªá', 'th√†nh th·∫≠t th√†', 'phong gi√≥', 'review laptop', 'ƒë√°nh gi√° chi ti·∫øt', 'review smartphone chi ti·∫øt', 'apple', 'iPhone 14', 'iPhone 14 Plus', 'iPhone 15', 'iphone 15 pro max', '14 Plus', 'iphone 14', 'iphone 15 plus', 'iphone 14 pro max', 'flagship', 'ƒëi·ªán tho·∫°i to', 'ios 17', 'ios 17.2']",16649,188,44
21,FcjfQ_Ff0D0,2023-09-13T05:36:04Z,7 ƒëi·ªÅu Apple KH√îNG N√ìI trong s·ª± ki·ªán iPhone 15!!,ReLab,"['ƒë√°nh gi√° smartphone', 'relab', 'tu·∫•n ng·ªçc', 'review ƒëi·ªán tho·∫°i', 'review smartphone', 'ƒë√°nh gi√° ƒëi·ªán tho·∫°i', 'c√¥ng ngh·ªá', 'th√†nh th·∫≠t th√†', 'phong gi√≥', 'review laptop', 'ƒë√°nh gi√° chi ti·∫øt', 'review smartphone chi ti·∫øt', 'Apple', 'iPhone', 'iPhone 15 series', 'iPhone 15', 'iPhone 15 Pro', 'iPhone 15 Plus', 'iPhone 15 Pro Max', 'camera iPhone 15 Pro', 'iPhone 15 Pro Max Periscope', 'm√†n h√¨nh iPhone', 'Dynamic Island', 'Apple A17 Pro']",70844,1044,176
22,1Emky9zB2Lk,2023-09-12T23:05:30Z,T·∫•t t·∫ßn t·∫≠t s·ª± ki·ªán iPhone 15 c·ªßa Apple!!,ReLab,"['ƒë√°nh gi√° smartphone', 'relab', 'tu·∫•n ng·ªçc', 'review ƒëi·ªán tho·∫°i', 'review smartphone', 'ƒë√°nh gi√° ƒëi·ªán tho·∫°i', 'c√¥ng ngh·ªá', 'th√†nh th·∫≠t th√†', 'phong gi√≥', 'review laptop', 'ƒë√°nh gi√° chi ti·∫øt', 'review smartphone chi ti·∫øt', 'wonderlust 2023', 'iPhone 15', 'iPhone 15 Plus', 'iPhone 15 Pro', 'iPhone 15 Pro Max', 'Apple Watch 9', 'Apple Watch Ultra', 'Titanium']",66511,860,160
23,iOhYVGv26H4,2023-08-11T12:23:24Z,"1 th√°ng n·ªØa c√≥ iPhone 15 - 7 c·∫≠p nh·∫≠t t√≠nh nƒÉng M·ªöI NH·∫§T: Pin tr√¢u h∆°n, b·ªô nh·ªõ base cao h∆°n,...",ReLab,"['ƒë√°nh gi√° smartphone', 'relab', 'tu·∫•n ng·ªçc', 'review ƒëi·ªán tho·∫°i', 'review smartphone', 'ƒë√°nh gi√° ƒëi·ªán tho·∫°i', 'c√¥ng ngh·ªá', 'th√†nh th·∫≠t th√†', 'phong gi√≥', 'review laptop', 'ƒë√°nh gi√° chi ti·∫øt', 'review smartphone chi ti·∫øt', 'apple', 'iphone', 'iphone 14', 'iphone 14 pro max', 'iphone 15', 'iphone 15 ultra', 't√≠nh nƒÉng m·ªõi iphone 15', 'ios', 'ios 17']",63004,692,133
24,Vx9JGYsKIn4,2023-11-28T12:33:41Z,Cu·ªëi nƒÉm r·ªìi mua iPhone 14 hay c·ªë l√™n iPhone 15 th√¨ t·ªët h∆°n? ƒê·ª´ng ƒë·ªÉ h·ªëi h·∫≠n,Vinh X√¥,"['vatvo', 'vat vo', 'v·∫≠t v·ªù', 'v·∫≠t', 'v·ªù', 'vinh vat vo', 'vinh v·∫≠t v·ªù', 'vinh x√¥', 'vinh', 'vinh xo', 'vinh review', 'v·∫≠t v·ªù ƒë√°nh gi√°', 'v·∫≠t v·ªù review', 'iphone 15 review', 'ƒë√°nh gi√° iphone 15', 'mua iphone 15', 'gi√° iphone 15', 'iphone 15 m√†u h·ªìng', 'iphone 15 ch√≠nh h√£ng', 'iphone 15 vs iphone 14', 'iphone 14 vs iPhone 15', 'so s√°nh iphone 14 vs iphone 15', 'apple', 'iphone']",62416,819,168
25,HKzXudnyv0g,2023-10-12T12:23:13Z,Vinh X√¥ | ƒê√°nh gi√° iPhone 15: Pin ch·ªâ ƒë·ªß n·ª≠a ng√†y l√† h·∫øt?,Vinh X√¥,"['vatvo', 'vat vo', 'v·∫≠t v·ªù', 'v·∫≠t', 'v·ªù', 'vinh vat vo', 'vinh v·∫≠t v·ªù', 'vinh x√¥', 'vinh', 'vinh xo', 'vinh review', 'ƒë√°nh gi√°', 'tr√™n tay', 'review', 'gi√° b√°n', 'gi√° r·∫ª', 'm·ªü h·ªôp', 'v·∫≠t v·ªù studio', 'vvs', 'iphone 15', 'iphone 15 pro max', 'review iphone 15 pro max', 'ƒë√°nh gi√° iphone 15 pro max', 'iphone 15 pro max gi√°', 'gi√° iphone 15 pro max', 'iphone 15 pro', 'apple', 'iphone', 'iphone 15 pro max ra m·∫Øt']",78684,1182,293
26,HPN8VEW5v5k,2023-09-21T18:16:40Z,9 sai l·∫ßm c·∫ßn tr√°nh khi ch·ªçn mua iPhone 15: ch∆∞a ch·∫Øc Pro Max ƒë√£ ngon nh·∫•t,Vinh X√¥,"['vatvo', 'vat vo', 'v·∫≠t v·ªù', 'v·∫≠t', 'v·ªù', 'vinh vat vo', 'vinh v·∫≠t v·ªù', 'vinh x√¥', 'vinh', 'vinh xo', 'vinh review', 'ƒë√°nh gi√°', 'tr√™n tay', 'review', 'gi√° b√°n', 'gi√° r·∫ª', 'm·ªü h·ªôp', 'v·∫≠t v·ªù studio', 'vvs', 'iphone 15', 'iphone 15 pro max', 'review iphone 15 pro max', 'ƒë√°nh gi√° iphone 15 pro max', 'iphone 15 pro max gi√°', 'gi√° iphone 15 pro max', 'iphone 15 pro', 'apple', 'iphone', 'iphone 15 pro max ra m·∫Øt']",108713,1423,315
27,4oSUyO2rEpE,2023-09-12T23:38:15Z,Nh·ªØng n√¢ng c·∫•p ƒë√°ng gi√° tr√™n iPhone 15 m√† anh em c·∫ßn ph·∫£i bi·∫øt #iphone15 #apple #shorts,Vinh X√¥,"['vatvo', 'vat vo', 'v·∫≠t v·ªù', 'v·∫≠t', 'v·ªù', 'vinh vat vo', 'vinh v·∫≠t v·ªù', 'vinh x√¥', 'vinh', 'vinh xo', 'vinh review', 'v·∫≠t v·ªù ƒë√°nh gi√°', 'v·∫≠t v·ªù review']",153717,3013,108
28,V4XIlGHbrUg,2023-09-28T17:04:27Z,M·ªü h·ªôp iPhone 15 h·ªìng v√† iPhone 15 Pro Max Titan t·ª± nhi√™n v·ª´a m·ªü b√°n t·∫°i Vi·ªát Nam,Vinh X√¥,"['vatvo', 'vat vo', 'v·∫≠t v·ªù', 'v·∫≠t', 'v·ªù', 'vinh vat vo', 'vinh v·∫≠t v·ªù', 'vinh x√¥', 'vinh', 'vinh xo', 'vinh review', 'ƒë√°nh gi√°', 'tr√™n tay', 'review', 'gi√° b√°n', 'gi√° r·∫ª', 'm·ªü h·ªôp', 'v·∫≠t v·ªù studio', 'vvs', 'iphone 15', 'iphone 15 pro max', 'review iphone 15 pro max', 'ƒë√°nh gi√° iphone 15 pro max', 'iphone 15 pro max gi√°', 'gi√° iphone 15 pro max', 'iphone 15 pro', 'apple', 'iphone', 'iphone 15 pro max ra m·∫Øt']",85229,1016,128
29,l3Wd1qLYZgk,2023-12-10T11:00:42Z,"NeÃÇn mua iPhone 15 naÃÄo, hay mua iPhone 14 cho r·∫ª?",Duy Lu√¢n D·ªÖ Th∆∞∆°ng,"['duy lu√¢n', 'tr√™n tay', 'review', 'ƒë√°nh gi√°', 'apple', 'Macbook', 'Ipad', 'Ios', 'Iphone', 'smart home', 'Nh√† th√¥ng minh', 'Data']",32399,496,116
30,N0lI9Tgy0wg,2023-10-03T11:00:16Z,iPhone 15: ƒë√°ng mua nh·∫•t series iPhone nƒÉm nay,Duy Lu√¢n D·ªÖ Th∆∞∆°ng,"['duy lu√¢n', 'tr√™n tay', 'review', 'ƒë√°nh gi√°', 'apple', 'Macbook', 'Ipad', 'Ios', 'Iphone', 'smart home', 'Nh√† th√¥ng minh', 'Data']",75690,816,260
31,j7NmyhMaUIg,2023-09-29T04:42:45Z,Review iPhone 15 v√† iPhone 15 Plus: thay ƒë·ªïi l·ªõn,Duy Lu√¢n D·ªÖ Th∆∞∆°ng,"['duy lu√¢n', 'tr√™n tay', 'review', 'ƒë√°nh gi√°', 'apple', 'Macbook', 'Ipad', 'Ios', 'Iphone', 'smart home', 'Nh√† th√¥ng minh', 'Data']",84803,942,206
32,P1JG7DDIZ5w,2023-09-15T03:00:10Z,iPhone 15 / iPhone 15 Plus thay ƒë·ªïi th·ª±c d·ª•ng h∆°n c·∫£ iPhone 15 Pro,Duy Lu√¢n D·ªÖ Th∆∞∆°ng,"['duy lu√¢n', 'tr√™n tay', 'review', 'ƒë√°nh gi√°', 'apple', 'Macbook', 'Ipad', 'Ios', 'Iphone', 'smart home', 'Nh√† th√¥ng minh', 'Data']",116810,1489,371
33,bJtdr6EW85U,2023-09-17T04:09:47Z,N√™n mua iPhone 15 n√†o? ƒêang x√†i 14 Pro Max c√≥ n√™n l√™n iPhone 15 Pro Max?,Duy Lu√¢n D·ªÖ Th∆∞∆°ng,"['duy lu√¢n', 'tr√™n tay', 'review', 'ƒë√°nh gi√°', 'apple', 'Macbook', 'Ipad', 'Ios', 'Iphone', 'smart home', 'Nh√† th√¥ng minh', 'Data']",195351,1934,522
34,dLL4njZxsC0,2023-10-05T23:00:14Z,"So s√°nh iPhone 15 v√† iPhone 15 Pro, k√© th√™m iPhone 14 Pro: l·ª±a ch·ªçn n√†o cho iPhone c·ª° nh·ªè?",Duy Lu√¢n D·ªÖ Th∆∞∆°ng,"['duy lu√¢n', 'tr√™n tay', 'review', 'ƒë√°nh gi√°', 'apple', 'Macbook', 'Ipad', 'Ios', 'Iphone', 'smart home', 'Nh√† th√¥ng minh', 'Data']",82277,701,198
35,-yZN7nMKieY,2023-11-02T12:34:05Z,iPHONE 15 ƒê√ÅNH GI√Å CHI TI·∫æT: ƒê√ÅNG MUA H∆†N C·∫¢ 15 PRO MAX !??,AnhEm TV,"['c√¥ng ngh·ªá', 'ƒëi·ªán tho·∫°i', 'smartphone', 'PC Gear', 'gaming gear', 'gear', 'm√°y t√≠nh', 'PC', 'Anh Em TV', 'AnhEm TV', 'Anhem', 'AnhEm', 'review', 'ƒë√°nh gi√°']",38837,380,68
36,YzFFLEiwdBk,2023-09-12T05:13:35Z,T·∫§T T·∫¶N T·∫¨T V·ªÄ iPHONE 15 TR∆Ø·ªöC GI·ªú RA M·∫ÆT,AnhEm TV,"['c√¥ng ngh·ªá', 'ƒëi·ªán tho·∫°i', 'smartphone', 'PC Gear', 'gaming gear', 'gear', 'm√°y t√≠nh', 'PC', 'Anh Em TV', 'AnhEm TV', 'Anhem', 'AnhEm', 'review', 'ƒë√°nh gi√°']",29544,353,52
37,8CHIIqhluu0,2023-01-30T12:19:30Z,ƒê√ÇY L√Ä iPHONE 15 !??,AnhEm TV,"['c√¥ng ngh·ªá', 'ƒëi·ªán tho·∫°i', 'smartphone', 'PC Gear', 'gaming gear', 'gear', 'm√°y t√≠nh', 'PC', 'Anh Em TV', 'AnhEm TV', 'Anhem', 'AnhEm', 'review', 'ƒë√°nh gi√°', 'ANHEMTV iPHONE', 'iphone 15 anhemtv', 'anhemtv iPhone 15', 'iphone 15 leak']",247805,3188,199
38,Gmaekhrr0NM,2023-08-30T12:07:33Z,"APPLE CH√çNH TH·ª®C C√îNG B·ªê S·ª∞ KI·ªÜN iPHONE 15, M·ªúI C·∫¢ S·∫æP HUY NL !??",AnhEm TV,"['c√¥ng ngh·ªá', 'ƒëi·ªán tho·∫°i', 'smartphone', 'PC Gear', 'gaming gear', 'gear', 'm√°y t√≠nh', 'PC', 'Anh Em TV', 'AnhEm TV', 'Anhem', 'AnhEm', 'review', 'ƒë√°nh gi√°']",37907,583,62
39,DJ5kvqtQBNA,2023-10-13T12:00:20Z,"ƒê√°nh gi√° iPhone 15 - nh·ªè g·ªçn, n√¢ng c·∫•p nhi·ªÅu th·ª© ƒë√£ ƒë·ªß ‚Äúthuy·∫øt ph·ª•c‚Äù ???",Tony Ph√πng Studio,"['tony ph√πng', 'tonyphung', 'tony phung', 'review', 'smartphone', 'ƒë√°nh gi√°', 'tr√™n tay', 'iPhone', 'iPhone 15', 'ƒë√°nh gi√° iPhone 15', 'review iPhone 15', 'ƒë√°nh gi√° chi ti·∫øt iPhone 15', 'c√≥ n√™n mua iPhone 15']",12637,169,47
40,cc6uHrAtPgE,2023-09-24T12:38:16Z,Chia s·∫ª chi ti·∫øt v·ªÅ iPhone 15 - nhi·ªÅu tr·∫£i nghi·ªám m·ªõi l·∫° h∆°n !!!,Tony Ph√πng Studio,"['tony ph√πng', 'tonyphung', 'tony phung', 'review', 'smartphone', 'ƒë√°nh gi√°', 'tr√™n tay', 'iPhone 15', 'review iPhone 15', 'iPhone 15 c√≥ g√¨ m·ªõi', 'ƒë√°nh gi√° iPhone 15', 'ƒë√°nh gi√° chi ti·∫øt iPhone 15', 'c√≥ n√™n mua iPhone 15', 'n√™n mua iphone 14 hay 15', 'tr·∫£i nghi·ªám iPhone 15', 'b·∫°n c·∫ßn bi·∫øt iPhone 15']",11768,181,47
41,Tq0TxhM_0AQ,2023-10-16T12:43:17Z,C√πng t·∫ßm gi√° th√¨ sao ph·∫£i ch·ªçn iPhone 15 ???,Tony Ph√πng Studio,"['tony ph√πng', 'tonyphung', 'tony phung', 'review', 'smartphone', 'ƒë√°nh gi√°', 'tr√™n tay', 'iPhone 15', 'Galaxy S23 Ultra', 'c√≥ n√™n mua iPhone 15', 'review iPhone 15', 'so s√°nh iPhone 15 vs galaxy s23 ultra']",14288,224,183
42,M6XOyGjqrzA,2023-09-10T13:14:19Z,iPhone 15 v·ªõi b·ªô m√†u n√†y - QU√Å CH√ÅN,ƒêi·ªán Tho·∫°i Vui TV,"['ƒëi·ªán tho·∫°i vui', 'ƒëi·ªán tho·∫°i vui tv', 'ƒêi·ªánTho·∫°iVuiTV', 'C·∫≠p nh·∫≠t iOS', 'L·ªói iOS', 'M·∫πo & Th·ªß Thu·∫≠t iOS', 'Apple News', 'HGDN| H·ªèi g√¨ ƒë√°p n·∫•y', 'Apple iPhone', 'iPhone', 'dtv tv', 'dtvtv']",656,20,1
43,XKxVkHpRm6w,2023-02-15T12:46:34Z,"iPhone 15 Series l·ªô to√†n b·ªô c·∫•u h√¨nh - USB-C nh∆∞ng c≈©ng c√≥ ""this"" c√≥ ""that""",ƒêi·ªán Tho·∫°i Vui TV,"['ƒëi·ªán tho·∫°i vui', 'ƒëi·ªán tho·∫°i vui tv', 'ƒêi·ªánTho·∫°iVuiTV', 'C·∫≠p nh·∫≠t iOS', 'L·ªói iOS', 'M·∫πo & Th·ªß Thu·∫≠t iOS', 'Apple News', 'HGDN| H·ªèi g√¨ ƒë√°p n·∫•y', 'Apple iPhone', 'iPhone', 'dtv tv', 'dtvtv']",16670,137,12
44,Baj88TDmT1U,2023-09-24T11:19:20Z,"iPhone 15, iPhone 15+ NƒÉm Nay Qu√° Ngon!!! Ti·∫øc Cho Anh Em V·ª´a L√™n ƒê·ªùi iPhone 14",ƒêi·ªán Tho·∫°i Vui TV,"['ƒëi·ªán tho·∫°i vui', 'ƒëi·ªán tho·∫°i vui tv', 'ƒêi·ªánTho·∫°iVuiTV', 'C·∫≠p nh·∫≠t iOS', 'L·ªói iOS', 'M·∫πo & Th·ªß Thu·∫≠t iOS', 'Apple News', 'HGDN| H·ªèi g√¨ ƒë√°p n·∫•y', 'Apple iPhone', 'iPhone', 'dtv tv', 'dtvtv']",1362,31,5
45,k0eKFRVM9pg,2023-07-16T06:26:54Z,"TR·ªåN B·ªò iPhone 15 Series DUMMY: Ch·ªët h·∫° thi·∫øt k·∫ø, iPhone 15 v·∫´n d√πng tai th·ªè ???",ƒêi·ªán Tho·∫°i Vui TV,"['ƒëi·ªán tho·∫°i vui', 'ƒëi·ªán tho·∫°i vui tv', 'ƒêi·ªánTho·∫°iVuiTV', 'C·∫≠p nh·∫≠t iOS', 'L·ªói iOS', 'M·∫πo & Th·ªß Thu·∫≠t iOS', 'Apple News', 'HGDN| H·ªèi g√¨ ƒë√°p n·∫•y', 'Apple iPhone', 'iPhone', 'dtv tv', 'dtvtv']",3492,43,6
46,md-3zZOkd6g,2023-07-01T13:55:18Z,"iPhone 15 Series d√πng ·ªëp kh√°c ho√†n to√†n, gi√° s·∫Ω tƒÉng kho·∫£ng $100",ƒêi·ªán Tho·∫°i Vui TV,"['ƒëi·ªán tho·∫°i vui', 'ƒëi·ªán tho·∫°i vui tv', 'ƒêi·ªánTho·∫°iVuiTV', 'C·∫≠p nh·∫≠t iOS', 'L·ªói iOS', 'M·∫πo & Th·ªß Thu·∫≠t iOS', 'Apple News', 'HGDN| H·ªèi g√¨ ƒë√°p n·∫•y', 'Apple iPhone', 'iPhone', 'dtv tv', 'dtvtv']",1756,33,3
