,Id,Date published,Title,Channel title,View count,Like count,Comments count
0,iWHPniNYpFM,2023-10-04T13:07:45Z,SO S√ÅNH iPHONE 15 PRO MAX VS iPHONE 14 PRO MAX: C√ì ƒê√ÅNG N√ÇNG C·∫§P???,Duy Th·∫©m,385780,3217,359
1,Psr5on0jTUg,2023-09-12T22:45:46Z,"TR√äN TAY iPHONE 15 PRO MAX TR·ª∞C TI·∫æP T·ª™ APPLE PARK üá∫üá∏üá∫üá∏: USB-C, KHUNG TITAN SI√äU B·ªÄN",Duy Th·∫©m,411314,4915,460
2,ckrx80ZK8DI,2023-09-27T01:22:39Z,ƒê·∫≠p h·ªôp iPhone 15 Pro Max Natural Titan Ch√≠nh H√£ng VN/A 1TB!! - M√ÄU ƒê·∫∏P TH·ª∞C S·ª∞:)),Duy Th·∫©m,252862,3309,236
3,2omsW5GEf-E,2023-11-07T12:07:02Z,"UNBOX G·∫¶N 700 TRI·ªÜU TI·ªÄN iPHONE 15 PRO MAX: M·∫† V√ÄNG, FULL TITAN...",Duy Th·∫©m,180157,1887,100
4,UYXz1j0RUWQ,2023-11-06T12:15:08Z,ƒê√°nh gi√° chi ti·∫øt iPhone 15 Pro Max | V·∫≠t V·ªù Studio,V·∫≠t V·ªù Studio,188202,2891,414
5,w5km0UaXuzY,2023-09-12T21:22:21Z,Tr√™n tay iPhone 15 Pro Max: iPhone ƒë·∫Øt nh·∫•t t·ª´ 35 tri·ªáu ƒë√£ c√≥ USB-C 3,V·∫≠t V·ªù Studio,415720,4331,741
6,vkulQKrJ3G4,2023-09-22T03:52:38Z,"C·∫£m nh·∫≠n th·ª±c t·∫ø iPhone 15 Pro Max m√†u Titan t·ª± nhi√™n: Nh·∫π qu√°, M√†u ƒë·∫πp qu√°!",V·∫≠t V·ªù Studio,277893,3115,537
7,0o53NKhxKXA,2023-09-22T05:49:59Z,iPhone 15 Pro Max m√†u Titan t·ª± nhi√™n n√†y qu√° ƒë·∫πp!,V·∫≠t V·ªù Studio,157585,3629,111
8,gLZ_LRdjp4c,2023-10-03T04:55:46Z,So s√°nh iPhone 15 Pro Max v√† Galaxy S23 Ultra: Camera nhi·ªÅu kh√°c bi·ªát!,V·∫≠t V·ªù Studio,175985,1581,394
9,2SARadas0iI,2023-09-23T02:38:13Z,6 gi·ªù d√πng Action Button tr√™n iPhone 15 Pro Max: Ch√°n!,V·∫≠t V·ªù Studio,112713,1566,449
10,EvRIWgVC4BI,2023-09-28T13:28:21Z,So s√°nh iPhone 15 Pro Max v√† iPhone 14 Pro Max: ƒê·ª´ng m·∫Øc sai l·∫ßm khi mua!,V·∫≠t V·ªù Studio,144662,1588,359
11,OUyQ_9OofOM,2023-09-22T08:00:20Z,iPhone 15 Pro Max th·ªã tr∆∞·ªùng Ch·ª£ ƒëen ƒë√£ l√™n 50 tri·ªáu!,V·∫≠t V·ªù Studio,54562,1087,46
12,S2pzNb8fCx8,2023-10-16T04:26:21Z,So s√°nh iPhone 15 Pro Max - 14 Pro Max - 13 Pro Max - 12 Pro Max: Kh√°c bi·ªát √≠t nh∆∞ng ƒë√°ng ti·ªÅn!,V·∫≠t V·ªù Studio,242365,1986,380
13,uTu-iqRIij4,2023-11-25T03:15:01Z,ƒê√°nh gi√° iPhone 15 Pro Max sau 2 th√°ng b√¢y gi·ªù nh∆∞ th·∫ø n√†o?,D∆∞∆°ng D√™,117471,981,208
14,O1AHwGw1qOA,2023-12-02T12:15:01Z,T∆∞ v·∫•n ƒëi·ªán tho·∫°i: iPhone 15 Pro Max l∆∞·ªõt ch·ªâ ngang gi√° iPhone 14 Pro max,D∆∞∆°ng D√™,24139,314,109
15,O5rhY_vwl7k,2023-09-22T04:55:48Z,Tr√™n tay iPhone 15 Pro Max SI√äU M·∫†NH NH∆ØNG NHI·ªÄU KH√ÅC BI·ªÜT KH√îNG NH√åN TH·∫§Y,D∆∞∆°ng D√™,57627,878,150
16,A9A2qPfahgM,2023-12-06T11:15:00Z,Speedtest iPhone 15 Pro Max vs Red Magic 9 Pro:  L·ªäCH S·ª¨ ƒê√É THAY ƒê·ªîI?,D∆∞∆°ng D√™,26400,422,298
17,que4rVYbXno,2023-10-26T03:15:01Z,So s√°nh iPhone 15 Pro Max vs Galaxy Z Fold 5 : B·∫∞NG TI·ªÄN CH·ªåN M√ÅY N√ÄO?,D∆∞∆°ng D√™,17070,196,129
18,EoGVnOOtQgg,2023-12-28T07:16:14Z,Speedtest iPhone 15 Pro Max vs vivo iQOO 12: B·ªä L·∫¨T K√àO R·ªíI SAO?,D∆∞∆°ng D√™,9316,156,70
19,vGPpzthnLEc,2023-09-13T11:15:07Z,iPhone 15 Pro Max gi√° n√†y ƒë·∫Øt hay r·∫ª?,D∆∞∆°ng D√™,75471,841,215
20,Y9N_6Q--SLA,2023-09-25T06:30:10Z,Speedtest iPhone 15 Pro Max vs Galaxy S23 Ultra: B·∫§T NG·ªú TH·∫¨T S·ª∞,D∆∞∆°ng D√™,119336,955,467
21,xw3EJQ79MCU,2023-09-22T13:22:46Z,M·ªü h·ªôp iPhone 15 Pro Max,Tinh t·∫ø,66322,589,78
22,-e-TV_2zYwY,2023-10-26T12:00:00Z,R√°ng x√†i iPhone 15 Pro Max 2 tu·∫ßn nh∆∞ng v·∫´n ph·∫£i v·ªÅ 15 Pro v√† ƒë√¢y l√† l√Ω do,Tinh t·∫ø,28954,290,109
23,h45IYOha-vs,2023-09-19T14:00:36Z,ƒê·ª´ng l·∫ßm t∆∞·ªüng iPhone 15 Pro Max camera x·ªãn h∆°n 15 Pro,Tinh t·∫ø,17179,174,60
24,WbaB1uuhujo,2023-10-24T14:00:20Z,So s√°nh nhanh camera iPhone 15 Pro Max v√† Galaxy S23 Ultra,Tinh t·∫ø,10890,154,93
25,qQfASMcAse8,2023-09-29T13:34:50Z,M·ªü h·ªôp iPhone 15 Pro Max m√†u tr·∫Øng ch√≠nh h√£ng VN/A,Tinh t·∫ø,39129,341,66
26,8W70XqjOxWs,2023-12-18T11:30:04Z,"iPhone 15 Pro Max c·ªßa Th√†nh sau 2 th√°ng li√™n t·ª•c d√≠nh Panic Full, c√≥ nguy c∆° kh√¥ng ƒë∆∞·ª£c b·∫£o h√†nh!",ReLab,44638,845,397
27,-DMeScAqRGo,2023-10-20T05:00:53Z,iPhone 15 Pro Max vs. iPhone 14 Pro Max - 5 N√ÇNG C·∫§P cho 10 tri·ªáu c√≥ X·ª®NG ƒê√ÅNG?,ReLab,24805,321,99
28,2_JVdjWemtc,2023-09-12T22:34:03Z,"Tr√™n tay iPhone 15 Pro Max & iPhone 15 Pro: Nh·∫π, ch·∫Øc ch·∫Øn, m·∫°nh!",ReLab,122226,1102,180
29,lnjUnidYfKE,2023-10-06T12:00:42Z,iPhone 15 Pro Max sau 1 tu·∫ßn ra m·∫Øt: ‚ÄúT√°i ƒë·ªãnh nghƒ©a‚Äù iPhone d√≤ng Pro?,ReLab,15847,205,43
30,brSTUVnAPbs,2023-08-12T05:18:17Z,TOP iPhone Pro Max t·ªët nh·∫•t tr∆∞·ªõc khi iPhone 15 Pro Max ra m·∫Øt: Mua m√°y n√†o kh√¥ng... h·ªõ?,ReLab,53482,486,116
31,nJOEn3gygDE,2023-11-07T07:55:44Z,iPhone 15 Pro Max Carbon si√™u nh·∫π; Bi·∫øn th·ªÉ full titan ƒë·∫ßu ti√™n tr√™n th·∫ø gi·ªõi: Ng∆∞·ªùi Vi·ªát l√†m ra!,ReLab,16203,307,73
32,DN-2G7eGt_g,2023-10-08T11:59:36Z,ƒê√°nh gi√° iPhone 15 Pro Max VNA sau 1 tu·∫ßn: 5 N√ÇNG C·∫§P - ai th·ª±c s·ª± ph√π h·ª£p?,ReLab,18563,226,74
33,vkiHrhkiadE,2023-12-08T12:59:20Z,Ch∆∞a nƒÉm n√†o nh∆∞ 2023: 5 m·∫´u iPhone 15 Pro Max Lock M·ªπ ƒê·ªò SIM kh√¥ng gi·ªëng ai!,ReLab,8306,189,28
34,aBNBy7bMqLI,2023-10-07T13:09:19Z,ƒê√°nh gi√° iPhone 15 Pro Max sau 1 tu·∫ßn: Ai th·∫≠t s·ª± c·∫ßn chi·∫øc m√°y n√†y?,Vinh X√¥,208475,1844,387
35,gjz-Uh1QRwY,2023-09-15T04:43:14Z,Vinh X√¥ | L√Ω do ƒë·ªÉ l√™n ƒë·ªùi iPhone 15 Pro Max n·∫øu ƒëang d√πng 14 Pro Max,Vinh X√¥,160472,1472,533
36,qMwcbJp8hXA,2023-10-18T12:46:17Z,So s√°nh chi ti·∫øt iPhone 15 Pro Max v√† iPhone 14 Pro Max: 5 kh√°c bi·ªát quan tr·ªçng ·ªü ƒë√¢y!,Vinh X√¥,140786,1178,197
37,8jCg0b8xHUk,2023-10-28T13:02:19Z,iPhone 15 Pro Max Titan t·ª± nhi√™n ch·ªâ 24 tri·ªáu: m√¨nh n√≥i KH√îNG c√≤n b·∫°n th√¨ sao?,Vinh X√¥,54414,577,142
38,dL8VAft6WRQ,2023-09-25T05:55:14Z,S·ª± th·∫≠t v·ªÅ Titanium tr√™n iPhone 15 Pro Max: ƒë·ªô d√†y Titanium ƒë∆∞·ª£c bao nhi√™u?,Vinh X√¥,195261,2512,577
39,VkJZXnUCkEg,2023-11-15T11:47:54Z,"T·∫°m bi·ªát iPhone 15 Pro Max, t·ª´ nay t√¥i s·∫Ω quay review b·∫±ng m√°y n√†y: DJI Osmo Pocket 3",Vinh X√¥,59197,894,223
40,oV1NyJdkaQo,2023-11-04T13:18:40Z,"1 ng√†y d√πng th·ª±c t·∫ø iPhone 15 Pro Max: pin qu√° kho·∫ª, v·∫´n gi·∫£m s√°ng m√†n h√¨nh?",Vinh X√¥,67378,836,223
41,TgndsCjb1fQ,2023-09-30T23:16:52Z,Review iPhone 15 Pro Max: thay ƒë·ªïi nh·ªè (hay l·ªõn)?,Duy Lu√¢n D·ªÖ Th∆∞∆°ng,126226,1396,200
42,bJtdr6EW85U,2023-09-17T04:09:47Z,N√™n mua iPhone 15 n√†o? ƒêang x√†i 14 Pro Max c√≥ n√™n l√™n iPhone 15 Pro Max?,Duy Lu√¢n D·ªÖ Th∆∞∆°ng,195351,1934,522
43,PhUtrPElKZo,2023-09-28T03:00:13Z,iPhone 15 Pro Max vs iPhone 15 Plus: l·ªách 9 tri·ªáu ph·∫£i hi sinh g√¨? Kh√¥ng nh·∫•t thi·∫øt ph·∫£i l√† Pro Max,Duy Lu√¢n D·ªÖ Th∆∞∆°ng,132241,1383,444
44,sTxx-bawbd0,2023-10-18T11:00:51Z,So s√°nh Pixel 8 Pro vs iPhone 15 Pro Max: kh√¥ng nh∆∞ b·∫°n nghƒ©!,Duy Lu√¢n D·ªÖ Th∆∞∆°ng,37202,542,132
45,jIGhN4GpCgQ,2023-10-04T02:00:15Z,"Review iPhone 15 Pro Max, c√≥ n√™n l√™n ƒë·ªùi t·ª´ iPhone 13, 14 Pro Max kh√¥ng?",Duy Lu√¢n D·ªÖ Th∆∞∆°ng,4833,51,6
46,Ca4fRLn5SHs,2023-10-08T11:54:42Z,Test camera iPhone 15 Pro Max qua 1 chuy·∫øn ƒëi H√† N·ªôi,Duy Lu√¢n D·ªÖ Th∆∞∆°ng,21814,470,93
47,7SxwYnaotgc,2023-09-30T00:08:28Z,So s√°nh iPhone 15 Pro Max vs iPhone 13 v√† 14 Pro Max: nƒÉm nay l√™n ch∆∞a?,Duy Lu√¢n D·ªÖ Th∆∞∆°ng,151826,1172,321
48,1LbE6SJ4EI4,2023-09-27T12:30:02Z,REVIEW iPHONE 15 PRO MAX SAU 24h: CAMERA QU√Å B√Å ƒê·∫†O,AnhEm TV,207592,2561,367
49,MjO4Kz58rPQ,2023-10-01T12:30:09Z,ƒê√ÅNH GI√Å HI·ªÜU NƒÇNG iPHONE 15 PRO MAX - QU√Å N√ìNG !??,AnhEm TV,69895,1449,213
50,9jVLmgghAgM,2023-09-29T04:34:24Z,C√ôNG SCHANNEL ƒêI MUA iPHONE 15 PRO MAX NG√ÄY M·ªû B√ÅN !!!,AnhEm TV,90006,1660,66
51,1LSGEzu3a2M,2023-05-05T12:44:17Z,iPHONE 15 PRO MAX V·ªöI M√ÄU M·ªöI SI√äUUU N√âT !!!!,AnhEm TV,156991,1748,208
52,AdM1J7V3DO0,2023-10-04T12:21:59Z,TH·ª®C ƒê√äM TEST PIN iPHONE 15 PRO MAX vs iPHONE 14 PRO MAX,AnhEm TV,111147,1730,224
53,wGNxtwrWcTo,2023-11-08T12:30:15Z,"TR√äN TAY iPHONE 15 PRO MAX FULL TITAN, V√ÄNG 24K: 150 TRI·ªÜU !!!",AnhEm TV,3338,87,8
54,aj3_YgnH4S8,2023-10-13T04:23:32Z,C√ì TH·ª¨ D√ÅN SEAL iPHONE 15 PRO MAX FAKE NH∆Ø TH·∫¨T CH·ªà 50K,AnhEm TV,10351,173,19
55,k5J_3KEgip4,2023-10-31T13:03:07Z,TEST TH·ª¨ GAME AAA TR√äN iPHONE 15 PRO MAX: SI√äU M∆Ø·ª¢T !??,AnhEm TV,21197,421,110
56,MqJDIZeCXFc,2023-12-16T12:30:24Z,Mua iPhone 15 Pro Max l√∫c n√†y c√≥ OK kh√¥ng ???,Tony Ph√πng Studio,18463,254,84
57,d78kwLJhbFo,2024-01-03T12:01:00Z,"Mua iPhone 15 Pro Max tr∆∞·ªõc T·∫øt gi√° n√†y ƒë√£ ""h·ªùi"" ch∆∞a???",Tony Ph√πng Studio,10028,163,47
58,BikktTq_ZJ0,2023-11-29T12:00:13Z,C√°ch khai th√°c h·∫øt s·ª©c m·∫°nh c·ªßa iPhone 15 Pro Max !!!,Tony Ph√πng Studio,15349,261,39
59,UIb5Dq-bN9Y,2023-11-03T12:00:24Z,"iPhone 15 Pro Max - D√πng ƒë·ªß r·ªìi, ƒë√°nh gi√° chi ti·∫øt th√¥i !!!",Tony Ph√πng Studio,38630,497,100
60,g1ueYL_3n28,2023-10-02T11:45:02Z,iPhone 15 Pro Max ƒë√°ng l·ª±a ch·ªçn nh·∫•t d√π gi√° r·∫•t cao ???,Tony Ph√πng Studio,19919,270,81
61,YbXm1s8JoqM,2023-09-28T11:00:32Z,Review iPhone 15 Pro Max sau 3 ng√†y tr·∫£i nghi·ªám - ƒê·ª£i m√°y ch√≠nh h√£ng th√¥i !!!,Tony Ph√πng Studio,56640,561,193
62,vzjyfmSGdGQ,2023-09-16T12:00:59Z,"Cu·ªëi nƒÉm nay, iPhone 15 Pro Max kh√¥ng c√≥ ƒë·ªëi th·ªß !!!",Tony Ph√πng Studio,22013,383,182
63,lds9aHhRlUk,2023-10-11T12:30:34Z,So s√°nh iPhone 15 Pro Max v√† Galaxy S23 Ultra !!!,Tony Ph√πng Studio,46314,536,214
64,uKp62yNP-9E,2023-12-07T12:00:49Z,So saÃÅnh iPhone 15 Pro Max v√† Xiaomi 14 Pro !!!,Tony Ph√πng Studio,13677,256,68
65,vFFD022ZrNo,2023-10-31T12:00:48Z,B√¢y gi·ªù kh√¥ng mua iPhone 15 Pro Max th√¨ bi·∫øt mua g√¨ ???,Tony Ph√πng Studio,9430,136,59
66,0Clv7o4zrso,2023-11-11T12:36:55Z,iPhone 15 Pro Max FULL TITANIUM - Ch·∫•t h∆°n c·∫£ Apple,ƒêi·ªán Tho·∫°i Vui TV,707,22,2
