Name,Brand,Quantity,Reviews count,Price,Crawl date,Màu,Shop name,Shop rating,Shop rating count,Dung lượng pin,Bluetooth,Thương hiệu,Xuất xứ thương hiệu,Chip đồ họa (GPU),Chip set,Kết nối khác,Tốc độ CPU,Kích thước,Loại/ Công nghệ màn hình,Ghi âm,GPS,Hỗ trợ 5G,Phụ kiện đi kèm,Model,Jack tai nghe,Bộ nhớ khả dụng,Số sim,Loại pin,Loại Sim,Lưu ý,Nhà sản xuất,Chất liệu,Xuất xứ (Made in),Cổng sạc,Trọng lượng sản phẩm,Độ phân giải,Kích thước màn hình,Wifi,Sản phẩm có được bảo hành không?,Có thuế VAT,Hình thức bảo hành,Thời gian bảo hành,Describe,Cấu hình,Hỗ trợ thẻ nhớ ngoài,Chức năng khác,Hỗ trợ thẻ tối đa
Điện Thoại Samsung Galaxy S24 Ultra (12GB/256GB) - Hàng Chính Hãng,Samsung,0,0,27.190.000,2024-02-04,"Tím Titan, Vàng Titan, Xám Titan, Đen Titan",Antam Trading,4.5,2.6k+,5000 mAh,"5.3, A2DP, LE",Samsung,Hàn Quốc,Adreno 750,Snapdragon 8 Gen 3 for Galaxy,NFC,Octa-core (1x3.3 GHz Cortex-X4 & 5x3.2 GHz Cortex-A720 & 2x2.3 GHz Cortex-A520),Dài 162.3 mm - Ngang 79 mm - Dày 8.6 mm,Dynamic AMOLED 2X,Có,Có,Có,"Bộ sản phẩm gồm: Cáp Type C, Cây lấy sim, Hộp, Sách hướng dẫn",SM-S928BZTQXXV,Type-C,229 GB,1 Nano SIM & 1 eSIM,Li-Ion,1 Nano SIM & 1 eSIM,"Sản phẩm được bán bởi Antam Trading là hàng mới 100%, mới được kích hoạt bảo hành điện tử, nguyên seal chưa khui hộp, được phân phối chính hãng tại Việt Nam, có đầy đủ tem nhãn phụ của nhà phân phối theo quy định. Bảo hành 12 tháng kể từ ngày nhận tại TTBH Samsung hoặc Antam Trading.",Samsung,Khung Titan & Mặt lưng kính cường lực,Việt Nam,Type-C,232 g,2K+ (1440 x 3120 Pixels),6.8 inch,	 Wi-Fi MIMO  Wi-Fi Direct  Wi-Fi hotspot  Dual-band (2.4 GHz/5 GHz)  Wi-Fi 802.11 a/b/g/n/ac/ax,Có,Không,Điện tử,12,"Mô tả sản phẩm










Giá sản phẩm trên Tiki đã bao gồm thuế theo luật hiện hành. Bên cạnh đó, tuỳ vào loại sản phẩm, hình thức và địa chỉ giao hàng mà có thể phát sinh thêm chi phí khác như phí vận chuyển, phụ phí hàng cồng kềnh, thuế nhập khẩu (đối với đơn hàng giao từ nước ngoài có giá trị trên 1 triệu đồng).....Xem thêm",,,,
Điện Thoại Samsung Galaxy S24 Ultra (12GB/256GB) - Hàng Chính Hãng,Samsung,0,0,27.190.000,2024-02-11,"Tím Titan, Vàng Titan, Xám Titan, Đen Titan",Antam Trading,4.5,2.6k+,5000 mAh,"5.3, A2DP, LE",Samsung,Hàn Quốc,Adreno 750,Snapdragon 8 Gen 3 for Galaxy,NFC,Octa-core (1x3.3 GHz Cortex-X4 & 5x3.2 GHz Cortex-A720 & 2x2.3 GHz Cortex-A520),Dài 162.3 mm - Ngang 79 mm - Dày 8.6 mm,Dynamic AMOLED 2X,Có,Có,Có,"Bộ sản phẩm gồm: Cáp Type C, Cây lấy sim, Hộp, Sách hướng dẫn",SM-S928BZTQXXV,Type-C,229 GB,1 Nano SIM & 1 eSIM,Li-Ion,1 Nano SIM & 1 eSIM,"Sản phẩm được bán bởi Antam Trading là hàng mới 100%, mới được kích hoạt bảo hành điện tử, nguyên seal chưa khui hộp, được phân phối chính hãng tại Việt Nam, có đầy đủ tem nhãn phụ của nhà phân phối theo quy định. Bảo hành 12 tháng kể từ ngày nhận tại TTBH Samsung hoặc Antam Trading.",Samsung,Khung Titan & Mặt lưng kính cường lực,Việt Nam,Type-C,232 g,2K+ (1440 x 3120 Pixels),6.8 inch,	 Wi-Fi MIMO  Wi-Fi Direct  Wi-Fi hotspot  Dual-band (2.4 GHz/5 GHz)  Wi-Fi 802.11 a/b/g/n/ac/ax,Có,Không,Điện tử,12,"Mô tả sản phẩm










Giá sản phẩm trên Tiki đã bao gồm thuế theo luật hiện hành. Bên cạnh đó, tuỳ vào loại sản phẩm, hình thức và địa chỉ giao hàng mà có thể phát sinh thêm chi phí khác như phí vận chuyển, phụ phí hàng cồng kềnh, thuế nhập khẩu (đối với đơn hàng giao từ nước ngoài có giá trị trên 1 triệu đồng).....Xem thêm",,,,
Điện Thoại Samsung Galaxy S24 Ultra (12GB/256GB) - Hàng Chính Hãng,Samsung,0,0,27.190.000,2024-02-21,"Tím Titan, Vàng Titan, Xám Titan, Đen Titan",Antam Trading,4.5,2.6k+,5000 mAh,"5.3, A2DP, LE",Samsung,Hàn Quốc,Adreno 750,Snapdragon 8 Gen 3 for Galaxy,NFC,Octa-core (1x3.3 GHz Cortex-X4 & 5x3.2 GHz Cortex-A720 & 2x2.3 GHz Cortex-A520),Dài 162.3 mm - Ngang 79 mm - Dày 8.6 mm,Dynamic AMOLED 2X,Có,Có,Có,"Bộ sản phẩm gồm: Cáp Type C, Cây lấy sim, Hộp, Sách hướng dẫn",SM-S928BZTQXXV,Type-C,229 GB,1 Nano SIM & 1 eSIM,Li-Ion,1 Nano SIM & 1 eSIM,"Sản phẩm được bán bởi Antam Trading là hàng mới 100%, mới được kích hoạt bảo hành điện tử, nguyên seal chưa khui hộp, được phân phối chính hãng tại Việt Nam, có đầy đủ tem nhãn phụ của nhà phân phối theo quy định. Bảo hành 12 tháng kể từ ngày nhận tại TTBH Samsung hoặc Antam Trading.",Samsung,Khung Titan & Mặt lưng kính cường lực,Việt Nam,Type-C,232 g,2K+ (1440 x 3120 Pixels),6.8 inch,	 Wi-Fi MIMO  Wi-Fi Direct  Wi-Fi hotspot  Dual-band (2.4 GHz/5 GHz)  Wi-Fi 802.11 a/b/g/n/ac/ax,Có,Không,Điện tử,12,"Mô tả sản phẩm










Giá sản phẩm trên Tiki đã bao gồm thuế theo luật hiện hành. Bên cạnh đó, tuỳ vào loại sản phẩm, hình thức và địa chỉ giao hàng mà có thể phát sinh thêm chi phí khác như phí vận chuyển, phụ phí hàng cồng kềnh, thuế nhập khẩu (đối với đơn hàng giao từ nước ngoài có giá trị trên 1 triệu đồng).....Xem thêm",,,,
Điện thoại Samsung Galaxy S24 Ultra - Hàng chính hãng,Samsung,0,0,27.225.000,2024-02-21,"Tím, Vàng, Xám, Đen",HAPPY PHONE,4.8,2.8k+,,Có,Samsung,,,Snapdragon 8 Gen 3 for Galaxy,NFC,Đang cập nhật,Dài 162.3 mm - Ngang 79 mm - Dày 8.6 mm - Nặng 232 g,Dynamic AMOLED 2X,,,,Cáp sạc - que lấy sim - sách hướng dẫn,SM-S928B/DS,Type C,229 GB,2,Li-Ion,Nano Sim và eSim,,,Khung Titan & Mặt lưng kính cường lực,Việt Nam,Type C,232 g, 2K+ (1440 x 3088 Pixels),6.8 inch,Có,Có,Có,Điện tử,12,"Mô tả sản phẩmThiết kế lịch lãm và sử dụng chất liệu Titanium mới
Samsung Galaxy S24 Ultra, là phiên bản mới nhất của dòng sản phẩm nổi tiếng, tiếp tục thể hiện vẻ đẹp đẳng cấp và sự hiện đại trong thiết kế. Với việc giữ nguyên nét đẹp của thế hệ tiền nhiệm, điện thoại này một lần nữa khẳng định vị thế của mình trong thị trường di động.
Kiểu dáng của Galaxy S24 Ultra vẫn tiếp tục với thiết kế vuông vức, đẹp mắt với 4 góc bo cong gần như 90 độ giúp tạo nên một tổng thể hiện đại và cuốn hút. Nâng cấp về chất liệu cũng là một điểm đáng chú ý khi bộ khung của điện thoại sử dụng Titanium, được kết hợp với hợp kim khác để gia tăng độ bền.
Trong giai đoạn đầu của năm 2023 hoặc năm 2024, Titanium trở thành một chất liệu được đánh giá cao và thường xuất hiện trên các dòng điện thoại cao cấp. Điều này ngầm khẳng định rằng Samsung đặc biệt chú trọng vào việc nâng cấp độ bền của thiết bị, đồng thời đảm bảo rằng người dùng có thể sử dụng điện thoại trong thời gian dài mà không phải lo lắng về bị hư hỏng nhiều.
Phần khung này được làm hơi cong, mang lại cảm giác cầm nắm thoải mái và chắc chắn. Kết hợp cùng với đó là mặt lưng kính nhám, nó không chỉ tăng tính thẩm mỹ mà còn đảm bảo độ bền và sang trọng, tạo nên một tổng thể đẳng cấp và lịch lãm.
Phần hệ thống camera của Galaxy S24 Ultra tiếp tục ấn tượng với cụm 4 cảm biến và 1 đèn LED được sắp xếp một cách độc lập. Đây là một kiểu bố trí camera mà người hâm mộ Samsung đã quá quen thuộc, giúp  giữ vẻ tối giản trong khi vẫn giữ được sự hiện đại và sang trọng. Tổng thể, thiết kế của điện thoại hướng đến đối tượng khách hàng là doanh nhân hoặc những người yêu thích sự lịch lãm và mạnh mẽ.
Điều đặc biệt là sự đa dạng về màu sắc, khiến cho người dùng có thêm nhiều lựa chọn để tìm kiếm phong cách riêng của mình. Lần ra mắt này, điện thoại được giới thiệu 4 phiên bản màu sắc khá thú vị, cụ thể như: Galaxy S24 Ultra có màu Xám Titan, Đen Titan, Tím Titan và Vàng Titan. Trong đó, Galaxy S24 Ultra có màu Xám Titan, Đen Titan, Tím Titan và Vàng Titan sẽ được bán tại 
 
Một điểm đặc biệt độc đáo của Galaxy S24 Ultra chính là tích hợp bút S-Pen, làm tăng cường sự tiện ích và tính linh hoạt của chiếc điện thoại. Bút S-Pen không chỉ giúp người dùng viết và vẽ một cách tự nhiên, mà còn mang lại nhiều tính năng sáng tạo. Tính năng Air Command cho phép người dùng dễ dàng truy cập các công cụ quan trọng từ bút, từ việc tạo ghi chú nhanh đến chỉnh sửa ảnh và vẽ.
Với khả năng nhận diện áp lực và nhiều cấp độ độ nhạy, bút S-Pen trên S24 Ultra không chỉ là công cụ hữu ích mà còn là nguồn cảm hứng cho sự sáng tạo của người dùng. Dù bạn là người thích nghiên cứu hay đơn giản là muốn ghi chú nhanh, tích hợp của bút S-Pen đưa trải nghiệm sử dụng smartphone lên một tầm cao mới.
Màn hình lớn kết hợp cùng độ phân giải Quad HD+
Galaxy S24 Ultra sử dụng tấm nền Dynamic AMOLED 2X, mở ra một thế giới màu sắc và độ tương phản không giới hạn. Với kích thước màn hình lên đến 6.8 inch, người dùng sẽ được chìm đắm trong những trải nghiệm giải trí và làm việc tuyệt vời nhất. Độ phân giải QHD+ không chỉ làm sắc nét hình ảnh mà còn tạo nên một không gian sống động và chân thực.
Nhìn chung, các thông số này không quá khác biệt so với thế hệ tiền nhiệm là Galaxy S23 Ultra, nhưng công bằng mà nói thì đây cũng được xem là những công nghệ hàng đầu và nó thực sự đã đáp ứng rất tốt nhu cầu cho người sử dụng. Không dừng lại ở việc giải trí, làm việc thiên về thiết kế hay chỉnh sửa nội dung video trên chiếc này cũng đều rất hiệu quả.
Màn hình của S24 Ultra không chỉ đẹp mắt mà còn linh hoạt với khả năng điều chỉnh tần số quét từ 1 đến 120 Hz. Công nghệ này không chỉ giúp tiết kiệm năng lượng khi cần thiết mà còn mang lại trải nghiệm mượt mà và nhạy bén cho người dùng. Cho dù bạn đang xem video, chơi game, hay chỉ đơn giản là duyệt web, màn hình luôn điều chỉnh để đáp ứng mọi yêu cầu.
Với độ sáng màn hình đỉnh cao lên tới 2600 nits, Galaxy S24 Ultra không chỉ cho phép bạn sử dụng điện thoại ở môi trường ánh sáng mạnh mà còn đảm bảo hiển thị rõ ràng bằng cách tự động điều chỉnh độ sáng.
Bước tiến đặc sắc khác là tính năng ""Ray Tracing và Vision Booster"" - những công nghệ độc đáo của Samsung, đưa trải nghiệm hiển thị lên một tầm cao mới. Ray Tracing mang lại hiệu ứng ánh sáng tự nhiên và chân thực, trong khi Vision Booster tối ưu hóa màu sắc và độ tương phản, làm cho mọi chi tiết trên màn hình trở nên sống động và rõ ràng hơn.
Camera 200 MP chuẩn danh mắt thần bóng đêm
Samsung Galaxy S24 Ultra không chỉ là một bước đột phá trong công nghệ camera trên điện thoại di động mà còn là nguồn động viên cho những người yêu thích nhiếp ảnh và quay video chuyên nghiệp. Với bộ 4 camera đỉnh cao, chiếc điện thoại này đưa trải nghiệm chụp hình và quay video lên một tầm cao mới.
Trang bị camera chính độ phân giải lên tới 200 MP, Galaxy S24 Ultra là một đỉnh cao mới trong thế giới nhiếp ảnh di động. Khả năng chi tiết và sắc nét vượt trội, là lựa chọn lý tưởng cho những người muốn ghi lại những khoảnh khắc tuyệt vời với độ chính xác cao.
Camera góc siêu rộng 12 MP mở ra khả năng chụp ảnh với góc nhìn rộng, hoàn hảo cho việc chụp cảnh đẹp và nhóm hình. Trong khi đó, camera tele không kém phần ấn tượng với 2 cảm biến 10 MP và 50 MP, cung cấp khả năng zoom quang học 3x và 5x, đảm bảo mọi chi tiết được ghi lại một cách rõ ràng và chân thực.
Ngoài ra, điện thoại cũng được trang bị thêm các tính năng hiện đại như: ProVisual và Super HDR giúp cải thiện chất lượng hình ảnh khi chụp ở trong môi trường có ánh sáng không thuận lợi.
S24 Ultra không chỉ giới hạn ở khả năng zoom truyền thống, mà còn đưa ra tính năng ""Zoom chuẩn quang học"" với hai chế độ 2x và 10x. Điều này mang lại sự linh hoạt và sáng tạo cho người dùng khi muốn ghi lại mọi khoảnh khắc từ mọi góc độ.
Đặc biệt, tính năng ""quay chuyển động tức thì"" kết hợp với trí tuệ nhân tạo AI, giúp Galaxy S24 Ultra thao tác quay video trở nên nhanh chóng và mượt mà hơn bao giờ hết. Tính năng này không chỉ giúp bắt kịp những khoảnh khắc độc đáo mà còn tạo ra những đoạn video chất lượng cao đầy ấn tượng.
Dù là trong điều kiện ánh sáng yếu, S24 Ultra vẫn mang đến những bức ảnh sắc nét và đầy đủ chi tiết. Tính năng chống rung OIS giúp giữ cho hình ảnh luôn ổn định và rõ ràng, kết hợp cùng với đó là chế độ ban đêm cho phép máy điều chỉnh để thu nhiều ánh sáng hơn, từ đó đưa ra những bức ảnh sống động và chân thực.
Samsung Galaxy S24 Ultra không chỉ là một sản phẩm xuất sắc cho nhiếp ảnh, mà còn là một công cụ tuyệt vời cho những ai đam mê quay video. Khả năng quay video 8K chất lượng cao trên chiếc điện thoại này đại diện cho một bước tiến đáng kể, mở ra những trải nghiệm quay phim di động không giới hạn. Bạn có thể thu được những video chất lượng phim và sau đó dễ dàng chỉnh sửa, zoom, và cắt ghép mà không làm giảm chất lượng hình ảnh quá nhiều.
Với những gì S24 Ultra mang lại trên camera, điều đó không chỉ là việc cải tiến mà là một cột mốc quan trọng, đưa sản phẩm này lên vị thế ""mắt thần bóng đêm"" nhất trong dòng sản phẩm của Samsung. Tích hợp công nghệ tiên tiến và sự sáng tạo, Galaxy S24 Ultra là nguồn cảm hứng không ngừng cho những người làm trong công việc sáng tạo.
Hiệu năng hàng đầu với chip Snapdragon 8 Gen 3 for Galaxy
Điểm đặc biệt nổi bật của Galaxy S24 Ultra là sự sử dụng chip Snapdragon 8 Gen 3 for Galaxy, một bước tiến đột phá về hiệu suất. Được củng cố bởi Neural Processing Unit (NPU) và trí tuệ nhân tạo (AI), chiếc điện thoại này mang đến trải nghiệm mượt mà và ấn tượng. Khả năng xử lý nhanh chóng và linh hoạt giúp người dùng dễ dàng thực hiện nhiều nhiệm vụ khác nhau mà không gặp sự gián đoạn hoặc lag.
Với việc tích hợp công nghệ AI vào hệ thống camera, chiếc này có khả năng can thiệp vào quá trình chụp ảnh, đảm bảo rằng mọi bức ảnh đều đẹp đẽ và chất lượng cao. Tính năng này không chỉ làm tăng cường sự sáng tạo mà còn giúp người dùng dễ dàng chụp những bức ảnh chuyên nghiệp.
Với Galaxy S24 Ultra, Samsung đáp ứng đầy đủ nhu cầu lưu trữ của người dùng. Chiếc điện thoại này tích hợp bộ nhớ RAM lên đến 12 GB, đảm bảo hiệu suất hoạt động mượt mà và không bị hạn chế khi sử dụng ứng dụng và chơi game. Hơn nữa, máy còn cung cấp bộ nhớ lưu trữ 256 GB, giúp người dùng thoải mái lưu giữ mọi khoảnh khắc quan trọng mà không lo lắng về dung lượng.
Hỗ trợ các tính năng AI thông minh
Samsung tiếp tục chinh phục thị trường công nghệ với sự xuất hiện của chiếc Galaxy S24 Ultra với nhiều tính năng mang đến những trải nghiệm đỉnh cao cho người dùng.
Khoanh Vùng Search Đa Năng
Galaxy S24 Ultra không chỉ là một chiếc điện thoại thông minh mà còn là công cụ tìm kiếm thông tin linh hoạt nhất. Tính năng khoanh vùng search đa năng cho phép người dùng tìm kiếm mọi thông tin một cách nhanh chóng và thuận tiện, bất kỳ lúc nào, ở bất kỳ đâu. Điều này giúp tối ưu hóa trải nghiệm người dùng, đưa ra câu trả lời và thông tin cần thiết chỉ trong vài cú chạm.
Trợ Lý Chỉnh Ảnh Thông Minh
Galaxy S24 Ultra thực sự là một người bạn đắc lực cho những người yêu nhiếp ảnh. Tính năng trợ lý chỉnh ảnh thông minh không chỉ mang đến những gợi ý chỉnh sửa ảnh chuyên nghiệp mà còn giúp người dùng tận dụng tối đa khả năng sáng tạo của mình. Tự tin ghi lại những khoảnh khắc đẹp nhất với sự hỗ trợ thông minh từ chiếc điện thoại này.
Tạo Hình Nền Thông Minh và Trình Duyệt Thông Minh
Điện thoại Galaxy S24 Ultra không chỉ giới thiệu về công nghệ mà còn làm mới cách chúng ta tương tác với thiết bị. Tính năng tạo hình nền thông minh và trình duyệt tiên tiến mang lại trải nghiệm đồng bộ và tinh tế. Người dùng có thể tùy chỉnh không gian làm việc của mình với hình nền đẹp mắt và duyệt web một cách thông minh và tiện lợi.
Phiên Dịch Trực Tiếp Cuộc Gọi
Tính năng phiên dịch trực tiếp trong cuộc gọi của Galaxy S24 Ultra đánh dấu bước tiến quan trọng trong việc kết nối và giao tiếp. Người dùng không còn lo lắng về ngôn ngữ khi thực hiện cuộc gọi với bạn bè hay đối tác quốc tế. Chiếc điện thoại sẽ tự động dịch ngôn ngữ, giúp mọi cuộc trò chuyện trở nên thuận lợi, chính xác và không bao giờ gặp khó khăn trong việc hiểu ý.
Trợ Lý Giao Tiếp Không Chạm
Galaxy S24 Ultra không chỉ kết nối người dùng với thế giới thông tin, mà còn mở ra khả năng tương tác nhanh chóng và hiệu quả hơn bao giờ hết. Tính năng phiên dịch trực tiếp trong cuộc gọi giúp cho giao tiếp giữa người với người trở nên thuận tiện hơn. Bổ sung vào đó, trợ lý giao tiếp không chạm cho phép người dùng điều chỉnh điện thoại bằng giọng nói, giúp họ tập trung vào việc lái xe mà không bao giờ mất tập trung khi phải thao tác quá nhiều.
Pin lớn giúp kéo dài thời gian sử dụng
Với pin lớn 5000 mAh, Galaxy S24 Ultra không chỉ đảm bảo nguồn năng lượng dự trữ đáng tin cậy mà còn mở ra không gian sử dụng rộng lớn mà không cần lo lắng về việc sạc lại liên tục, có thể xem video liên tục đến 30 giờ hoặc phát nhạc lên đến 95 giờ. Tận hưởng cả ngày làm việc, giải trí, và giao tiếp mà không phải suy nghĩ về việc tìm kiếm ổ sạc. 
 
Với công nghệ sạc siêu nhanh 2.0, Galaxy S24 Ultra giúp người dùng tiết kiệm thời gian đáng kể. Khả năng sạc với công suất 45 W đồng nghĩa với việc chiếc điện thoại sẽ nhanh chóng lấy lại đầy đủ năng lượng chỉ trong vài phút. Điều này không chỉ làm tăng hiệu suất sử dụng mà còn giúp người dùng linh hoạt hơn trong việc quản lý thời gian hằng ngày.
Samsung Galaxy S24 Ultra có gì mới?
- Chất liệu Titanium mang lại vẻ đẹp đẳng cấp cho thiết kế.
- Cụm camera nâng cấp (Chính 200 MP & Phụ 50 MP, 12 MP, 10 MP).
- Chip Snapdragon 8 Gen 3 for Galaxy đột phá hiệu suất làm việc và chơi game.
- Tính năng AI lần đầu tiên xuất hiện (Khoanh vùng search, trợ lý chỉnh ảnh, tạo hình nền thông minh, phiên dịch trực tiếp cuộc gọi,).
Samsung Galaxy S24 Ultra có những màu nào?
Samsung Galaxy S24 Ultra đã chính thức có mặt tại thị trường Việt Nam với sự đa dạng về màu sắc. Người tiêu dùng có thể lựa chọn từ 4 tùy chọn màu sắc phong phú, bao gồm Đen Titan, Vàng Titan, Xám Titan và Tím Titan. Điều này mang lại cho người dùng không chỉ sự hiện đại trong thiết kế mà còn sự cá nhân hóa theo sở thích cá nhân.Giá sản phẩm trên Tiki đã bao gồm thuế theo luật hiện hành. Bên cạnh đó, tuỳ vào loại sản phẩm, hình thức và địa chỉ giao hàng mà có thể phát sinh thêm chi phí khác như phí vận chuyển, phụ phí hàng cồng kềnh, thuế nhập khẩu (đối với đơn hàng giao từ nước ngoài có giá trị trên 1 triệu đồng).....Xem thêm","12GB/256GB, 12GB/512GB",Đang cập nhật,Đang cập nhật,Đang cập nhật
