Link,Title,Author,Post Date,Comments Count,Content
https://tinhte.vn/thread/samsung-galaxy-s24-ultra-se-co-man-hinh-phang-va-thiet-ke-rat-vuong.3709913/,Samsung Galaxy S24 Ultra sáº½ cÃ³ mÃ n hÃ¬nh pháº³ng vÃ  thiáº¿t káº¿ ráº¥t vuÃ´ng?,ndminhduc,27/8/2023 15:53,192,"Anh leaker Ice Universe vá»«a nÃ³i trÃªn Twitter ráº±ng
Samsung Galaxy
S24 Ultra
sáº¯p tá»›i cá»§a
Samsung
sáº½ thay Ä‘á»•i máº¡nh vá» máº·t thiáº¿t káº¿ vá»›i mÃ n hÃ¬nh pháº³ng hoÃ n toÃ n, kÃ­ch thÆ°á»›c 6.8 inch, tá»· lá»‡ 19.5:9 thay vÃ¬ 19.3:9 nhÆ° S23Ultra trÆ°á»›c Ä‘Ã¢y, Ä‘á»“ng nghÄ©a vá»›i mÃ¡y sáº½ ngáº¯n hÆ¡n vÃ  bÃ¨ ra á»Ÿ chiá»u ngang hÆ¡n. Äá»“ng thá»i, Ice nÃ³i ráº±ng S24Ultra cÅ©ng sáº½ cÃ³ thiáº¿t káº¿ vuÃ´ng vá»©c hÆ¡n, viá»n benzel cÅ©ng sáº½ tá»« Ä‘Ã³ mÃ  dÃ y hÆ¡n vá» máº·t thá»‹ giÃ¡c khi nhÃ¬n trá»±c diá»‡n vÃ o.
HÃ¬nh áº£nh bÃªn trÃªn lÃ  anh Ice render ra cho chÃºng ta so sÃ¡nh nhá»¯ng ""tin Ä‘á»“n"" cá»§a anh áº¥y leak vá» S24 Ultra, so sÃ¡nh vá»›i
iPhone 15 Ultra
(táº¥t nhiÃªn lÃ  cÅ©ng tin Ä‘á»“n) vÃ  chiáº¿c Xiaomi 14.
Náº¿u dá»± Ä‘oÃ¡n cá»§a Ice vá» Galaxy S24 Ultra lÃ  Ä‘Ãºng thÃ¬ Ä‘Ã¢y cÃ³ thá»ƒ xem lÃ  láº§n thay Ä‘á»•i thiáº¿t káº¿ mÃ n hÃ¬nh lá»›n nháº¥t cá»§a Samsung Ä‘á»‘i vá»›i dÃ²ng S sau nhiá»u nÄƒm theo Ä‘uá»•i kiá»ƒu thiáº¿t káº¿ mÃ n hÃ¬nh viá»n báº» cong. CÃ²n nhá»› chÃ­nh Samsung lÃ  má»™t trong nhá»¯ng hÃ£ng Ä‘Ã£ khá»Ÿi xÆ°á»›ng chuyá»‡n báº» cong mÃ n hÃ¬nh vá»›i nhá»¯ng chiáº¿c Galaxy Edge, sau Ä‘Ã³ lÃ  nhiá»u láº§n cong máº¡nh, cong nháº¹ vÃ  gáº§n Ä‘Ã¢y lÃ  báº» cong máº·t kÃ­nh nhÆ°ng mÃ n hÃ¬nh thÃ¬ ngÃ y cÃ ng bá»›t cong hÆ¡n.
Vá»›i mÃ n hÃ¬nh pháº³ng hoÃ n toÃ n, viá»n mÃ n hÃ¬nh Ä‘Æ°á»£c Ä‘áº©y dÃ y ra nhÆ° dá»± Ä‘oÃ¡n cá»§a Ice, chiáº¿c S24 Ultra há»©a háº¹n sáº½ cho cáº£m giÃ¡c máº¡nh máº½ hÆ¡n, cá»©ng cÃ¡p hÆ¡n cáº£ vá» máº·t thá»‹ giÃ¡c láº«n má»©c Ä‘á»™ báº£o vá»‡ mÃ¡y cÅ©ng sáº½ Ä‘Æ°á»£c ká»³ vá»ng tá»‘t hÆ¡n - tÆ°Æ¡ng tá»± nhÆ° cÃ¡ch mÃ 
Apple
váº«n theo Ä‘uá»•i vá»›i
iPhone
trÆ°á»›c giá». DÃ¹ váº­y, viá»‡c cáº§m má»™t mÃ n hÃ¬nh kÃ­ch thÆ°á»›c lá»›n, lÃªn tá»›i 6.8 inch, láº¡i vuÃ´ng vÃ  cÃ²n, bÃ¨ ra hÆ¡n theo chiá»u ngang cÅ©ng sáº½ kÃ©m thÃ¢n thiá»‡n vá»›i bÃ n tay ngÆ°á»i dÃ¹ng hÃ ng ngÃ y hÆ¡n, Ä‘áº·c biá»‡t lÃ  á»Ÿ cÃ¡c gÃ³c nhá»n cá»§a mÃ¡y.
Táº¥t nhiÃªn, Ä‘Ã³ váº«n lÃ  hÃ¬nh áº£nh Ä‘á»“n Ä‘oÃ¡n rÃ² rá»‰ vÃ  váº«n cÃ²n quÃ¡ sá»›m Ä‘á»ƒ Ä‘Æ°a ra báº¥t cá»© káº¿t luáº­n nÃ o cho tá»›i khi Samsung vÃ  cáº£ Apple chÃ­nh thá»©c ra máº¯t cÃ¡c mÃ¡y. CÃ²n anh em nghÄ© sao vá» viá»‡c nÃ y?
Ice Universe"
https://tinhte.vn/thread/samsung-thay-doi-giua-chung-phan-cung-ben-trong-galaxy-s24-ultra.3733486/,Samsung thay Ä‘á»•i giá»¯a chá»«ng pháº§n cá»©ng bÃªn trong Galaxy S24 Ultra,HoÃ ng Háº£i.,30/10/2023 8:56,114,"Chiáº¿c Ä‘iá»‡n thoáº¡i Ä‘áº§u báº£ng nhÃ 
Samsung
chá»‰ cÃ²n khoáº£ng hÆ¡n 3 thÃ¡ng ná»¯a lÃ  ra máº¯t nhÆ°ng cÃ³ váº» nhÆ° há» sáº½ thay Ä‘á»•i pháº§n cá»©ng Ä‘á»ƒ cÃ³ cÃ¡c tiÃªu cá»± khÃ¡c trÃªn S24 Ultra.
Theo nhÆ° nhá»¯ng thÃ´ng tin má»›i nháº¥t,
Galaxy S24 Ultra
sáº½ Ä‘Æ°á»£c trang bá»‹ cáº£m biáº¿n ISOCELL HP2SX 200MP á»Ÿ camera chÃ­nh, á»‘ng kÃ­nh tele 3X Sony IMX754 10MP (Crop tá»« 12MP), á»‘ng kÃ­nh tele 5X Sony IMX854 50MP vÃ  á»‘ng kÃ­nh siÃªu rá»™ng Sony IMX564 12MP cÃ¹ng kháº£ nÄƒng láº¥y nÃ©t laser. VÃ  náº¿u nhá»¯ng thÃ´ng tin nÃ y lÃ  tháº­t, chiáº¿c tiÃªu cá»± mÃ  mÃ¬nh cá»±c ká»³ thÃ­ch lÃ  10X Ä‘Ã£ khÃ´ng cÃ²n ná»¯a. Samsung Ä‘Ã£ quyáº¿t Ä‘á»‹nh trang bá»‹ tiÃªu cá»± 3X vÃ  5X, Ä‘iá»u mÃ  mÃ¬nh Ä‘Ã£ ao Æ°á»›c xuáº¥t hiá»‡n trÃªn 1 máº«u iPhone trong nÄƒm nay,"
https://tinhte.vn/thread/samsung-se-dung-khung-titan-cho-galaxy-s24-ultra.3735898/,Samsung sáº½ dÃ¹ng khung Titan cho Galaxy S24 Ultra?,LÃª Huyá»n VÃ¢n,6/11/2023 10:16,172,"Theo TheElec, Samsung sáº½ sá»­ dá»¥ng khung titan cho dÃ²ng
Galaxy S24 Ultra
sáº¯p tá»›i. Samsung Ä‘áº·t má»¥c tiÃªu sáº£n xuáº¥t 15 triá»‡u smartphone vá»›i khung titan, con sá»‘ nÃ y tÆ°Æ¡ng á»©ng vá»›i sá»‘ lÆ°á»£ng Galaxy S23 Ultra xuáº¥t xÆ°á»Ÿng trong nÄƒm nay.
ÄÆ°á»£c biáº¿t, Samsung Ä‘ang trong giai Ä‘oáº¡n cuá»‘i cá»§a quy trÃ¬nh sáº£n xuáº¥t vÃ  cáº§n pháº£i Ä‘áº£m báº£o nÃ¢ng suáº¥t, cÅ©ng nhÆ° tá»‘i Æ°u chi phÃ­ Ä‘á»ƒ khÃ´ng khiáº¿n cho giÃ¡ mÃ¡y bá»‹ tÄƒng Ä‘Ã¡ng ká»ƒ. CÃ´ng ty Solomon cá»§a Trung Quá»‘c chÃ­nh lÃ  nhÃ  cung cáº¥p khung titan cho Samsung. Hiá»‡n táº¡i, Samsung cÅ©ng Ä‘ang lÃ m viá»‡c vá»›i cÃ¡c nhÃ  cung cáº¥p khÃ¡c cá»§a Trung Quá»‘c vÃ  nhÃ  mÃ¡y láº¯p rÃ¡p á»Ÿ Viá»‡t Nam Ä‘á»ƒ hoÃ n thiá»‡n sáº£n pháº©m.
CÃ¡c nguá»“n tin cho biáº¿t Samsung Ä‘Ã£ báº¯t Ä‘áº§u nghiÃªn cá»©u cÃ¡ch Ä‘á»ƒ Ã¡p dá»¥ng titan vÃ o khung cá»§a smartphone Galaxy khoáº£ng 2 nÄƒm trÆ°á»›c nhÆ°ng gáº§n Ä‘Ã¢y má»›i quyáº¿t Ä‘á»‹nh thÆ°Æ¡ng máº¡i.
Apple chÃ­nh lÃ  hÃ£ng Ä‘áº§u tiÃªn thÆ°Æ¡ng máº¡i hoÃ¡ smartphone dÃ¹ng khung titan vá»›i iPhone 15 Pro Max vÃ  Ä‘áº¿n nay Xiaomi cÅ©ng Ä‘Ã£ Ã¡p dá»¥ng váº­t liá»‡u nÃ y cho chiáº¿c flagship má»›i cá»§a mÃ¬nh. Náº¿u
Galaxy S24
Ultra tháº­t sá»± sá»­ dá»¥ng khung titan thÃ¬ cÃ³ thá»ƒ váº­t liá»‡u titan sáº½ trá»Ÿ thÃ nh xu hÆ°á»›ng má»›i cho flagship trong tÆ°Æ¡ng lai.
Titan nháº¹ hÆ¡n thÃ©p vÃ  cá»©ng hÆ¡n nhÃ´m, Ä‘Æ°á»£c sá»­ dá»¥ng rá»™ng rÃ£i trong lÄ©nh vá»±c hÃ ng khÃ´ng vÅ© trá»¥. Lá»£i tháº¿ cá»§a váº­t liá»‡u titan Ä‘Ã³ lÃ  nÃ³ giáº£i quyáº¿t Ä‘Æ°á»£c váº¥n Ä‘á» khá»‘i lÆ°á»£ng cá»§a thÃ©p vÃ  Ä‘á»™ cá»©ng cá»§a nhÃ´m. Apple Ã¡p dá»¥ng khung titan Ä‘Ã£ giÃºp cho iPhone 15 Pro Max nháº¹ nhÃ ng hÆ¡n so vá»›i cÃ¡c mÃ¡y Ä‘á»i trÆ°á»›c.
Tuy nhiÃªn, trÆ°á»›c giá» Samsung Ä‘ang sá»­ dá»¥ng khung nhÃ´m cho cÃ¡c thiáº¿t bá»‹ cá»§a mÃ¬nh, nÃ³ vá»‘n nháº¹ hÆ¡n nhá»¯ng chiáº¿c iPhone dÃ¹ng thÃ©p cá»§a Apple. Do Ä‘Ã³, viá»‡c chuyá»ƒn sang dÃ¹ng khung titan cÃ³ khi khiáº¿n cho khá»‘i lÆ°á»£ng tá»•ng thá»ƒ cá»§a mÃ¡y náº·ng hÆ¡n khoáº£ng 10% so vá»›i tháº¿ há»‡ trÆ°á»›c.
Nguá»“n"
https://tinhte.vn/thread/day-la-galaxy-s24-ultra-man-hinh-phang-khung-titan-vuong-vuc.3741555/,"ÄÃ¢y lÃ  Galaxy S24 Ultra, mÃ n hÃ¬nh pháº³ng, khung titan, vuÃ´ng vá»©c?",LÃª Huyá»n VÃ¢n,24/11/2023 12:9,162,"TÃ i khoáº£n
David Martin
trÃªn X Ä‘Ã£ Ä‘Äƒng táº£i vÃ i hÃ¬nh áº£nh Ä‘Æ°á»£c cho lÃ  áº£nh thá»±c táº¿ cá»§a
Samsung
Galaxy S24 Ultra
, dá»± kiáº¿n sáº½ Ä‘Æ°á»£c giá»›i thiá»‡u vÃ o vÃ i thÃ¡ng tá»›i. HÃ¬nh áº£nh tá»« X cÅ©ng trÃ¹ng há»£p vá»›i cÃ¡c rÃ² rá»‰ mÃ´ táº£ sáº£n pháº©m trÆ°á»›c Ä‘Ã³ tá»« OnLeaks.
Theo hÃ¬nh,
Galaxy S24
Ultra váº«n cÃ³ thiáº¿t káº¿ vuÃ´ng vá»©c tÆ°Æ¡ng tá»± tháº¿ há»‡ trÆ°á»›c. Tuy nhiÃªn, mÃ¡y Ä‘Æ°á»£c trang bá»‹ mÃ n hÃ¬nh pháº³ng, khÃ´ng cÃ²n bo cong ná»¯a. Äá»“ng thá»i, bÃºt S-Pen á»Ÿ cáº¡nh dÆ°á»›i cÅ©ng nhÃ´ ra Ä‘Ã¡ng ká»ƒ. Má»™t vÃ i tin Ä‘á»“n gáº§n Ä‘Ã¢y cho ráº±ng
Galaxy
S24 Ultra cÅ©ng sáº½ cÃ³ khung viá»n báº±ng titan, xu hÆ°á»›ng má»›i trong thiáº¿t káº¿ cá»§a smartphone.
TrÆ°á»›c máº¯t, chÆ°a cÃ³ thÃ´ng tin chÃ­nh thá»©c nÃ o Ä‘Æ°á»£c xÃ¡c nháº­n tá»« Samsung, nÃªn hÃ¬nh áº£nh bÃªn trÃªn cÅ©ng chÆ°a cháº¯c lÃ  tháº­t. CÃ ng Ä‘áº¿n ngÃ y ra máº¯t chÃ­nh thá»©c, cÃ¡c thÃ´ng tin, hÃ¬nh áº£nh rÃ² rá»‰ vá» Galaxy S24 series cÃ ng dÃ y Ä‘áº·t trÃªn má»i phÆ°Æ¡ng tiá»‡n truyá»n thÃ´ng.
Nguá»“n"
https://tinhte.vn/thread/galaxy-s24-ultra-se-co-16gb-ram-va-chay-chip-exynos-tro-lai-khong-co-cam-bien-1-inch.3659606/,Galaxy S24 Ultra sáº½ cÃ³ 16GB RAM vÃ  cháº¡y chip Exynos trá»Ÿ láº¡i? KhÃ´ng cÃ³ cáº£m biáº¿n 1 inch,HoÃ ng Háº£i.,19/4/2023 21:50,145,"Má»›i Ä‘Ã¢y thÃ¬ trÃªn Twitter cÃ³ vÃ i thÃ´ng tin cho ráº±ng chiáº¿c flagship Ä‘áº§u báº£ng cá»§a
Samsung
nÄƒm sau sáº½ Ä‘Æ°á»£c nÃ¢ng cáº¥p bá»™ nhá»› á»Ÿ phiÃªn báº£n tiÃªu chuáº©n lÃªn gáº¥p Ä‘Ã´i, dÃ¹ng chip Exynos vÃ  giá»¯ nguyÃªn cáº£m biáº¿nâ€¦
Tá»©c lÃ  tá»« 8GB RAM cho báº£n tháº¥p nháº¥t cá»§a nÄƒm nay,
Galaxy S24 Ultra
sáº½ cÃ³
dung lÆ°á»£ng RAM
máº·c Ä‘á»‹nh lÃ  16GB cho phiÃªn báº£n tháº¥p nháº¥t. MÃ¬nh khÃ´ng tháº¥y tÃ i khoáº£n @Tech_Reve nÃ y cÃ³ bá»• sung thÃªm má»©c dung lÆ°á»£ng RAM nÃ o khÃ¡c nÃªn nhiá»u kháº£ nÄƒng á»Ÿ thá»i Ä‘iá»ƒm hiá»‡n táº¡i, thÃ´ng tin chá»‰ cÃ³ váº­y mÃ  thÃ´i.
BÃªn cáº¡nh Ä‘Ã³ thÃ¬ chiáº¿c
Galaxy S24
vÃ  S24+ cÅ©ng Ä‘Æ°á»£c cho lÃ  cÃ³ dung lÆ°á»£ng RAM tháº¥p nháº¥t lÃ  12GB vÃ  khÃ´ng cÃ³ tuá»³ chá»n tháº¥p hÆ¡n. VÃ  vá» máº·t lÃ½ thuyáº¿t thÃ¬ RAM nhiá»u hÆ¡n sáº½ giÃºp anh em thuáº­n tiá»‡n hÆ¡n á»Ÿ cÃ¡c tÃ¡c vá»¥ náº·ng hay lÃ  sá»­ dá»¥ng vá»›i tÃ­nh nÄƒng
Samsung DeX
.
NgoÃ i ra, cÃ³ má»™t thÃ´ng tin ná»¯a cÅ©ng cá»§a @Tech_Reve cho chÃºng ta biáº¿t ráº±ng dÃ²ng chip Exynos cÃ¢y nhÃ  lÃ¡ vÆ°á»n cá»§a Samsung cÅ©ng cháº¯c cháº¯n sáº½ quay trá»Ÿ láº¡i trÃªn cÃ¡c sáº£n pháº©m thuá»™c dÃ²ng S24 Series vá»›i tÃªn gá»i lÃ  2400. Con chip nÃ y Ä‘Æ°á»£c cho lÃ  cÃ³ cáº¥u trÃºc deca-core 10 nhÃ¢n CPU vÃ  tá»‘i Æ°u tá»‘t nháº¥t Ä‘á»ƒ trÃ¡nh tÃ¬nh tráº¡ng quÃ¡ nhiá»‡t.
Khi cÃ³ má»™t tÃ i khoáº£n khÃ¡c Ä‘áº·t cÃ¢u há»i vá» cáº£m biáº¿n 1 inch liá»‡u cÃ³ Ä‘Æ°á»£c sá»­ dá»¥ng trÃªn cÃ¡c máº«u Galaxy má»›i thÃ¬
@Tech_Reve cÅ©ng kháº³ng Ä‘á»‹nh cháº¯c ná»‹ch lÃ  khÃ´ng vÃ  nhÃ  sáº£n xuáº¥t HÃ n Quá»‘c tiáº¿p tá»¥c sá»­ dá»¥ng con chip HP2
Ä‘ang Ã¡p dá»¥ng cho chiáº¿c S23 Ultra. MÃ¬nh nghÄ© Ä‘Ã¢y lÃ  thÃ´ng tin dá»… hiá»ƒu vÃ¬ vá»‘n dÄ© Galaxy S23 Ultra Ä‘ang lÃ m ráº¥t tá»‘t á»Ÿ khÃ¢u chá»¥p áº£nh vÃ  cÃ³ thá»ƒ Ä‘Æ°á»£c coi nhÆ° sáº£n pháº©m cáº§m cháº¯c top 3 cá»§a nÄƒm nay.
HÆ¡n ná»¯a, hiá»‡n táº¡i cáº£m biáº¿n 1 inch á»Ÿ trÃªn thá»‹ trÆ°á»ng chá»‰ cÃ³ cá»§a Sony vá»›i IMX989, náº¿u tá»± lÃ m hoáº·c thay Ä‘á»•i cáº£m biáº¿n tá»« Ä‘á»‘i thá»§ thÃ¬ pháº£i lÃ m láº¡i má»™t há»‡ thá»‘ng thuáº­t toÃ¡n má»›i nÃªn Samsung cÅ©ng cháº³ng dáº¡i gÃ¬ mÃ  chui Ä‘áº§u vÃ o rá».
Nguá»“n:
SamMobile
vÃ 
@Tech_Reve"
https://tinhte.vn/thread/tren-tay-samsung-galaxy-s24-ultra-vien-titan-ai-la-diem-nhan-lon-nhat.3756938/,"TrÃªn tay Samsung Galaxy S24 Ultra: viá»n titan, AI lÃ  Ä‘iá»ƒm nháº¥n lá»›n nháº¥t",MinhTriND,17/1/2024 16:57,201,"Samsung Galaxy S24 Ultra
giá»¯ nguyÃªn ngÃ´n ngá»¯ thiáº¿t káº¿ tá»« dÃ²ng S22 Ultra, nÃ¢ng cáº¥p vá» váº­t liá»‡u, Ä‘á»™ hoÃ n thiá»‡n Ä‘á»ƒ giÃºp chiáº¿c mÃ¡y cao cáº¥p vÃ  chá»‰n chá»§ nháº¥t cÃ³ thá»ƒ vá» máº·t ngoáº¡i hÃ¬nh. ChÆ°a dá»«ng láº¡i á»Ÿ Ä‘Ã³, pháº§n má»m má»›i tÃ­ch há»£p AI sáº½ giáº£i quyáº¿t háº§u háº¿t cÃ¡c tÃ¡c vá»¥ mÃ  anh em thÆ°á»ng xuyÃªn sá»­ dá»¥ng nháº¥t, Ä‘Ã³ lÃ  chuyá»ƒn ghi Ã¢m sang dáº¡ng vÄƒn báº£n rá»“i tá»± tÃ³m táº¯t Ã½ chÃ­nh, Ä‘Ã³ lÃ  dá»‹ch trá»±c tiáº¿p cuá»™c gá»i sang tiáº¿ng Viá»‡t hoáº·c nhiá»u ngÃ´n ngá»¯ khÃ¡c nhau, Ä‘Ã³ lÃ  gá»£i Ã½ cÃ¡c vÄƒn phÃ´ng nháº¯n tin sao cho há»£p vá»›i ngá»¯ cáº£nh,â€¦Vá»›i
Samsung
Galaxy S24 Ultra
nÃ³i riÃªng vÃ 
Galaxy S24
Series nÃ³i chung, chÆ°a bao giá» TrÃ­ tuá»‡ nhÃ¢n táº¡o láº¡i gáº§n gÅ©i vá»›i chÃºng ta Ä‘áº¿n tháº¿.
Thá»±c táº¿ mÃ  nÃ³i, quÃ¡ khÃ³ Ä‘á»ƒ cÃ³ thá»ƒ nháº­n ra Ä‘iá»ƒm khÃ¡c biá»‡t giá»¯a S24 Ultra vÃ  S23 Ultra náº¿u nhÃ¬n báº±ng máº¯t thÆ°á»ng. Samsung tiáº¿p tá»¥c Ã¡p dá»¥ng nhá»¯ng gÃ¬ mÃ  há» Ä‘Ã£ lÃ m ráº¥t tá»‘t vá»›i cÃ¡c tháº¿ há»‡ S Ultra gáº§n Ä‘Ã¢y nháº¥t lÃªn phiÃªn báº£n má»›i, theo mÃ¬nh, Ä‘iá»u Ä‘Ã³ hoÃ n toÃ n há»£p lÃ½. CÃ³ láº½, Ä‘Ã¢y chÆ°a pháº£i thá»i Ä‘iá»ƒm nÃªn thay Ä‘á»•i hoÃ n toÃ n thiáº¿t káº¿, bá»Ÿi má»i thá»© Ä‘ang â€œvÃ o guá»“ngâ€, Samsung cÅ©ng muá»‘n chÃ¬u lÃ²ng nhá»¯ng vá»‹ khÃ¡ch hÃ ng nÄƒm ngoÃ¡i, bá»Ÿi S23 Ultra, hay tháº­m chÃ­ lÃ  S22 Ultra, Ä‘áº¿n nay váº«n chÆ°a lá»—i má»‘t. Cáº£m nháº­n Ä‘áº§u tiÃªn khi mÃ¬nh cáº§m Galaxy S24 Ultra lÃ  nÃ³ khÃ´ng khÃ¡c biá»‡t gÃ¬ nhiá»u so vá»›i S23 Ultra mÃ  mÃ¬nh cÃ³ dá»‹p Ä‘Æ°á»£c dÃ¹ng á»Ÿ giai Ä‘oáº¡n ná»­a Ä‘áº§u nÄƒm ngoÃ¡i.

Náº¿u nhÃ¬n ká»¹ hÆ¡n vÃ o cÃ¡c tiá»ƒu tiáº¿t, cháº¯c háº¡n nhÆ° pháº§n loa á»Ÿ phÃ­a cáº¡nh dÆ°á»›i cá»§a mÃ¡y thÃ¬ thiáº¿t káº¿ cÅ©ng cÃ³ pháº§n khÃ¡c Ä‘i. CÃ¡c nÃºt báº¥m cá»§a mÃ¡y váº«n Ä‘Æ°á»£c hoÃ n thiá»‡n tá»‰ má»‰, cháº¯c cháº¯n khi báº¥m. Má»™t Ä‘iá»ƒm má»›i nÄƒm nay Ä‘Ã³ lÃ  nhá»¯ng thÃ nh pháº§n nhÆ° cÃ¡c phÃ­m báº¥m nÃ y cÅ©ng nhÆ° má»™t sá»‘ chi tiáº¿t khÃ¡c bÃªn trong mÃ¡y Ä‘á»u Ä‘Æ°á»£c cháº¿ táº¡o tá»« nhá»¯ng loáº¡i váº­t liá»‡u tÃ¡i cháº¿ hoáº·c thÃ¢n thiá»‡n vá»›i mÃ´i trÆ°á»ng hÆ¡n. ÄÃ¢y lÃ  hÆ°á»›ng Ä‘i chung cá»§a háº§u háº¿t cÃ¡c cÃ´ng ty cÃ´ng nghá»‡ hiá»‡n táº¡i, nháº±m â€œxanh hÃ³aâ€ quÃ¡ trÃ¬nh sáº£n xuáº¥t thiáº¿t bá»‹ vÃ  cÅ©ng giÃºp cho thiáº¿t bá»‹ Ä‘Ã³ thÃ¢n thiá»‡n vá»›i mÃ´i trÆ°á»ng hÆ¡n.
Samsung Galaxy S24 Ultra váº«n Ä‘Æ°á»£c trang bá»‹ bÃºt náº±m á»Ÿ cáº¡nh dÆ°á»›i gÃ³c trÃ¡i. CÃ¢y bÃºt nhá» gá»n nÃ y sáº½ tiáº¿p tá»¥c lÃ  cÃ´ng cá»¥ Ä‘áº¯c lá»±c cho nhá»¯ng anh em lÃ m viá»‡c trong lÄ©nh vá»±c sÃ¡ng táº¡o ná»™i dung, cÃ³ thá»ƒ phÃ¡c tháº£o nhanh má»™t vÃ i Ã½ tÆ°á»Ÿng nÃ o Ä‘Ã³, hoáº·c Ä‘Æ¡n giáº£n lÃ  ghi chÃº láº¡i, thao tÃ¡c vá»›i nhá»¯ng thá»© nhá» nhá» trÃªn mÃ n hÃ¬nh má»™t cÃ¡ch chÃ­nh xÃ¡c hÆ¡n ráº¥t nhiá»u.
Samsung Galaxy S24 Ultra khi bÃ¡n ra thá»‹ trÆ°á»ng sáº½ Ä‘Æ°á»£c cháº¡y trÃªn giao diá»‡n One UI 6.1. Pháº§n má»m má»›i mang láº¡i cho mÃ¡y hÃ ng loáº¡t cÃ¡c tÃ­nh nÄƒng má»›i, mÃ  cá»¥ thá»ƒ á»Ÿ Ä‘Ã¢y chÃ­nh lÃ  nhá»¯ng tiá»‡n Ã­ch váº­n hÃ nh báº±ng AI, trÃ­ tuá»‡ nhÃ¢n táº¡o. Tháº­t ra, AI Ä‘Æ°á»£c tÃ­ch há»£p cho smartphone khÃ´ng pháº£i lÃ  Ä‘iá»u gÃ¬ Ä‘Ã³ quÃ¡ má»›i máº». ChÃºng váº«n cÃ³ trong mÃ¡y, Ä‘á»ƒ tá»‘i Æ°u hiá»‡u nÄƒng khi anh em báº­t sang cháº¿ Ä‘á»™ chÆ¡i game, Ä‘á»ƒ xá»­ lÃ½ vÃ  cho ra nhá»¯ng táº¥m hÃ¬nh Ä‘áº¹p Ä‘áº½ nháº¥t ngay sau khi báº¥m chá»¥p. Giá» Ä‘Ã¢y, AI Ä‘i sÃ¢u hÆ¡n vÃ o nhá»¯ng tÃ¡c vá»¥ háº±ng ngÃ y, nhá»¯ng Ä‘iá»u mÃ  chÃºng ta thá»±c hiá»‡n láº·p Ä‘i láº·p láº¡i, nhÆ°ng tá»‘n thá»i gian vÃ  vÃ´ tÃ¬nh chÃºng ta khÃ´ng nháº­n ra. Giá» Ä‘Ã¢y, Ä‘Ã£ cÃ³ AI giáº£i quyáº¿t.

Tiáº¿p theo, báº¡n thá»±c hiá»‡n má»™t cuá»™c há»p, hoáº·c lÃªn Ã½ tÆ°á»Ÿng nhanh cho má»™t buá»•i quay, má»™t buá»•i diá»…n thuyáº¿t nÃ o Ä‘Ã³. Báº¡n dÃ¹ng pháº§n má»m ghi Ã¢m Ä‘á»ƒ ghi Ã¢m láº¡i, sau Ä‘Ã³ AI cÃ³ thá»ƒ chuyá»ƒn nÃ³ sang toÃ n bá»™ lÃ  vÄƒn báº£n, rá»“i láº¡i AI sáº½ tÃ³m táº¯t nÃ³ thÃ nh cÃ¡c Ã½ chÃ­nh, cho vÃ o tá»«ng Ä‘á» má»¥c khÃ¡c nhau Ä‘á»ƒ báº¡n cÃ³ thá»ƒ dá»… dÃ ng hÃ¬nh dung ra nhá»¯ng gÃ¬ mÃ  anh em cáº§n náº¯m sau cuá»™c há»p hoáº·c tá»« Ã½ tÆ°á»Ÿng ban Ä‘áº§u. Viá»‡c dá»‹ch Ä‘oáº¡n text Ä‘Ã³ sang cÃ¡c ngÃ´n ngá»¯ khÃ¡c hoÃ n toÃ n cÃ³ thá»ƒ Ä‘Æ°á»£c thá»±c hiá»‡n tá»©c thá»i chá»‰ báº±ng má»™t nÃºt báº¥m sau Ä‘Ã³ mÃ  khÃ´ng cáº§n sá»± can thiá»‡p cá»§a báº¥t ká»³ app bÃªn thá»© 3 nÃ o cáº£.
Anh em nháº¯n tin cho crush, muá»‘n cÃ¢u cÃº trá»Ÿ nÃªn ngá»t ngÃ o chá»‰n chu, gáº¥n áº¥n tÆ°á»£ng tá»‘t, anh em cÃ³ thá»ƒ gÃµ â€œmÃ¬nh thÃ­ch báº¡nâ€, sau Ä‘Ã³ thÃ¬ AI cÃ³ thá»ƒ gá»£i Ã½ ra hÃ ng loáº¡t vÄƒn phong khÃ¡c nhau, tá»« dá»… thÆ°Æ¡ng nháº¥t, lÃ£nh máº¡ng nháº¥t, cho Ä‘áº¿n vÄƒn vá»Ÿ nháº¥t. Viá»‡c xin nghá»‰ phÃ©p giá» Ä‘Ã¢y khÃ´ng cÃ²n khÃ³, bá»Ÿi AI cÅ©ng cÃ³ thá»ƒ gá»£i Ã½ cho báº¡n cÃ¡ch nháº¯n tin sao cho hay, lá»‹ch sá»±. Má»™t tÃ­nh nÄƒng AI mÃ  mÃ¬nh cÅ©ng thÃ­ch, Ä‘Ã³ lÃ  tÃ³m táº¯t ná»™i dung cá»§a má»™t bÃ i bÃ¡o hoáº·c bÃ i viáº¿t nÃ o Ä‘Ã³ khi anh em sá»­ dá»¥ng trÃ¬nh duyá»‡t. Má»™t bÃ i viáº¿t dÃ i, chá»‰ cáº§n vÃ i giÃ¢y, anh em Ä‘Ã£ cÃ³ sáºµn cÃ¡c Ã½ chÃ­nh cá»§a nÃ³, Ä‘Æ°á»£c tÃ³m má»™t cÃ¡ch cÃ´ Ä‘á»ng, dá»… hiá»ƒu nháº¥t.

Samsung Ä‘Ã£ lÃ m tá»‘t nháº¥t cÃ³ thá»ƒ, trang bá»‹ nhá»¯ng thá»© cao cáº¥p nháº¥t mÃ  há» cÃ³ cho chiáº¿c S24 Ultra nÃ y. ChÃºng ta báº¯t Ä‘áº§u vá»›i mÃ n hÃ¬nh Dynamic AMOLED 2X, kÃ­ch thÆ°á»›c 6.8 inch, tá»‘c Ä‘á»™ lÃ m tÆ°Æ¡i 120Hz. Náº¿u nhÆ° nÄƒm ngoÃ¡i, máº·t kÃ­nh Ä‘Æ°á»£c báº» cong máº¡nh vÃ  ráº¥t nhá» á»Ÿ pháº§n mÃ©p 2 bÃªn, thÃ¬ vá»›i S24 Ultra, mÃ¬nh cáº£m nháº­n mÃ n hÃ¬nh Ä‘Æ°á»£c lÃ m pháº³ng hÆ¡n, giÃºp cho nÃ³ trá»Ÿ thÃ nh má»™t khá»‘i liá»n láº¡c. Kháº£ nÄƒng hiá»ƒn thá»‹ cá»§a táº¥m ná»n AMOLED Samsung thÃ¬ khÃ´ng cáº§n bÃ n cÃ£i gÃ¬ nhiá»u, váº«n sáº¯c nÃ©t vÃ  mÃ u sáº¯c sá»‘ng Ä‘á»™ng nháº¥t. TrÃªn mÃ n hÃ¬nh thÃ¬ cÃ³ má»™t lá»— nhá» dÃ nh cho camera trÆ°á»›c nhÆ°ng kÃ­ch thÆ°á»›c khÃ´ng lá»›n, khÃ´ng áº£nh hÆ°á»Ÿng nhiá»u Ä‘áº¿n viá»‡c xem ná»™i dung trÃªn chiáº¿c mÃ¡y nÃ y.
Äiá»ƒm cáº£i tiáº¿n cáº§n pháº£i nháº¯c tá»›i trÃªn Samsung Galaxy S24 Ultra vá» máº·t hiá»ƒn thá»‹ Ä‘Ã³ lÃ  mÃ n hÃ¬nh cá»§a nÃ³ giá» cÃ³ Ä‘á»™ sÃ¡ng peak khi hiá»ƒn thá»‹ cÃ¡c ná»™i dung HDR cao hÆ¡n Ä‘Ã¡ng ká»ƒ, Ä‘áº¡t 2600 nit. Äiá»u nÃ y giÃºp anh em cÃ³ thá»ƒ xem cÃ¡c ná»™i dung HDR vá»›i Ä‘á»™ sÃ¡ng tá»‘t hÆ¡n, vÃ  khi sá»­ dá»¥ng mÃ¡y ngoÃ i trá»i thÃ¬ cÅ©ng cÃ³ thá»ƒ dá»… dÃ ng theo dÃµi cÃ¡c ná»™i dung hÆ¡n. MÃ n hÃ¬nh kÃ­ch thÆ°á»›c lá»›n cá»§a mÃ¡y khÃ´ng nhá»¯ng giÃºp cho viá»‡c Ä‘á»c ná»™i dung dá»… dÃ ng, ghi chÃº báº±ng bÃºt cÅ©ng tiá»‡n mÃ  phá»¥c vá»¥ nhu cáº§u giáº£i trÃ­, cháº³ng háº¡n nhÆ° chÆ¡i game hay xem phim cÅ©ng ráº¥t tá»‘t.
NÄƒm ngoÃ¡i, mÃ¬nh Ä‘Ã£ cá»±c ká»³ áº¥n tÆ°á»£ng vá»›i kháº£ nÄƒng chá»¥p áº£nh thá»±c táº¿ cá»§a dÃ²ng S23 Ultra sau khi máº¥y anh mod bÃªn team camera cá»§a mÃ¬nh cÃ³ dá»‹p Ä‘i chá»¥p thá»­ máº¥y bá»™ áº£nh vá»›i chiáº¿c mÃ¡y nÃ y. Giá» Ä‘Ã¢y trÃªn tháº¿ há»‡ má»›i, Samsung tiáº¿p tá»¥c hoÃ n chá»‰nh há»‡ thá»‘ng camera nÃ y Ä‘á»ƒ cho cháº¥t lÆ°á»£ng chá»¥p tá»‘t hÆ¡n, Ä‘áº·c biá»‡t lÃ  trong Ä‘iá»u kiá»‡n thiáº¿u sÃ¡ng. TrÃªn Galaxy S24 Ultra, Samsung tiáº¿p tá»¥c trang bá»‹ cho chiáº¿c mÃ¡y nÃ y cáº£m biáº¿n Ä‘á»™ phÃ¢n giáº£i 200MP, chÃºng ta váº«n sáº½ cÃ³ cÃ´ng nghá»‡ pixel binding gá»™p cÃ¡c Ä‘iá»ƒm áº£nh láº¡i vá»›i nhau, chá»‘ng rung cáº£ quang há»c láº«n Ä‘iá»‡n tá»­ Ä‘Æ°á»£c Ã¡p dá»¥ng cÃ¡c thuáº­t toÃ¡n máº¡nh máº½ hÆ¡n nháº±m mang láº¡i hiá»‡u suáº¥t chá»¥p áº£nh cao hÆ¡n.
Viá»‡c nÃ¢ng Ä‘á»™ phÃ¢n giáº£i cá»§a cáº£m biáº¿n bÃªn cáº¡nh viá»‡c cáº£i thiá»‡n vá» báº£n cháº¥t cháº¥t lÆ°á»£ng hÃ¬nh áº£nh, thÃ¬ ngoÃ i ra, viá»‡c hÆ°á»›ng tá»›i in ra nhá»¯ng bá»©c áº£nh chá»¥p báº±ng Ä‘iá»‡n thoáº¡i cÅ©ng sáº½ tá»‘t hÆ¡n. Vá» máº·t cáº¥u hÃ¬nh, ngoÃ i camera gÃ³c rá»™ng 200 MP, mÃ¡y cÅ©ng cÃ³ camera gÃ³c siÃªu rá»™ng 12 MP. á»ng kÃ­nh tele cá»§a mÃ¡y cÃ³ kháº£ nÄƒng zoom quang há»c 3x (10MP), 5x (50MP) vÃ  zoom â€œchuáº©n quang há»câ€ 2x, 10x. Samsung nháº¥n máº¡nh vÃ o kháº£ nÄƒng chá»¥p zoom á»Ÿ Ä‘iá»u kiá»‡n thiáº¿u sÃ¡ng, má»™t tÃ­nh nÄƒng mÃ  há» gá»i lÃ  Máº¯t Tháº§n BÃ³ng ÄÃªm. Hy vá»ng lÃ  sáº¯p tá»›i Tinh táº¿ cÃ³ dá»‹p Ä‘Æ°á»£c tráº£i nghiá»‡m kháº£ nÄƒng chá»¥p cÃ¹ng vá»›i nhá»¯ng nÃ¢ng cáº¥p trÃªn há»‡ thá»‘ng camera cá»§a mÃ¡y.
MÃ¡y má»›i thÃ¬ pháº£i Ä‘i kÃ¨m vá»›i vi xá»­ lÃ½ má»›i, Samsung Galaxy S24 Ultra cháº¯c cháº¯n cÅ©ng khÃ´ng ngoáº¡i lá»‡. Galaxy S24 Ultra Ä‘Æ°á»£c trang bá»‹ Snapdragon 8 Gen 3 - nÃ³ lÃ  yáº¿u tá»‘ giÃºp cho táº¥t cáº£ nhá»¯ng tÃ¡c vá»¥ AI hoáº·c camera Ä‘Æ°á»£c diá»…n ra má»™t cÃ¡ch nhanh chÃ³ng vÃ  trÆ¡n tru nháº¥t. Snapdragon 8 Gen 3 Ä‘Æ°á»£c sáº£n xuáº¥t trÃªn tiáº¿n trÃ¬nh 4nm N4P cá»§a TSMC, Ä‘Ã¢y lÃ  quy trÃ¬nh sáº£n xuáº¥t Ä‘Ã£ xuáº¥t hiá»‡n trÃªn Snapdragon 8 Gen 2 trÆ°á»›c Ä‘Ã³ cÅ©ng nhÆ° má»™t sá»‘ dÃ²ng SoC khÃ¡c. Tuy nhiÃªn, Ä‘iá»u quan trá»ng hÆ¡n lÃ  Snapdragon 8 Gen 3 Ä‘em láº¡i hiá»‡u nÄƒng CPU nhanh hÆ¡n 30% so vá»›i tiá»n nhiá»‡m nhÆ°ng tiáº¿t kiá»‡m nÄƒng lÆ°á»£ng hÆ¡n 20%.
So vá»›i ngÆ°á»i tiá»n nhiá»‡m Snapdragon 8 Gen 2, NPU má»›i trÃªn Snapdragon 8 Gen 3 ngoÃ i cáº£i thiá»‡n hiá»‡u nÄƒng thÃ¬ cÃ²n Ä‘em láº¡i hiá»‡u quáº£ nÄƒng lÆ°á»£ng Ä‘áº¿n 40%. Snapdragon 8 Gen 3 Ä‘Æ°á»£c Qualcomm thiáº¿t káº¿ Ä‘á»ƒ táº­n dá»¥ng sá»©c máº¡nh xá»­ lÃ½ â€œAI on-deviceâ€, tÆ°Æ¡ng tá»± nhÆ°
Google
Tensor G3 Ä‘ang lÃ m. MÃ¡y cÅ©ng Ä‘Æ°á»£c trang bá»‹ RAM tá»›i 12GB, giÃºp cho mÃ¡y váº«n hoáº¡t Ä‘á»™ng nhanh, hiá»‡u quáº£ khi thá»±c hiá»‡n cÃ¹ng lÃºc nhiá»u tÃ¡c vá»¥. NgoÃ i ra, Samsung cÅ©ng cáº£i thiá»‡n há»‡ thá»‘ng táº£n nhiá»‡t cá»§a mÃ¡y Ä‘á»ƒ giÃºp cho hiá»‡u nÄƒng cá»§a mÃ¡y luÃ´n Ä‘Æ°á»£c duy trÃ¬ khi nhiá»‡t báº¯t Ä‘áº§u sinh ra tá»« SoC khi nÃ³ lÃ m viá»‡c vá»›i táº§n suáº¥t cao.
Samsung Galaxy S24 Ultra vá»›i nhá»¯ng nÃ¢ng cáº¥p nÃ³i trÃªn thá»±c sá»± sáº½ lÃ  má»™t chiáº¿c flaghship vÃ´ cÃ¹ng háº¥p dáº«n trong thá»i gian tá»›i, vá»›i hÃ ng loáº¡t cÃ¡c tiá»‡n Ã­ch há»©a háº¹n sáº½ phá»¥c vá»¥ cho tá»‘i Ä‘a cÃ¡c nhu cáº§u khÃ¡c nhau cá»§a ngÆ°á»i dÃ¹ng. MÃ¬nh cÅ©ng hÃ³ng sá»›m cÃ³ mÃ¡y Ä‘á»ƒ chia sáº» nhanh vá»›i anh em vá» nhá»¯ng tráº£i nghiá»‡m cá»§a mÃ¬nh Ä‘á»‘i vá»›i thiáº¿t bá»‹ nÃ y."
https://tinhte.vn/thread/galaxy-s24-ultra-co-the-ho-tro-sac-nhanh-den-65w-nho-cong-nghe-pin-moi.3691825/,Galaxy S24 Ultra cÃ³ thá»ƒ há»— trá»£ sáº¡c nhanh Ä‘áº¿n 65W nhá» cÃ´ng nghá»‡ pin má»›i?,vn_ninja,14/7/2023 8:11,95,"BÃ¡o cÃ¡o má»›i tá»« leaker hay rÃ² rá»‰ thÃ´ng tin vá»
Samsung
, @RGClouds cho biáº¿t:
Hiá»‡n táº¡i Samsung chá»‰ Ä‘ang cháº¡y thá»­ nghiá»‡m cÃ´ng nghá»‡ pin má»›i táº¡i má»™t nhÃ  mÃ¡y á»Ÿ Trung Quá»‘c vÃ¬ váº­y sáº½ tuá»³ vÃ o chuá»—i cung á»©ng Ä‘á»ƒ quyáº¿t Ä‘á»‹nh cÃ³ trang bá»‹ trÃªn S24 Plus hay khÃ´ng? NgoÃ i ra S24 thÆ°á»ng sáº½ cÃ³ thá»ƒ bá»‹ káº¹t á»Ÿ má»©c 25W trong má»™t nÄƒm ná»¯a.
CÃ´ng nghá»‡ pin xáº¿p chá»“ng
Ä‘á» cáº­p Ä‘áº¿n cÃ¡ch sáº¯p xáº¿p cÃ¡c cell pin Ä‘á»ƒ Ä‘áº¡t Ä‘Æ°á»£c máº­t Ä‘á»™ nÄƒng lÆ°á»£ng tá»‘i Æ°u hÆ¡n trong cÃ¹ng má»™t Ä‘Æ¡n vá»‹ thá»ƒ tÃ­ch. NghÄ©a lÃ  thiáº¿t bá»‹ sáº½ cÃ³ pin dung lÆ°á»£ng cao hÆ¡n mÃ  khÃ´ng pháº£i tÄƒng thÃªm kÃ­ch thÆ°á»›c hoáº·c giá»¯ nguyÃªn dung lÆ°á»£ng pin nhÆ°ng cÃ³ thÃªm khÃ´ng gian cho cÃ¡c thÃ nh pháº§n khÃ¡c.
â†’ Xem thÃªm:
GSMarena"
https://tinhte.vn/thread/samsung-galaxy-s24-ultra-se-ho-tro-quay-video-4k-120fps.3753217/,Samsung Galaxy S24 Ultra sáº½ há»— trá»£ quay video 4K@120fps?,Pnghuy,1/1/2024 19:26,117,"Nguá»“n tin tá»« leaker Ice Universe trÃªn X (Twitter) cho biáº¿t,
Samsung
cÃ³ thá»ƒ giá»›i thiá»‡u kháº£ nÄƒng quay video 4K@120fps trÃªn dÃ²ng
Galaxy S24 series
má»›i, máº«u flagship káº¿t tiáº¿p cá»§a nhÃ  Samsung sáº½ ra máº¯t trong khoáº£ng 2 tuáº§n ná»¯a.
Hiá»‡n táº¡i vá»›i Galaxy S23 series thÃ¬ giá»›i háº¡n quay video 4K váº«n Ä‘ang náº±m á»Ÿ con sá»‘ 60fps, tuy nhiÃªn vá»›i cáº£m biáº¿n má»›i cÃ³ thá»ƒ giÃºp cho Galaxy S24 series quay Ä‘Æ°á»£c video 4K@120fps.
KhÃ´ng pháº£i chÆ°a cÃ³ máº«u smartphone nÃ o Ä‘Æ°á»£c trang bá»‹ kháº£ nÄƒng quay video 4K@120fps, trÆ°á»›c Ä‘Ã¢y OnePlus Ä‘Ã£ trang bá»‹ cho OnePlus 9 Pro, OnePlus 10 Pro, tháº­t ra cáº£m biáº¿n cá»§a Galaxy S23 Ultra hiá»‡n táº¡i hoÃ n toÃ n lÃ m Ä‘Æ°á»£c chuyá»‡n Ä‘Ã³, nhÆ°ng Samsung hiá»‡n váº«n giá»›i háº¡n á»Ÿ 4K@60fps.
Má»™t sá»‘ tin Ä‘á»“n khÃ¡c vá»
Galaxy S24 Ultra
nhÆ° loáº¡i bá» á»‘ng kÃ­nh tele 10x, thiáº¿t káº¿ mÃ n hÃ¬nh pháº³ng hoÃ n toÃ n vÃ  vuÃ´ng vá»©c, riÃªng báº£n S24 vÃ  S24 Plus sáº½ cÃ³ thiáº¿t káº¿ gáº§n nhÆ° khÃ´ng thay Ä‘á»•i so vá»›i phiÃªn báº£n S23 hiá»‡n táº¡i.
Nguá»“n tin cÃ²n Ä‘Æ°a thÃªm thÃ´ng tin ráº±ng Galaxy S24 series sáº½ cÃ³ chÆ°Æ¡ng trÃ¬nh Ä‘áº·t trÆ°á»›c vá»›i nhiá»u khuyáº¿n mÃ£i vÃ  tháº­m chÃ­ lÃ  giáº£m giÃ¡ Ä‘á»ƒ nÃ¢ng cáº¥p lÃªn nhá»¯ng phiÃªn báº£n bá»™ nhá»› lÆ°u trá»¯ cao hÆ¡n, nhÆ°ng Ä‘iá»u nÃ y á»Ÿ Viá»‡t Nam váº«n Ä‘ang diá»…n ra nhiá»u nÄƒm nay
ğŸ˜
.
Anh em mong chá» Ä‘iá»u gÃ¬ á»Ÿ Galaxy S24 series ha
:D
.
Xem thÃªm:
Samsung Galaxy S24 Ultra sáº½ cÃ³ mÃ n hÃ¬nh pháº³ng vÃ  thiáº¿t káº¿ ráº¥t vuÃ´ng?
9to5Google
."
https://tinhte.vn/thread/them-hinh-render-galaxy-s24-ultra-phang-hon.3744061/,ThÃªm hÃ¬nh render Galaxy S24 Ultra: pháº³ng hÆ¡n,Didu,2/12/2023 0:53,50,"HÃ¬nh áº£nh render tá»« Windows Report hÃ´m nay cá»§ng cá»‘ thÃªm niá»m tin ráº±ng
Galaxy S24 Ultra
cuá»‘i cÃ¹ng cÅ©ng sáº½ sá»­ dá»¥ng panel mÃ n hÃ¬nh pháº³ng. NgoÃ i ra, mÃ¡y váº«n cÃ³ cÃ¡ch bá»‘ trÃ­ cá»¥m camera gáº§n giá»‘ng S23 Ultra, khung viá»n chuyá»ƒn sang titan vÃ  cÃ³ má»™t mÃ u xÃ¡nh nháº¡t má»›i.
Tá»« hÃ¬nh render nÃ y cÃ³ thá»ƒ suy luáº­n toÃ n bá»™ mÃ n hÃ¬nh cá»§a S24 Ultra sáº½ lÃ  táº¥m kÃ­nh vÃ  hiá»ƒn thá»‹ pháº³ng, chá»© khÃ´ng cong nháº¹ nhÆ° S23 Ultra, vá»›i bá»‘n viá»n mÃ n hÃ¬nh Ä‘á»u nhau hÆ¡n. MÃ¡y váº«n sáº½ cÃ³ kiá»ƒu thiáº¿t káº¿ lÃ  hai viá»n trÃªn dÆ°á»›i pháº³ng trong khi viá»n trÃ¡i vÃ  pháº£i hÆ¡i cong. Khe bÃºt S Pen váº«n Ä‘áº·t dÆ°á»›i Ä‘Ã¡y. Má»™t sá»‘ thay Ä‘á»•i khÃ¡c nhÆ° khung viá»n titan má»›i cÅ©ng ráº¥t Ä‘Ã¡ng mong chá», camera tele 5x 50MP, khoang táº£n nhiá»‡t tá»‘t hÆ¡n vÃ  WiFi 7.
Samsung
Ä‘Ã£ tá»«ng demo tÃ­nh nÄƒng Zoom Anyplace báº±ng AI, ngoÃ i ra S24 Ä‘Æ°á»£c cho sáº½ sá»­ dá»¥ng mÃ´ hÃ¬nh Generative AI riÃªng cho nhá»¯ng tÃ­nh nÄƒng pháº§n má»m, má»™t trong sá»‘ Ä‘Ã³ lÃ  dá»‹ch ngÃ´n ngá»¯ thá»i gian thá»±c vá»›i cÃ¡c á»©ng dá»¥ng nháº¯n tin.
Nguá»“n:
The Verge"
