Reviewer name,Content,Rating,Rating date,Crawl date
HÆ°ng L.,"MÃ¬nh Ä‘áº·t hÃ´m sÃ¡ng 11/11 lÃ  tá»‘i nháº­n rá»“i, ráº¥t nhanh luÃ´n Ã¡! Láº§n Ä‘áº§u mua Ä‘iá»‡n thoáº¡i online trÃªn nÃ y hÆ¡i rÃ©n nhÆ°ng mÃ  cskh vÃ  dá»‹ch vá»¥ á»•n nÃªn ráº¥t hÃ i lÃ²ng.
MÃ¬nh xÃ i sau 2 tuáº§n tháº¥y á»•n, khÃ´ng cÃ³ váº¥n Ä‘á» gÃ¬! LiÃªn há»‡ vá»›i lzd láº¥y hoÃ¡ Ä‘Æ¡n mua hÃ ng cÅ©ng ráº¥t nhanh.
 Cháº¥t lÆ°á»£ng: Tá»‘t, khÃ´ng bá»‹ tráº§y xÆ°á»›c. HÃ ng má»›i nguyÃªn seal 100%
 ",5,26 thg 11 2023,2024-01-13
DÆ° T.,"ÄÃ£ nháº­n Ä‘Æ°á»£c sáº£n pháº©m Ä‘Ãºng háº¹n. ÄÃ³ng gÃ³i cáº©n tháº­n, sáº£n pháº©m cÃ²n nguyÃªn tem chÃ­nh hÃ£ng kÃ¨m tem cá»§a Lazada. Ráº¥t Æ°ng Ã½ vs sáº£n pháº©m ",5,30 thg 9 2023,2024-01-13
Nguyen H.,"ÄÃ£ nháº­n hÃ ng 10h sÃ¡ng, mÃ¬nh lÃ  ngÆ°á»i Ä‘Ã¡nh giÃ¡ Ä‘áº§u tiÃªn thÃ¬ cÃ³ Ä‘Æ°á»£c quÃ  khÃ´ng shop ğŸ˜† Láº§n Ä‘áº§u tiÃªn mua Ä‘iá»‡n thoáº¡i qua Lazada, ban Ä‘áº§u khÃ¡ lo láº¯ng nhÆ°ng nháº­n rá»“i thÃ¬ yÃªn tÃ¢m háº³n, máº¥y lá»›p niÃªm phong, mua Ä‘i cÃ¡c báº¡n Æ¡i, mua trÃªn Ä‘Ã¢y giÃ¡ tá»‘t ná»¯a. ThÃ­ch mÃª ğŸ¥°ğŸ¥°ğŸ¥° ",5,29 thg 9 2023,2024-01-13
Nguyá»…n V.,"Dá»‹ch vá»¥ khÃ¡ch hÃ ng xuáº¥t sáº¯c, Chip A17 máº¡nh máº½ cho viá»‡c Ä‘a nhiá»‡m mÆ°á»£t mÃ ,  ",5,4 ngÃ y trÆ°á»›c,2024-01-13
T***2,"giao hÃ ng nhanh chÃ³ng, Ä‘Ã³ng gÃ³i caan tháº­n cháº¯c cháº¯n, lhas lÃ  ok ",5,3 tuáº§n trÆ°á»›c,2024-01-13
VÅ© N.,"HÃ ng nháº­n Ä‘áº¹p Ä‘Ãºng nhÆ° mÃ´ táº£, Ä‘Ã³ng gÃ³i cáº©n tháº­n. Giao HÃ ng nhanh ",5,4 tuáº§n trÆ°á»›c,2024-01-13
NhÃ¢n T.,"Thiáº¿t káº¿ sang trá»ng vÃ  hiá»‡n Ä‘áº¡i, MÃ u Ä‘áº¹p Ä‘á»•i dÆ°á»›i Ä‘iá»u kiá»‡n Ã¡nh sÃ¡ng khÃ¡c nhau ",5,2 tuáº§n trÆ°á»›c,2024-01-13
9***4,Nháº­n hÃ ng nhÆ°ng liÃªn há»‡ vá»›i shop k ai tráº£ lá»i. K cÃ³ kÃ¨m giáº¥y hoÃ¡ Ä‘Æ¡n cá»§a shop nÃªn k biáº¿t cháº¿ Ä‘á»™ báº£o hÃ nh ntn. ,5,3 tuáº§n trÆ°á»›c,2024-01-13
S***m,"Cháº¥t lÆ°á»£ng:  xá»‹n
 Cháº¥t liá»‡u:  titan, nháº¹ tay
 TÃ­nh nÄƒng:  full chá»©c nÄƒng cáº§n thiáº¿t
MÃ¡y cáº§m nháº¹ tay hÆ¡n cÃ¡c dÃ²ng prm Ä‘á»i trÆ°á»›c nhiá»u ",5,4 tuáº§n trÆ°á»›c,2024-01-13
phan V.,"Giao hÃ ng hÆ¡i lÃ¢u, Ä‘áº·t hÃ ng 12/12/2023 mÃ  15/12/2023 má»›i giao ",5,4 tuáº§n trÆ°á»›c,2024-01-13
t***.,"TÃ­nh nÄƒng:  tá»‘t nhiá»u tÃ­nh nÄƒng vÃ  cÃ´ng dá»¥ng 
 Cháº¥t lÆ°á»£ng:  sd mÃ¡y hÆ¡i nÃ³ng nha
 Cháº¥t liá»‡u:  titanium 
MÃ¬nh mua sale 12/12 giÃ¡ ráº» hÆ¡n bÃªn ngoÃ i 
Cam iPhone 15 promax ta nÃ³i chá»¥p áº£nh lÃªn sÃ¡ng siÃªu Ä‘áº¹p luÃ´n 
Ai muá»‘n cÃ³ áº£nh slay mua liá»n nhÃ© 
VÃ  14/12 nháº­n Ä‘Æ°á»£c mÃ¡y ( tuy hÆ¡i lÃ¢u nha vÃ¬ bá»¯a Ä‘Ã³ mÃ¬nh tháº¥y Ä‘Ã£ bÃ¡n Ä‘c hÆ¡n 1300 chiáº¿c láº­n ) 
XÃ i lÃ¢u lÃ  mÃ¡y sáº½ nÃ³ng nha dÃ¹ mÃ¬nh Ä‘Ã£ nÃ¢p cáº¥p lÃªn ios 17.2.1 rá»“i mÃ  nÃ³ng mÃ¡y 
CÃ³ tem cá»§a lazasa vÃ  mÃ¬nh check imei thÃ¬ ra nha nhÆ°ng tháº­t sá»± váº«n sá»£ vÃ¬ láº§m Ä‘áº§u mua hÃ ng giÃ¡ trá»‹ cao nhÆ° váº­y luÃ´n Ã¡ hÆ¡n 30tr mÃ  
Hnay 28/12 mÃ¬nh mua Ä‘c 2 tuáº§n rá»“i cáº£m tháº¥y ok pin sd Ä‘c 1 ngÃ y nha 
Mua thÃªm cá»¥c sáº¡c,  sáº¡c nhanh láº¯m 
 ",5,2 tuáº§n trÆ°á»›c,2024-01-13
8***9,"Giao hÃ ng nhanh chÃ³ng vÃ  Ä‘Ã¡ng tin cáº­y, CÃ³ thÃªm nhiá»u voucher Æ°u Ä‘Ã£i dÃ nh cho khÃ¡ch hÃ ng hÆ¡n ná»¯a. PhÆ°Æ¡ng thá»©c Ä‘Äƒng nháº­p tiá»‡n Ã­ch vÃ  thanh toÃ¡n khÃ´ng Ä‘á»ƒ bá»‹ treo tÃ i khoáº£n. CÃ³ 1 vÃ i yáº¿u tá»‘ cáº§n kháº¯c phá»¥c trong phÆ°Æ¡ng thá»©c thanh toÃ¡n hÃ ng. ",5,14 thg 12 2023,2024-01-13
VÅ© K.,"Chip A17 máº¡nh máº½ cho viá»‡c Ä‘a nhiá»‡m mÆ°á»£t mÃ , Thá»i lÆ°á»£ng pin lÃ¢u dÃ i,  ",5,3 ngÃ y trÆ°á»›c,2024-01-13
Triáº¿t,MÃ¡y má»›i nguyÃªn seal nhÆ° mÃ´ táº£. MÃ¬nh má»›i dÃ¹ng Ä‘Æ°á»£c vÃ i tiáº¿ng tháº¥y ráº¥t hÃ i lÃ²ng. ,5,13 thg 12 2023,2024-01-13
9***3,"Hiá»‡u nÄƒng mÆ°á»£t mÃ  vÃ  nhanh chÃ³ng, Dung lÆ°á»£ng lÆ°u trá»¯ áº¥n tÆ°á»£ng,  ",5,13 thg 12 2023,2024-01-13
Hoanghuy D.,ÄÃ³ng gÃ³i cáº©n tháº­n chu Ä‘Ã¡o. Sáº£n pháº©m Ä‘áº¹p Ä‘Ãºng mÃ u Æ°ng Ã½. Sáº½ quay láº¡i shop mua ,5,2 tuáº§n trÆ°á»›c,2024-01-13
Nguyá»…n N.,"Sá»­ dá»¥ng cháº¥t liá»‡u cao cáº¥p, Dung lÆ°á»£ng lÆ°u trá»¯ áº¥n tÆ°á»£ng, Há»‡ Ä‘iá»u hÃ nh iOS tiá»‡n lá»£i vÃ  dá»… sá»­ dá»¥ng, Dá»‹ch vá»¥ khÃ¡ch hÃ ng xuáº¥t sáº¯c,  ",5,14 thg 12 2023,2024-01-13
0***9,"Thiáº¿t káº¿ sang trá»ng vÃ  hiá»‡n Ä‘áº¡i, Giao hÃ ng nhanh chÃ³ng vÃ  Ä‘Ã¡ng tin cáº­y,  ",5,13 thg 12 2023,2024-01-13
8***9,"HÃ ng nháº­n Ä‘áº¹p Ä‘Ãºng nhÆ° mÃ´ táº£, Ä‘Ã³ng gÃ³i cáº©n tháº­n. Giao hÃ ng nhanh  ",5,13 thg 12 2023,2024-01-13
T***.,"Thá»i lÆ°á»£ng pin lÃ¢u dÃ i, Chip A17 máº¡nh máº½ cho viá»‡c Ä‘a nhiá»‡m mÆ°á»£t mÃ , Há»‡ Ä‘iá»u hÃ nh iOS tiá»‡n lá»£i vÃ  dá»… sá»­ dá»¥ng, Giao hÃ ng nhanh chÃ³ng vÃ  Ä‘Ã¡ng tin cáº­y,  ",5,3 tuáº§n trÆ°á»›c,2024-01-13
V***.,"Giao hÃ ng nhanh, Ä‘Ã³ng gÃ³i cháº¯c cháº¯n. NhÃ¢n viÃªn giao hÃ ng cáº©n tháº­n! ",5,13 thg 12 2023,2024-01-13
8***9,CÃ³ thÃªm nhiá»u voucher Æ°u Ä‘Ã£i dÃ nh cho khÃ¡ch hÃ ng hÆ¡n ná»¯a. PhÆ°Æ¡ng thá»©c Ä‘Äƒng nháº­p tiá»‡n Ã­ch vÃ  thanh toÃ¡n khÃ´ng Ä‘á»ƒ bá»‹ treo tÃ i khoáº£n. CÃ³ 1 vÃ i yáº¿u tá»‘ cáº§n kháº¯c phá»¥c trong phÆ°Æ¡ng thá»©c thanh toÃ¡n hÃ ng. ,5,14 thg 12 2023,2024-01-13
K***8,"Chip A17 máº¡nh máº½ cho viá»‡c Ä‘a nhiá»‡m mÆ°á»£t mÃ , Thá»i lÆ°á»£ng pin lÃ¢u dÃ i,  ",5,23 thg 11 2023,2024-01-13
8***9,CÃ³ thÃªm nhiá»u voucher Æ°u Ä‘Ã£i dÃ nh cho khÃ¡ch hÃ ng hÆ¡n ná»¯a. PhÆ°Æ¡ng thá»©c Ä‘Äƒng nháº­p tiá»‡n Ã­ch vÃ  thanh toÃ¡n khÃ´ng Ä‘á»ƒ bá»‹ treo tÃ i khoáº£n. CÃ³ 1 vÃ i yáº¿u tá»‘ cáº§n kháº¯c phá»¥c trong phÆ°Æ¡ng thá»©c thanh toÃ¡n hÃ ng. ,5,14 thg 12 2023,2024-01-13
A***.,"Giao hÃ ng nhanh chÃ³ng vÃ  Ä‘Ã¡ng tin cáº­y, MÃ u sáº¯c hiá»ƒn thá»‹ sá»‘ng Ä‘á»™ng, Thá»i lÆ°á»£ng pin lÃ¢u dÃ i,  ",5,18 thg 11 2023,2024-01-13
Ngá»c C.,"Láº§n Ä‘áº§u mua Ä‘iá»‡n thoáº¡i onl hÃ ng chÃ­nh hÃ£ng, giao hÃ ng nhanh. Mua Ä‘Æ°á»£c mÃ u mÃ¬nh thÃ­ch giÃ¡ há»i ná»­a!!! ",5,16 thg 11 2023,2024-01-13
N***.,"tuyet voi luon. hang chinh hang. dep. chuan
lan Ä‘áº§u mua sá»‘ tiá»n lá»›n mÃ  hÃ i lÃ²ng tháº¿ nÃ y ",5,13 thg 11 2023,2024-01-13
8***9,ÄÃ£ nháº­n Ä‘Æ°á»£c hÃ ng chuáº©n hÃ ng chÃ­nh hangc giao hang nhanh Ä‘Ã³ng gÃ³i cáº©n tháº­n ,5,14 thg 11 2023,2024-01-13
VÅ© N.,"TÃ­nh nÄƒng:  ok
 Cháº¥t lÆ°á»£ng:  tá»‘t 
 Cháº¥t liá»‡u:  Ä‘áº¹p 
HÃ ng nháº­n Ä‘áº¹p Ä‘Ãºng nhÆ° mÃ´ táº£, Ä‘Ã³ng gÃ³i cáº©n tháº­n. Giao hÃ ng nhanh  ",5,13 thg 11 2023,2024-01-13
9***3,"HÃ ng nháº­n Ä‘áº¹p Ä‘Ãºng nhÆ° mÃ´ táº£, Ä‘Ã³ng gÃ³i cáº©n tháº­n. Giao hÃ ng nhanh  ",5,13 thg 11 2023,2024-01-13
Nguyá»…n H.,"Giao hÃ ng cá»±c nhanh, shipper kÄ© tÃ­nh hÃ ng lazada mall thÃ¬ khÃ´ng cÃ³ gÃ¬ bÃ n cÃ£i.  ",5,11 thg 11 2023,2024-01-13
Teddy N.,"HÃ ng nháº­n Ä‘áº¹p Ä‘Ãºng nhÆ° mÃ´ táº£, Ä‘Ã³ng gÃ³i cáº©n tháº­n. Giao hÃ ng nhanh  ",5,4 tuáº§n trÆ°á»›c,2024-01-13
Minh N.,"Sáº£n pháº©m chÃ­nh hÃ£ng, khÃ´ng há» cÃ³ sá»± sai sÃ³t nÃ o tá»« sáº£n pháº©m Ä‘áº¿n viá»‡c Ä‘Ã³ng gÃ³i, giao sáº£n pháº©m.
GiÃ¡ sÄƒn sale ráº¥t tá»‘t, ráº» hÆ¡n cÃ¡c trung tÃ¢m Ä‘iá»‡n thoáº¡i lá»›n ráº¥t nhiá»u. ",5,4 tuáº§n trÆ°á»›c,2024-01-13
Teddy N.,"HÃ ng nháº­n Ä‘áº¹p chuáº©n nhÆ° mÃ´ táº£, giao hÃ ng nhanh chuáº©n thá»i gian  ",5,19 thg 11 2023,2024-01-13
Máº¡nh H.,"Sá»­ dá»¥ng cháº¥t liá»‡u cao cáº¥p, HÃ ng chuáº©n chÃ­nh hÃ£ng lsau láº¡i á»§ng há»™ shop ",5,19 thg 11 2023,2024-01-13
M***.,"Sá»­ dá»¥ng cháº¥t liá»‡u cao cáº¥p, HÃ ng chuáº©n chÃ­nh hÃ£ng lsau láº¡i á»§ng há»™ shop ",5,19 thg 11 2023,2024-01-13
P***.,"TÃ­nh nÄƒng: Ä‘iá»‡n thoáº¡i
 Cháº¥t lÆ°á»£ng: tá»‘t
 Cháº¥t liá»‡u: titan
HÃ ng chÃ­nh hÃ£ng giao hÃ ng nhanh Ä‘Ã³ng gÃ³i ká»¹, mua hÃ ng giÃ¡ trá»‹ cao nhÆ°ng ráº¥t yÃªn tÃ¢m, Ä‘áº·t buá»•i sÃ¡ng chiá»u tá»‘i cÃ³ hÃ ng luÃ´n tuyá»‡t vá»i , hÃ ng má»›i nguyÃªn seal nguyÃªn kiá»‡n ko chÃª vÃ o Ä‘Ã¢u Ä‘c , sáº½ á»§ng há»™ tiáº¿p tá»¥c  ",5,28 thg 10 2023,2024-01-13
CÆ°á»ng N.,"Cháº¥t lÆ°á»£ng: oki
 Cháº¥t liá»‡u: oki
 TÃ­nh nÄƒng: oki
 ",5,27 thg 10 2023,2024-01-13
N***.,"Láº§n Ä‘áº§u Ä‘áº·t hÃ ng qua lazada mall, giao hÃ ng nhanh, Ä‘áº·t tá»‘i lÃ  chiá»u mai cÃ³ liá»n, ráº¥t Æ°ng Ã½ ",5,27 thg 10 2023,2024-01-13
Trung N.,Giao hÃ ng nhanh. GÃ³i hÃ ng cáº©n tháº­n. CÃ²n vá» IP thÃ¬ khÃ´ng cáº§n pháº£i nháº­n xÃ©t rá»“i. HÃ¬nh áº£nh bÃªn dÆ°á»›i chá»‰ mang tÃ­nh cháº¥t nháº­n xu. Äc quay vÃ  chá»¥p báº±ng chÃ­nh IP má»›i mua.  ,5,05 thg 10 2023,2024-01-13
Nguyá»…n N.,"TÃ­nh nÄƒng: camera Ä‘áº¹p chá»¥p tá»‘i ok
 Cháº¥t lÆ°á»£ng: cáº§m nháº¹ hÆ¡n 14. Cáº¡nh sau vÃ¡t cho cáº£m giÃ¡c cáº§m náº¯m thoáº£i mÃ¡i hÆ¡n
 Cháº¥t liá»‡u: titanium nhÃ¡m Ä‘á»¡ bÃ¡m vÃ¢n tay, nhÃ¬n sang trá»ng
 ",5,02 thg 10 2023,2024-01-13
LÃª Ä.,"
Cháº¥t lÆ°á»£ng sáº£n pháº©m tuyá»‡t vá»i! ÄÃ³ng gÃ³i cáº©n tháº­n! Váº­n chuyá»ƒn hÃ ng nhanh! Sáº½ á»§ng há»™ shop lÃ¢u dÃ i.ğŸ˜
 ",5,12 thg 10 2023,2024-01-13
HoÃ ng T.,HÃ ng chuáº©n ngon lÃ nh cÃ nh Ä‘Ã o ,5,01 thg 10 2023,2024-01-13
c***n,"
CÃ¡m Æ¡n Shop vÃ  Team CS Lazada Ä‘Ã£ cho MÃ¬nh sá»± tráº£i nghiá»‡m tuyá»‡t vá»i trong Ä‘á»£t ngÃ y má»Ÿ bÃ¡n! SÄƒn Ä‘Æ°á»£c mÃ u yÃªu thÃ­ch vÃ  dung lÆ°á»£ng sá»­ dá»¥ng phÃ¹ há»£p, giao nhanh, Ä‘Æ°á»£c mÃ£ giáº£m giÃ¡ tá»‘t!

[iPhone 15 Pro Max]

â€¢ Box cÃ³ thÃªm báº£o máº­t, dÃ¹ng UV sáº½ tháº¥y.

â€¢ MÃ u natural titanium. Ráº¥t Ä‘áº¹p.

â€¢ Viá»n mÃ n hÃ¬nh má»ng hÆ¡n nhiá»u.

â€¢ Cáº§m ko tháº¥y nháº¹ hÆ¡n.

â€¢ CÃ¡p USB dÃ¢y dÃ¹ nhÃ¬n xá»‹n hÆ¡n háº³n.

â€¢ Cá»•ng USB-C bá»± hÆ¡n lightning xÃ­u xÃ­u. C bá»± hÆ¡n L, nhÆ°ng C sáº½ sáº¡c Ä‘c cho L, kiá»ƒu nÃ o C cÅ©ng bá»‹ L hÃºt sáº¡ch pin thÃ´i :)))

â€¢ Camera nhÃ¬n to hÆ¡n xÃ­u xiu, Ä‘c cÃ¡i cá»¥m cam nhÃ¬n cÅ©ng váº­y ko to hÆ¡n.

â€¢ Táº¥t cáº£ cÃ¡c nÃºt Ä‘á»u báº¥m Ä‘c chá»© ko pháº£i bÃ¡m á»©ng hay force touch gÃ¬ Ä‘Ã¢u.

â€¢ Camera zoom 5x, chá»¥p bÃ¬nh thÆ°á»ng xong cÃ³ thá»ƒ chuyá»ƒn thÃ nh chÃ¢n dung, cÃ¹ng 1 táº¥m hÃ¬nh, ko cáº§n chá»¥p láº¡i.
ğŸ’• ",5,01 thg 10 2023,2024-01-13
Chi,"- Giao hÃ ng: MÃ¬nh Ä‘áº·t trÆ°á»›c tá»« 22/09. NgÃ y 28/09 shop báº¯t Ä‘áº§u giao cho váº­n chuyá»ƒn. Do á»Ÿ HN nÃªn giao tá»« HCM Ä‘áº¿n ngÃ y 02/10 mÃ¬nh má»›i nháº­n Ä‘Æ°á»£c. Tuy hÆ¡i muá»™n nhÆ°ng mua Ä‘Æ°á»£c giÃ¡ quÃ¡ Æ° lÃ  oke nÃªn khum sao háº¿t hi
- ÄÃ³ng gÃ³i: Pháº£i nÃ³i khoáº£n Ä‘Ã³ng gÃ³i cá»§a Lazada quÃ¡ Ä‘á»‰nh. Há»™p giao tá»›i tay khÃ´ng chÃºt mÃ³p mÃ©o nÃ o. NhÃ¢n viÃªn LEX giao hÃ ng thÃ¢n thiá»‡n ráº¥t okela
- GiÃ¡: Mua trÃªn sÃ n Ã¡p Ä‘Æ°á»£c mÃ£ giáº£m tháº» nhÆ° Sacombank, Techcombank,â€¦ vÃ  mÃ£ giáº£m shop + mÃ£ sÃ n nÃªn Æ°ng láº¯m
- MÃ u Blue cÃ³ láº½ gÃ¢y tranh cÃ£i nháº¥t nhÆ°ng do tá»« lÃºc lÃºc giá»›i thiá»‡u Iphone 15 mÃ¬nh Ä‘Ã£ thÃ­ch mÃ u Blue nÃªn dÃ¹ mÃ u Natural hot quÃ¡ trá»i hot mÃ¬nh váº«n chá»n mÃ u Blue. ÄÃºng lÃ  khÃ´ng tháº¥t vá»ng mÃ u Blue bÃªn ngoÃ i sang xá»‹n cá»±c kÃ¬ mÃª láº¯m. Ráº¥t recommend cÃ¡c bÃ¡c mua mÃ u Blue cÃ³ hÃ ng sáºµn mÃ  Ä‘áº¹p cá»±c kÃ¬. MÃ u sáº½ Ä‘á»•i Ã¡nh theo Ã¡nh sÃ¡ng khÃ¡c nhau. KhÃ´ng há» giá»‘ng 12 pro max má»™t chÃºt nÃ o nÃªn má»i ngÆ°á»i yÃªn tÃ¢m. 
- Cháº¥t liá»‡u Titanium nÃªn cáº§m Pro Max tháº¥y nháº¹ hÆ¡n háº³n so vá»›i 13 vÃ  14. NÄƒm nay chuyá»ƒn Ä‘á»•i cá»•ng type c nÃªn mÃ¬nh dÃ¹ng chung sáº¡c Macbook Ä‘i Ä‘Ã¢u cÅ©ng Ä‘á»¡ báº¥t tiá»‡n. 
- MÃ¬nh Ä‘Ã­nh kÃ¨m thÃªm má»™t sá»‘ áº£nh tháº­t cÃ¡c bÃ¡c tham kháº£o nha. Bá»©c áº£nh selfi Ä‘áº§u tiÃªn khai mÃ¡y lun hÃ­ hÃ­ ",5,04 thg 10 2023,2024-01-13
Ngá»c N.,NÄƒm nay mÃ u tÃ­m sao láº¯m ngÆ°á»i chÃª váº­y. MÃ  hÃ ng láº¡i nhiá»u ná»¯a. NÃ y 30/9 nháº­n hÃ ng bÃ¡n láº¡i cho ae thá»£ Ä‘Æ°á»£c 33tr cÃ²n mÃ u tráº¯ng vÃ  tá»± nhiÃªn thÃ¬ váº«n Ä‘c gáº§n 37tr. ChÃ¡n cho cÃ¡i mÃ u blue nÃ y tháº­t :(( ,5,30 thg 9 2023,2024-01-13
NHá»Š N.,"MÃ u blue Ä‘áº­m, nhÃ¬n sang quÃ­ phÃ¡i, khÃ´ng biáº¿t táº¡i sao má»i ngÆ°á»i láº¡i khÃ´ng thÃ­ch, tÃ´i cÅ©ng khÃ´ng hiá»ƒu. NhÃ¬n ráº¥t Ä‘áº¹p, nÃªn mua mÃ u nÃ y nha cáº£ nhÃ . ",5,30 thg 9 2023,2024-01-13
Hanh,"Giao hÃ ng ráº¥t nhanh, giÃ¡ cáº£ tá»‘t, Ä‘Ã£ mua nhiá»u láº§n, sáº½ mua ná»¯a láº§n sau hÃ ng rat chat luong ",5,30 thg 9 2023,2024-01-13
thienthien19,MÃ u xanh Ä‘áº¹p xá»‰u mÃ¡y nháº¹ hÆ¡n nÄƒm trÆ°á»›c  ,5,30 thg 9 2023,2024-01-13
ÄÃ¬nh T.,mÃ¡y xá»‹n xÃ i mÆ°á»£t ,5,29 thg 9 2023,2024-01-13
Ä***.,"Cháº¥t liá»‡u:  nháº¹ Ä‘Ã¡ng ká»ƒ, mÃ¬nh Ä‘ang xÃ i 13pm láº«n 14pm lÃªn 15pm cáº£m nháº­n rÃµ rá»‡t Ä‘á»¡ bá»‹ cáº¥n tay
 Cháº¥t lÆ°á»£ng:  xá»©ng Ä‘Ã¡ng cÃ´ng chá» Ä‘á»£i lazada ship hÃ ng Ä‘Ãºng ngÃ y, mÃ u Blue thá»±c táº¿ cáº§m á»Ÿ ngoÃ i Ä‘Ãºng sang váº­y mÃ  ai cÅ©ng chÃª khÃ´ng hiá»ƒu Ä‘Æ°á»£c
 TÃ­nh nÄƒng:  hÃ i lÃ²ng ",5,30 thg 9 2023,2024-01-13
Phuong B.,"HÃ ng giao nhanh, giÃ¡ tá»‘t, hÃ ng cháº¥t lÆ°á»£ng, shipper cá»±c ká»³ nhiá»‡t tÃ¬nh, Ä‘Ã³ng gÃ³i okie . Sáº½ mua nhiá»u láº§n ná»¯a ",5,4 ngÃ y trÆ°á»›c,2024-01-13
0***7,Tuyá»‡t vá»i. Giao hÃ ng ráº¥t lÃ  nhanh. Sáº£n pháº©m thÃ¬ Ä‘Ãºng lÃ  ai phÃ´n.  ,5,1 tuáº§n trÆ°á»›c,2024-01-13
Phuong B.,"HÃ ng cháº¥t lÆ°á»£ng, Ä‘Ã³ng gÃ³i cáº§n cáº©n tháº­n hÆ¡n chÃºt ná»¯a ",5,4 tuáº§n trÆ°á»›c,2024-01-13
Nhu P.,"Cháº¥t lÆ°á»£ng:  chÃ­nh háº£ng
 Cháº¥t liá»‡u:  chÃ­nh xÃ¡c
 TÃ­nh nÄƒng:   chuáº©n ğŸ‘ŒğŸ‘ŒğŸ‘ŒğŸ‘ğŸ‘ğŸ‘ğŸ‘ ",5,4 tuáº§n trÆ°á»›c,2024-01-13
BÃ¹i T.,CÅ©ng Ä‘Æ°á»£c! CÅ©ng Ä‘Æ°á»£c! CÅ©ng Ä‘Æ°á»£c! CÅ©ng Ä‘Æ°á»£c! CÅ©ng Ä‘Æ°á»£c! CÅ©ng Ä‘Æ°á»£c!  ,5,4 tuáº§n trÆ°á»›c,2024-01-13
T***.,"Shop Ä‘Ã³ng gÃ³i ráº¥t tá»‘t,sp Æ°ng Ã½,giao nhanh,MÃ¬nh sáº½ cÃ²n mua nhiá»u sp sau nÃ y cá»§a Shopâ€¦Chá»‰ lÆ°u Ã½ thÃªm lÃ  Shop lÃªn cho Ä‘á»“ng kiá»ƒm hÃ ng thÃ¬ sáº½ thoáº£i mÃ¡i hÆ¡n,náº¿u lá»—i tháº©m mÄ© hoáº·c lá»—i pháº§n cá»©ng thÃ¬ sáº½ Ä‘Æ°á»£c Ä‘á»•i tráº£ nhanh chÃ³ng hÆ¡n ",5,13 thg 12 2023,2024-01-13
l***.,"nháº­n hÃ ng nhanh,  ",5,13 thg 11 2023,2024-01-13
BÃ¹i T.,"Giao hÃ ng nhanh. ÄÃ³ng gÃ³i tá»‘t.
Náº¿u sÄƒn Ä‘Æ°á»£c mÃ£ gg cá»§a ngÃ¢n hÃ ng thÃ¬ giÃ¡ á»•n Ã¡p hÆ¡n. Mua vá»›i giÃ¡ bt. ",5,13 thg 11 2023,2024-01-13
Nguyá»…n V.,"Sáº£n pháº©m chÃ­nh hÃ£ng, dÃ¹ng Ä‘Æ°á»£c thÃ¡ng chÆ°a tháº¥y bá»‹ gÃ¬, anh chá»‹ yÃªn tÃ¢m mua nha. ",5,20 thg 11 2023,2024-01-13
LÃª T.,"HÃ ng chuáº©n apple nha cáº£ nhÃ  , shop mall nÃªn cÅ©ng yÃªn tÃ¢m , sÄƒn Ä‘Æ°á»£c vá»›i giÃ¡ khÃ¡ há»i , náº¿u má»i ngÆ°á»i khÃ´ng ngáº¡i mua hÃ ng online cÃ³ thá»ƒ lá»±a chá»n em nÃ³ ",5,6 ngÃ y trÆ°á»›c,2024-01-13
Ä***.,"giao hÃ ng nhanh, cháº¥t lÆ°á»£ng ok. giÃ¡ á»•k. sáº½ á»§ng há»™ tiáº¿p. thanks  ",5,03 thg 12 2023,2024-01-13
****9,"Há»‡ Ä‘iá»u hÃ nh iOS tiá»‡n lá»£i vÃ  dá»… sá»­ dá»¥ng, Cháº¥t lÆ°á»£ng camera áº¥n tÆ°á»£ng, Dá»‹ch vá»¥ khÃ¡ch hÃ ng xuáº¥t sáº¯c,  ",5,5 ngÃ y trÆ°á»›c,2024-01-13
Kieu D.,"MÃ u sáº¯c hiá»ƒn thá»‹ sá»‘ng Ä‘á»™ng, Thiáº¿t káº¿ sang trá»ng vÃ  hiá»‡n Ä‘áº¡i, Hiá»‡u nÄƒng mÆ°á»£t mÃ  vÃ  nhanh chÃ³ng, Há»‡ Ä‘iá»u hÃ nh iOS tiá»‡n lá»£i vÃ  dá»… sá»­ dá»¥ng,  ",5,1 ngÃ y trÆ°á»›c,2024-01-13
KhÃ¡nh K.,"Dung lÆ°á»£ng lÆ°u trá»¯ áº¥n tÆ°á»£ng, Hiá»‡u nÄƒng mÆ°á»£t mÃ  vÃ  nhanh chÃ³ng,  ",5,1 tuáº§n trÆ°á»›c,2024-01-13
L***u,"Thá»i lÆ°á»£ng pin lÃ¢u dÃ i, Cháº¥t lÆ°á»£ng camera áº¥n tÆ°á»£ng, MÃ u sáº¯c hiá»ƒn thá»‹ sá»‘ng Ä‘á»™ng,  ",5,5 ngÃ y trÆ°á»›c,2024-01-13
L***u,"Thiáº¿t káº¿ sang trá»ng vÃ  hiá»‡n Ä‘áº¡i, Thá»i lÆ°á»£ng pin lÃ¢u dÃ i, Chip A17 máº¡nh máº½ cho viá»‡c Ä‘a nhiá»‡m mÆ°á»£t mÃ ,  ",5,5 ngÃ y trÆ°á»›c,2024-01-13
******231,Em Ä‘á»ƒ Ä‘á»‡ áº¹ vá» che Ä‘iá»‡n fefvie IÃª vjr vjr Ä‘i vjr vjr vjr Ä‘i vjr cÆ¡ Ä‘á»‘nc  ,5,1 tuáº§n trÆ°á»›c,2024-01-13
Mai V.,HÃ ng giao nhanh gia tá»‘t tÃ´i ráº¥t hÃ i lÃ²ng hÃ ng giao nhanh giÃ¡ tá»‘t  ,5,5 ngÃ y trÆ°á»›c,2024-01-13
ThinhNguyen,"Sáº£n pháº©m tá»‘t Ä‘áº¡t Ä‘Ãºng theo yÃªu cáº§u cá»§a nhÃ  sáº£n xuáº¥t, giao hÃ ng nhanh ",5,5 ngÃ y trÆ°á»›c,2024-01-13
ThinhNguyen,"Sáº£n pháº©m tá»‘t Ä‘áº¡t Ä‘Ãºng theo yÃªu cáº§u cá»§a nhÃ  sáº£n xuáº¥t, giao hÃ ng nhanh ",5,5 ngÃ y trÆ°á»›c,2024-01-13
Nguyá»…n S.,HÃ ng giao nhanh giÃ¡ tá»‘t tÃ´i ráº¥t hÃ i lÃ²ng hÃ ng cvh vccc vhb hhj v ,5,5 ngÃ y trÆ°á»›c,2024-01-13
B***.,"Quáº£ sÄƒn sale 11.11 cháº¥t lÆ°á»£ng thÃ nh cÃ´ng nháº¥t tá»« trc Ä‘áº¿n giá» cá»§a mÃ¬nh, ship cá»±c nhanh, tt Ä‘Ãªm t7 mÃ  cn mÃ¬nh nháº­n Ä‘c r, Ä‘Ã³ng gÃ³i cáº©n tháº­n, váº­n chuyá»ƒn cÅ©ng cáº©n tháº­n Ä‘Ã³ áº¡, ship cÃ³ tÃ¢m. Sau khi dÃ¹ng 1 thÃ¡ng mÃ¬nh má»›i dÃ¡m lÃªn viáº¿t Ä‘gia áº¡ :â€) trá»™m vÃ­a trá»™m vÃ­a áº¡ ",5,1 tuáº§n trÆ°á»›c,2024-01-13
NguyÃªn H.,"Sp Ráº¥t tá»‘t hÃ i lÃ²ng, Ä‘á»“ng gÃ³i cháº¡ch chÃ¢n  ",5,3 tuáº§n trÆ°á»›c,2024-01-13
M***.,"Sáº£n pháº¥m Ä‘Ãºng mÃ´ táº£, giÃ¡ sales há»£p lÃ½, giao hÃ ng nhanh chÃ³ng . . ",5,3 tuáº§n trÆ°á»›c,2024-01-13
Tu L.,"Chip A17 máº¡nh máº½ cho viá»‡c Ä‘a nhiá»‡m mÆ°á»£t mÃ , Thiáº¿t káº¿ sang trá»ng vÃ  hiá»‡n Ä‘áº¡i, Cháº¥t lÆ°á»£ng camera áº¥n tÆ°á»£ng,  ",5,3 tuáº§n trÆ°á»›c,2024-01-13
Nguyá»…n Ä.,"Chip A17 máº¡nh máº½ cho viá»‡c Ä‘a nhiá»‡m mÆ°á»£t mÃ , Sá»­ dá»¥ng cháº¥t liá»‡u cao cáº¥p, Giao hÃ ng nhanh chÃ³ng vÃ  Ä‘Ã¡ng tin cáº­y, Giao hÃ ng nhanh chÃ³ng vÃ  Ä‘Ã¡ng tin cáº­y,  ",5,4 tuáº§n trÆ°á»›c,2024-01-13
T***.,"TÃ­nh nÄƒng: tá»‘t
 Cháº¥t lÆ°á»£ng: tá»‘t
 Cháº¥t liá»‡u: 
CÃ³ gÃ¬ Ä‘á»ƒ chÃª Ä‘Ã¢u,, chá»‰ lÃ  giÃ¡ quÃ¡ cao nÃªn mua sáº½ tiáº¿c $$$ ;) chá»© dÃ¹ng thÃ¬ thÃ­ch quÃ¡ dsi ",5,2 tuáº§n trÆ°á»›c,2024-01-13
N***.,"Nháº¹ hÆ¡n so vá»›i cÃ¡c Ä‘á»i promax khÃ¡c mÃ  mÃ¬nh dÃ¹ng, trvia Ä‘áº¿n thÆ¡i Ä‘iá»ƒm nÃ y chÆ°a cÃ³ issue gÃ¬ ",5,2 tuáº§n trÆ°á»›c,2024-01-13
Minh T.,"Hiá»‡u nÄƒng mÆ°á»£t mÃ  vÃ  nhanh chÃ³ng, Há»‡ Ä‘iá»u hÃ nh iOS tiá»‡n lá»£i vÃ  dá»… sá»­ dá»¥ng, MÃ u sáº¯c hiá»ƒn thá»‹ sá»‘ng Ä‘á»™ng, Dá»‹ch vá»¥ khÃ¡ch hÃ ng xuáº¥t sáº¯c,  ",5,3 giá» trÆ°á»›c,2024-01-13
huy H.,ÄÃºng nhÆ° miÃªu táº£ hÃ ng cÃ²n nguyÃªn seal láº§n sau á»§ng há»™ shop tiáº¿p ,5,4 tuáº§n trÆ°á»›c,2024-01-13
oke12,"Thiáº¿t káº¿ sang trá»ng vÃ  hiá»‡n Ä‘áº¡i, Hiá»‡u nÄƒng mÆ°á»£t mÃ  vÃ  nhanh chÃ³ng, MÃ u sáº¯c hiá»ƒn thá»‹ sá»‘ng Ä‘á»™ng, Há»‡ Ä‘iá»u hÃ nh iOS tiá»‡n lá»£i vÃ  dá»… sá»­ dá»¥ng,  ",5,4 tuáº§n trÆ°á»›c,2024-01-13
Hiá»‡p N.,MÃ¡y uy tÃ­n ngon cháº¥t lÆ°á»£ng ,5,4 tuáº§n trÆ°á»›c,2024-01-13
9***9,Tuyet vá»i ,5,3 tuáº§n trÆ°á»›c,2024-01-13
KieuNhung98,"Sá»­ dá»¥ng cháº¥t liá»‡u cao cáº¥p, MÃ u sáº¯c hiá»ƒn thá»‹ sá»‘ng Ä‘á»™ng, Dung lÆ°á»£ng lÆ°u trá»¯ áº¥n tÆ°á»£ng,  ",5,2 tuáº§n trÆ°á»›c,2024-01-13
Kieu D.,"Há»‡ Ä‘iá»u hÃ nh iOS tiá»‡n lá»£i vÃ  dá»… sá»­ dá»¥ng, Sá»­ dá»¥ng cháº¥t liá»‡u cao cáº¥p,  ",5,4 tuáº§n trÆ°á»›c,2024-01-13
H***.,"Giao hÃ ng hÆ¡i lÃ¢u nhÆ°ng giÃ¡ cáº£ oke,hÃ ng chÃ­nh hÃ£ng nÃªn ko cÃ³ gÃ¬ nxet.. ",5,3 tuáº§n trÆ°á»›c,2024-01-13
Há»£p P.,HÃ ng nháº­n Ä‘Ãºng ,5,4 tuáº§n trÆ°á»›c,2024-01-13
Tráº§n M.,"Ä‘iá»‡n thoáº¡i chÃ­nh hÃ£ng apple, Ä‘Ã³ng gÃ³i ká»¹, Ä‘áº¹p, ráº¥t hÃ i lÃ²ng vá»›i Ä‘iá»‡n thoáº¡i Ä‘Ã£ mua ",5,3 tuáº§n trÆ°á»›c,2024-01-13
Pháº¡m V.,"MÃ¡y Ä‘áº¹p Thá»i lÆ°á»£ng pin lÃ¢u dÃ i, Giao hÃ ng nhanh chÃ³ng vÃ  Ä‘Ã¡ng tin cáº­y,  ",5,3 tuáº§n trÆ°á»›c,2024-01-13
3***3,"HÃ ng nháº­n Ä‘áº¹p Ä‘Ãºng nhÆ° mÃ´ táº£, Ä‘Ã³ng gÃ³i cáº©n tháº­n. Giao hÃ ng nhanh  ",5,4 tuáº§n trÆ°á»›c,2024-01-13
Cao X.,"Mua 12/12 ngÃ y 16/12 nháº­n Ä‘Æ°á»£c, shop bao bá»c kÄ© , cÃ³ gá»Ÿi hÃ³a Ä‘Æ¡n bÃ¡n hÃ ng vÃ o email, cháº¥t lÆ°á»£ng chá» thá»i gian nhÆ° tháº¿ nÃ o  ",5,4 tuáº§n trÆ°á»›c,2024-01-13
JulyShop,Chuáº©n hÃ£ng nguyÃªn siu mÃ£ VN.DÃ¹ng hÆ¡n 1 tuáº§n rá»“i quÃ¡ ok. ,5,3 tuáº§n trÆ°á»›c,2024-01-13
KhÃ¡nh N.,"HÃ ng Ä‘áº§y Ä‘á»§ k bá»‹ mÃ³p mÃ©o gÃ¬ cáº£. 
NhÃ¢n viÃªn giao nhanh ",5,4 tuáº§n trÆ°á»›c,2024-01-13
Julie,"ÄÃ£ sá»­ dá»¥ng 1 tuáº§n vÃ  tháº¥y ráº¥t hÃ i lÃ²ng. Lzd Ä‘Ã³ng hÃ ng ráº¥t ká»¹, seal tag Ä‘áº§y Ä‘á»§. Ngoáº¡i hÃ¬nh Ä‘áº¹p má»ng nháº¹ sang xá»‹n má»‹n, chÆ¡i game 5 tiáº¿ng 1 ngÃ y thÃ¬ ngÃ y sáº¡c 1 láº§n vÃ´ tÆ°. QuÃ¡ Æ°ng cÃ¡i mÃ u Ä‘en nÃ y, sang xÄ©u. NÃ³i chung lÃ  10Ä‘ k cÃ³ nhÆ°ng nha máº¥y nÃ­. HÃºp liá»n Ä‘i ",5,2 tuáº§n trÆ°á»›c,2024-01-13
0***0,"Giao hÃ ng nhanh chÃ³ng vÃ  Ä‘Ã¡ng tin cáº­y, Dung lÆ°á»£ng lÆ°u trá»¯ áº¥n tÆ°á»£ng, Sá»­ dá»¥ng cháº¥t liá»‡u cao cáº¥p, Hiá»‡u nÄƒng mÆ°á»£t mÃ  vÃ  nhanh chÃ³ng,  ",5,4 tuáº§n trÆ°á»›c,2024-01-13
TrÃ­ N.,Äá»«ng nÃ³i yÃªu Ä‘áº¿n phÃ¡t Ä‘iÃªn rá»“i váº«n cá»© há»“n nhiÃªn pháº£n bá»™i. Äá»«ng Ä‘ua Ä‘oÌ€i theo xÃ£ há»™i sá»‘ng báº±ng bá»™ máº·t vÃ´ tá»™i giáº£ nai. ,5,4 tuáº§n trÆ°á»›c,2024-01-13
A.ÄÃ´ng,Sáº£n pháº©m chÃ­nh hÃ£ng.ğŸ‘ ,5,4 tuáº§n trÆ°á»›c,2024-01-13
Lá»¥c K.,"HÃ ng Ä‘Ã³ng gÃ³i ráº¥t Ä‘áº¹p. Quáº£ nhiÃªn ngÆ°á»i bÃ¡n Ä‘Ã£ gá»­i gáº¯m ráº¥t nhiá»u tÃ¢m tÆ° vÃ  tÃ¬nh cáº£m trong lÃºc gÃ³i hÃ ng. Há»™p khÃ´ng cÃ³ dáº¥u hiá»‡u bá»‹ mÃ³p, chá»©ng tá» bá»™ pháº­n váº­n chuyá»ƒn Ä‘Ã£ nÃ¢ng nhÆ° nÃ¢ng trá»©ng, há»©ng nhÆ° há»©ng hoa. Xin nghiÃªng mÃ¬nh cáº£m Æ¡n vÃ¬ táº¥t cáº£. ",5,4 tuáº§n trÆ°á»›c,2024-01-13
Giang V.,"Shop giao khÃ¡ cháº­m máº·c dÃ¹ Ä‘Ã£ chá»n giao hoáº£ tá»‘c, nhÆ°ng khÃ´ng sao váº«n giao ká»‹p lÃºc mÃ¬nh cáº§n ",5,4 tuáº§n trÆ°á»›c,2024-01-13
H***.,"HÃ ng chuáº©n chÃ­nh hÃ£ng, giao hÃ ng siÃªu nhanh Ä‘áº¡t 12/12 vÃ  13/12 Ä‘Ã£ nháº­n Ä‘Æ°á»£c hÃ ng. Cáº£n on shop! ",5,4 tuáº§n trÆ°á»›c,2024-01-13
D***.,Mua gia 32 trieu nhan ngay 12.12 ban 256 gi mau ti tan tu nhien. Anh em mua sau tham khao nhe. ,5,4 tuáº§n trÆ°á»›c,2024-01-13
Cao N.,"Giao hÃ ng nhanh chÃ³ng, giÃ¡ tá»‘t, Ä‘Ã³ng gÃ³i cáº©n tháº­n, nháº­n Ä‘áº§y Ä‘á»§ seal cá»§a Lazada ",5,14 thg 12 2023,2024-01-13
Dung N.,"TÃ­nh nÄƒng:  
Run thiá»‡t sá»± nhÆ°ng cÅ©ng Ä‘Ã£ Ä‘Æ°á»£c cáº§m trÃªn tayyyyyy huhuh dui quÃ¡ chá»i dui gÃ²ii ",5,4 tuáº§n trÆ°á»›c,2024-01-13
LÃª P.,"Chip A17 máº¡nh máº½ cho viá»‡c Ä‘a nhiá»‡m mÆ°á»£t mÃ , Giao hÃ ng nhanh chÃ³ng vÃ  Ä‘Ã¡ng tin cáº­y,  ",5,4 tuáº§n trÆ°á»›c,2024-01-13
ThÃ´ng,Ok ğŸ†— ğŸ†— ğŸ†— ğŸ†— ğŸ†— ğŸ†— ğŸ†— ğŸ†— ğŸ†— ğŸ†— ğŸ†— ğŸ†— ğŸ†— ğŸ†— ğŸ†— ğŸ†— ğŸ†— ğŸ†— ğŸ†— ğŸ†— ok ğŸ†— ğŸ†— ğŸ†— ğŸ†— ğŸ†— ğŸ†— ğŸ†— ğŸ†— ğŸ†—  ,5,4 tuáº§n trÆ°á»›c,2024-01-13
T***n,"Cháº¥t lÆ°á»£ng:  Giao hÃ ng nhanh, Ä‘Ã³ng hÃ ng Ä‘áº¹p. Shop nhiá»‡t tÃ¬nh Ä‘Ãºng háº¡n. Cáº£m Æ¡n shop ",5,14 thg 12 2023,2024-01-13
A***.,"TÃ­nh nÄƒng: tuyá»‡t vá»i vÃ¬ Ä‘Ã£ mua Ä‘Æ°á»£c hÃ ng chÃ­n hÃ£ng vÃ  giÃ¡ há»i . TÃ­nh nÄƒng cá»§a Ä‘iá»‡n thoáº¡i thÃ¬ má»i ngÆ°á»i Ä‘Ã£ xÃ i iPhone chÃ­nh hÃ£ng sáº½ biáº¿t nÃ³ nhÆ° tháº¿ nÃ o . 
 Cháº¥t lÆ°á»£ng: hÃ¬nh áº£nh chá»‰ mang tÃ­nh cháº¥t nháº­n xu
 ",5,3 tuáº§n trÆ°á»›c,2024-01-13
5***8,"Chip A17 máº¡nh máº½ cho viá»‡c Ä‘a nhiá»‡m mÆ°á»£t mÃ ,  ",5,13 thg 12 2023,2024-01-13
Nguyen M.,"Cháº¥t lÆ°á»£ng:  Tá»‘t
MÃ¡y chÃ­nh hÃ£ng, giao ráº¥t nhanh. NguyÃªn seal cá»§a Apple vÃ  seal cá»§a Lazada. Giao hÃ ng ráº¥t uy tÃ­n, cáº©n tháº­n vÃ¬ giÃ¡ trá»‹ lá»›n nÃªn Shiper xÃ¡c minh ráº¥t ká»¹. Tks shop vÃ  Lazada  ",5,4 tuáº§n trÆ°á»›c,2024-01-13
Báº£o T.,Yáº¿uhshshshshsvahjakansbsbsbdbsbsbsbsbjsskfkfbdbwnw ,5,14 thg 12 2023,2024-01-13
0***0,"Shop chuáº©n bá»‹ hÃ ng nhanh, Ä‘Ã³ng gÃ³i cáº©n tháº­n, sÄƒn lzd Ä‘Æ°á»£c giÃ¡ quÃ¡ há»i  ",5,14 thg 12 2023,2024-01-13
Ly N.,"TÃ­nh nÄƒng:  tuyá»‡t vá»i
 Cháº¥t lÆ°á»£ng:  tuyá»‡t vá»i
 Cháº¥t liá»‡u:  ráº¥t tá»‘t nhaaaaaaaaaaaaaaaaaaaaaaaaaaaa ",5,1 tuáº§n trÆ°á»›c,2024-01-13
P***.,"Chip A17 máº¡nh máº½ cho viá»‡c Ä‘a nhiá»‡m mÆ°á»£t mÃ , Thiáº¿t káº¿ sang trá»ng vÃ  hiá»‡n Ä‘áº¡i, Cháº¥t lÆ°á»£ng camera áº¥n tÆ°á»£ng, MÃ u sáº¯c hiá»ƒn thá»‹ sá»‘ng Ä‘á»™ng,  ",5,5 ngÃ y trÆ°á»›c,2024-01-13
L***g,"Giao hÃ ng nhanh chÃ³ng vÃ  Ä‘Ã¡ng tin cáº­y, Thá»i lÆ°á»£ng pin lÃ¢u dÃ i,  ",5,14 thg 12 2023,2024-01-13
BÃ¹i T.,"ğŸ² #minigame NHáº¬N Lá»ŠCH VPBANK - THá»ŠNH VÆ¯á»¢NG Cáº¢ NÄ‚M 

Nhanh tay sÄƒn nhá»¯ng bá»™ lá»‹ch xinh Ä‘áº¹p cá»§a VPBank: Sáº¯c Viá»‡t nguyÃªn báº£n - Tinh hoa thá»‹nh vÆ°á»£ng nhÃ© cáº£ nhÃ  Æ¡i!

Báº¡n chá»‰ cáº§n thá»±c hiá»‡n 2 bÆ°á»›c siÃªu Ä‘Æ¡n giáº£n:
ğŸ”¸ B1: Like page VPBank, like vÃ  chia sáº» post nÃ y vá» trang cÃ¡ nhÃ¢n á»Ÿ cháº¿ Ä‘á»™ cÃ´ng khai kÃ¨m hashtag #LoveVPBank #SacVietNguyenBan #TinhHoaThinhVuong
ğŸ”¸ B2: BÃ¬nh luáº­n #LoveVPBank táº¡i bÃ i viáº¿t nÃ y.

ğŸ 03 bá»™ lá»‹ch VIP sáº½ dÃ nh táº·ng cÃ¡c báº¡n cÃ³ lÆ°á»£t tráº£ lá»i (reply) nhiá»u nháº¥t. LÆ°á»£t reply cáº§n cÃ³ ná»™i dung #LoveVPBank. 
ğŸ 15 bá»™ lá»‹ch Ä‘áº¡i sáº½ dÃ nh táº·ng cho 15 báº¡n may máº¯n táº¡i post nÃ y.

ğŸ“Œ Thá»i gian diá»…n ra minigame: tá»« nay Ä‘áº¿n háº¿t 18/12/2023. 

ğŸ’š CÃ²n cháº§n chá» gÃ¬ ná»¯a, sÄƒn lá»‹ch VPBank - thá»‹nh vÆ°á»£ng cáº£ nÄƒm. ",5,14 thg 12 2023,2024-01-13
Samso25091992,Thá»i lÆ°á»£ng pin lÃ¢u dÃ iThiáº¿t káº¿ sang trá»ng vÃ  hiá»‡n Ä‘áº¡iMÃ u sáº¯c hiá»ƒn thá»‹ sá»‘ng Ä‘á»™ngHiá»‡u nÄƒng mÆ°á»£t mÃ  vÃ  nhanh chÃ³ng ,5,5 ngÃ y trÆ°á»›c,2024-01-13
HUONG,TÃ­nh nÄƒng:  cháº¥t LiÃªu tá»‘t ,5,13 thg 12 2023,2024-01-13
M***.,"TÃ­nh nÄƒng:  ráº¥t nháº¡t
 Cháº¥t lÆ°á»£ng:  ráº¥t tá»‘t
 Cháº¥t liá»‡u:  ok ",5,4 tuáº§n trÆ°á»›c,2024-01-13
HUONG,Cháº¥t lÆ°á»£ng:  Ã¡p tá»‘t ,5,13 thg 12 2023,2024-01-13
HoÃ ng Q.,"HÃ ng nguyÃªn seal Lazada, yÃªn tÃ¢m mua. Láº§n Ä‘áº§u mua hÃ ng giÃ¡ trá»‹ cao trÃªn Laz mÃ  nháº­n hÃ ng ráº¥t yÃªn tÃ¢m ",5,13 thg 12 2023,2024-01-13
9***1,Cháº¥t lÆ°á»£ng:  gooof ,5,13 thg 12 2023,2024-01-13
3***0,ÄÃ³ng goi cáº©n tháº­n. Giao hÃ ng quÃ¡ nhanh.  ,5,13 thg 12 2023,2024-01-13
D***.,"Cháº¥t liá»‡u: 

Ráº¥t Ä‘Ã¡ng tiá»n Ä‘á»ƒ sá»­ dá»¥ng, giao hÃ ng nhanh, Ä‘Ã³ng gÃ³i sáº£n pháº©m Ä‘áº¹p, cá»±c ká»³ hÃ i lÃ²ng cháº¥t lÆ°á»£ng sáº£n pháº©m. ",5,1 tuáº§n trÆ°á»›c,2024-01-13
PhÆ°á»£ng H.,"Thiáº¿t káº¿ sang trá»ng vÃ  hiá»‡n Ä‘áº¡i, Giao hÃ ng nhanh chÃ³ng vÃ  Ä‘Ã¡ng tin cáº­y, Dung lÆ°á»£ng lÆ°u trá»¯ áº¥n tÆ°á»£ng,  ",5,4 tuáº§n trÆ°á»›c,2024-01-13
Nguyá»…n S.,HÃ ng giao nhanh giÃ¡ tá»‘t tÃ´i ráº¥t hÃ i lÃ²ng hÃ ng cvh vccc vhb hhj v ,5,5 ngÃ y trÆ°á»›c,2024-01-13
Nguyá»…n C.,QuÃ¡ ok mua hÃ ng lazada tá»« Ä‘á»i iphone 11 zÃ¹i nÄƒm nÃ o mÃ¬nh cÅ©ng nÃªn Ä‘á»i cÃ¹ng lazada nÃªn tÃªn tÃ¢m nhÃ© ! ,5,4 tuáº§n trÆ°á»›c,2024-01-13
9***6,Tuyá»‡t â€¦â€¦â€¦â€¦â€¦â€¦ ,5,2 tuáº§n trÆ°á»›c,2024-01-13
Máº¡nh D.,"Giao hÃ ng nhanh chÃ³ng vÃ  Ä‘Ã¡ng tin cáº­y, Thá»i lÆ°á»£ng pin lÃ¢u dÃ i, Hiá»‡u nÄƒng mÆ°á»£t mÃ  vÃ  nhanh chÃ³ng, Cháº¥t lÆ°á»£ng camera áº¥n tÆ°á»£ng, MÃ u sáº¯c hiá»ƒn thá»‹ sá»‘ng Ä‘á»™ng,  ",5,4 tuáº§n trÆ°á»›c,2024-01-13
LÃª H.,"Ship nhanh, mÃ¡y cháº¥t lÆ°á»£ngğŸ‘ğŸ‘ğŸ‘ ",5,13 thg 12 2023,2024-01-13
Duc,"Cháº¥t lÆ°á»£ng camera áº¥n tÆ°á»£ng,  ",5,2 tuáº§n trÆ°á»›c,2024-01-13
Nguyennguyet,tá»‘t ngon cháº¥t lÆ°á»£ng tuyá»‡t vá»i ,5,26 thg 11 2023,2024-01-13
Nguyá»…n Q.,"Thiáº¿t káº¿ sang trá»ng vÃ  hiá»‡n Ä‘áº¡i, Dung lÆ°á»£ng lÆ°u trá»¯ áº¥n tÆ°á»£ng, Dá»‹ch vá»¥ khÃ¡ch hÃ ng xuáº¥t sáº¯c, Thá»i lÆ°á»£ng pin lÃ¢u dÃ i,  ",5,24 thg 11 2023,2024-01-13
VÆ°Æ¡ng Q.,"Oke ngon mÆ°á»£t :3
DÃ¹ng khÃ´ng váº¥n Ä‘á» gÃ¬
NhÃ¢n viÃªn tÆ° váº¥n nhiá»‡t tÃ¬nh ",5,20 thg 11 2023,2024-01-13
N***.,hÃ ng apple thÃ¬ khÃ´ng pháº£i bÃ n cÃ£i . nhÆ°ng giao hÃ ng khÃ´ng Ä‘Ãºng cam káº¿t vá»›i thá»i gian giao ! ,5,20 thg 11 2023,2024-01-13
Hiáº¿u L.,mÃ¡y Ä‘áº¹p mua Ä‘c Ä‘á»£t sale 11-11 giÃ¡ khÃ¡ ok. giao hÃ ng 10 ngÃ y chá» quÃ¡ lÃ¢u ,5,23 thg 11 2023,2024-01-13
Tuáº¥n T.,"Sáº£n pháº©m thÆ¡m , mÃ¡t . SÄƒn sale giÃ¡ tá»‘t. Giao nhanh , Ä‘Ã³ng gÃ³i cáº©n tháº­n
 ",5,20 thg 11 2023,2024-01-13
Hiá»‡p,"Dung lÆ°á»£ng lÆ°u trá»¯ áº¥n tÆ°á»£ng, Hiá»‡u nÄƒng mÆ°á»£t mÃ  vÃ  nhanh chÃ³ng,  ",5,21 thg 11 2023,2024-01-13
8***7,"QuÃ¡ uy tÃ­n. Shop mall nÃªn ok. MÃ¡y má»›i, hÃ ng giao hÆ¡i cháº­m vÃ¬ ship tá»« SG ",5,23 thg 11 2023,2024-01-13
L***.,"Mua sp bÃªn láº§n thá»© 3 rá»“i chÆ°a tÃ­nh máº¥y láº§n mua cá»§ sáº¡c
Giao hÃ ng Lazada nice
HÃ ng chÃ­nh hÃ£ng ",5,17 thg 11 2023,2024-01-13
Tulipden,"Thiáº¿t káº¿ sang trá»ng vÃ  hiá»‡n Ä‘áº¡i, MÃ u sáº¯c hiá»ƒn thá»‹ sá»‘ng Ä‘á»™ng, Giao hÃ ng nhanh chÃ³ng vÃ  Ä‘Ã¡ng tin cáº­y,  ",5,25 thg 11 2023,2024-01-13
0***3,Cam on ráº¥t nhiá»u sáº£n pháº©m tá»‘t quÃ¡ a.tiáº¿p tá»¥c unngr há»™ nhiá»u nhiá»u ,5,11 thg 12 2023,2024-01-13
9***9,Cháº¥t lÆ°á»£ng:  tuyÃªt vá»i shop Æ¡i hÃ ng chuáº©n ko pháº£i suy nghÄ© ,5,18 thg 11 2023,2024-01-13
Hoang T.,"Convenient and user-friendly iOS operating system, Impressive camera quality,  ",5,28 thg 11 2023,2024-01-13
Nguyá»…n C.,"Mua Ä‘c giÃ¡ 32 hÃ´m 11.11, nÃ³i chung Æ°ng Ã½, Ä‘iá»ƒm trá»« lÃ  háº¹n giao 14.11, lÃ¹i thÃ nh 17.11 ",5,17 thg 11 2023,2024-01-13
V***.,"Sáº£n pháº©m giao lÃ¢u, Ä‘Ã³ng gÃ³i ká»¹, chÃ­nh hÃ£ng sÄƒn sale giÃ¡ ráº» ok.. ",5,23 thg 11 2023,2024-01-13
Nguyá»…n T.,"Há»‡ Ä‘iá»u hÃ nh iOS tiá»‡n lá»£i vÃ  dá»… sá»­ dá»¥ng, Chip A17 máº¡nh máº½ cho viá»‡c Ä‘a nhiá»‡m mÆ°á»£t mÃ , Thá»i lÆ°á»£ng pin lÃ¢u dÃ i, Giao hÃ ng nhanh chÃ³ng vÃ  Ä‘Ã¡ng tin cáº­y,  ",5,11 thg 12 2023,2024-01-13
T***.,"Hiá»‡u nÄƒng mÆ°á»£t mÃ  vÃ  nhanh chÃ³ng, Thá»i lÆ°á»£ng pin lÃ¢u dÃ i, Chip A17 máº¡nh máº½ cho viá»‡c Ä‘a nhiá»‡m mÆ°á»£t mÃ , Há»‡ Ä‘iá»u hÃ nh iOS tiá»‡n lá»£i vÃ  dá»… sá»­ dá»¥ng, Giao hÃ ng nhanh chÃ³ng vÃ  Ä‘Ã¡ng tin cáº­y, Giao hÃ ng nhanh chÃ³ng vÃ  Ä‘Ã¡ng tin cáº­y,  ",5,23 thg 11 2023,2024-01-13
*******997,"Thiáº¿t káº¿ sang trá»ng vÃ  hiá»‡n Ä‘áº¡i, Thá»i lÆ°á»£ng pin lÃ¢u dÃ i, Dung lÆ°á»£ng lÆ°u trá»¯ áº¥n tÆ°á»£ng,  ",5,16 thg 11 2023,2024-01-13
Tuan A.,"Ok tá»‘t cháº¥t lÆ°á»£ng tuyá»‡t vá»i,Há»‡ Ä‘iá»u hÃ nh iOS tiá»‡n lá»£i vÃ  dá»… sá»­ dá»¥ng, Dung lÆ°á»£ng lÆ°u trá»¯ áº¥n tÆ°á»£ng, Dá»‹ch vá»¥ khÃ¡ch hÃ ng xuáº¥t sáº¯c, Sá»­ dá»¥ng cháº¥t liá»‡u cao cáº¥p,  ",5,13 thg 12 2023,2024-01-13
D***.,"Láº§n Ä‘áº§u tráº£i nghiá»‡m mua Ä‘iá»‡n thoai iphone qua Lazada, nhiá»u ngÆ°á»i báº£o sao liá»u váº­y, hÃ ng giÃ¡ trá»‹ cao mÃ , nhÆ°ng mÃ¬nh ráº¥t yÃªn tÃ¢m vÃ  tin tÆ°á»Ÿng lazada. hÃ ng nháº­n khÃ´ng lÃ m mÃ¬nh tháº¥t vá»ng. giÃ¡ sale 11.11 ráº» hÆ¡n , shipper quÃ¡ ok,  cáº£m Æ¡n Lazada. ",5,16 thg 11 2023,2024-01-13
****1,"Há»‡ Ä‘iá»u hÃ nh iOS tiá»‡n lá»£i vÃ  dá»… sá»­ dá»¥ng, MÃ u sáº¯c hiá»ƒn thá»‹ sá»‘ng Ä‘á»™ng, Thiáº¿t káº¿ sang trá»ng vÃ  hiá»‡n Ä‘áº¡i, Chip A17 máº¡nh máº½ cho viá»‡c Ä‘a nhiá»‡m mÆ°á»£t mÃ , chá»¥p áº£nh Ä‘áº¹p ",5,12 thg 12 2023,2024-01-13
VÃµ T.,"táº¡i sao láº¡i tá»‘t nhÆ° tháº¿, tÃ´i ráº¥t hÃ i lÃ²ng, Ä‘Ã¡nh giÃ¡ 5 sao nhÃ©, xin cáº£m Æ¡n ",5,18 thg 11 2023,2024-01-13
L***n,"Cháº¥t lÆ°á»£ng camera áº¥n tÆ°á»£ng, Há»‡ Ä‘iá»u hÃ nh iOS tiá»‡n lá»£i vÃ  dá»… sá»­ dá»¥ng,  ",5,28 thg 11 2023,2024-01-13
DÆ°Æ¡ng V.,"TÃ­nh nÄƒng:ráº¥t tá»‘t
 Cháº¥t lÆ°á»£ng:ráº¥t tá»‘t
 Cháº¥t liá»‡u:ráº¥t tá»‘t
giao hÃ ng nhanh, Ä‘Ã³ng gÃ³i cáº©n tháº­n. sÄƒn sale Ä‘c giÃ¡ há»i
 ",5,15 thg 11 2023,2024-01-13
Nguyá»…n Q.,Sáº£n pháº©m Ä‘Ãºng ,5,16 thg 11 2023,2024-01-13
Ä***.,Giao hÃ ng hÆ¡i lÃ¢u . NhÆ°ng mÃ¡y Ä‘áº¹p hy vá»ng ko bá»‹ lá»—i gÃ¬ hÃªhheeeeeee ,5,15 thg 11 2023,2024-01-13
LÃ¢m V.,ChÆ°a Ä‘áº­p há»™p do quÃ¡ báº­n  ,5,15 thg 11 2023,2024-01-13
****0,Mua hÃ ng chÃ­nh hÃ£ng thÃ¬ yÃªn tÃ¢m. NguyÃªn seal chuáº©n nhÆ° mua cá»§a cá»­a hÃ ng. ,5,22 thg 11 2023,2024-01-13
VÃµ L.,Giao cháº­m hÆ¡n thÃ´ng bÃ¡o ,5,15 thg 11 2023,2024-01-13
9***1,"Sáº£n pháº©m tá»‘t

Thá»i gian qua, Minh TÃº Ä‘Ã£ gÃ¢y chÃº Ã½ khi chÃ­nh thá»©c cáº§u hÃ´n báº¡n trai sau thá»i gian dÃ i háº¹n hÃ². HÃ nh Ä‘á»™ng nÃ y cá»§a cÃ´ nÃ ng Ä‘Ã£ khiáº¿n cáº£ showbiz xÃ´n xao vÃ  mong chá» ngÃ y ná»¯ siÃªu máº«u chÃ­nh thá»©c káº¿t hÃ´n vá»›i ná»­a kia ",5,12 thg 12 2023,2024-01-13
0***9,TÃ­nh nÄƒng:ok shop Ä‘Ã³ng gÃ³i cáº©n tháº­n giao hÃ ng nhanh láº¯m nhÃ© thanks shop nhiu ,5,13 thg 11 2023,2024-01-13
Lam V.,cháº¥t lÆ°á»£ng Ä‘Ã³ng gÃ³i tá»‘t ,5,13 thg 11 2023,2024-01-13
Patrick N.,"Functionality: MÃ¡y hoáº¡t Ä‘á»™ng tá»‘t
 Quality: Cháº¥t lÆ°á»£ng hoÃ n thiá»‡n tá»‘t. Viá»n má»ng hÆ¡n Ä‘á»i cÅ© nhÃ¬n thÃ­ch máº¯t hÆ¡n.
 Material: Cháº¥t liá»‡u titan nháº¹ hÆ¡n Ä‘á»i trÆ°á»›c, cáº§m lÃ¢u khÃ´ng bá»‹ má»i.
Giao hÃ ng nhanh, nÃ³i chung lÃ  hÃ i lÃ²ng ğŸ˜‚ ",5,16 thg 11 2023,2024-01-13
3***3,"Chip A17 máº¡nh máº½ cho viá»‡c Ä‘a nhiá»‡m mÆ°á»£t mÃ , Sá»­ dá»¥ng cháº¥t liá»‡u cao cáº¥p, Giao hÃ ng nhanh chÃ³ng vÃ  Ä‘Ã¡ng tin cáº­y,  ",5,22 thg 11 2023,2024-01-13
N***.,Ä‘Ã³ng gÃ³i cáº©n tháº­n giao hÃ ng nhanh Ä‘Ãºng cam káº¿t so vá»›i chÃ­nh sÃ¡ch !  ,5,20 thg 11 2023,2024-01-13
pháº¡m Q.,"hÃ ng chÃ­nh hÃ£ng, giao nhanh, shipper giao táº­n tay thay vÃ¬ gá»­i hÃ ng nhÆ° nhá»¯ng máº·t hÃ ng khÃ¡c nÃªn khÃ´ng sá»£ máº¥t hÃ ng. dÃ¹ng nhá»¯ng app ngá»‘n ram nhiá»u thÃ¬ ráº¥t nhanh nÃ³ng mÃ¡y, chá»‰ cáº§n 5p lÃ  nÃ³ng ran, app khÃ´ng ngá»‘n ram thÃ¬ dÃ¹ng mÃ¡y ráº¥t mÃ¡t. váº«n bá»‹ lá»—i pháº§n má»m nhÆ°ng khá»Ÿi Ä‘á»™ng láº¡i mÃ¡y lÃ  Ä‘Æ°á»£c. dÃ¹ng lÆ°á»£ng pin vá»«a pháº£i, dÃ¹ng Ã­t thÃ¬ vÃ i ngÃ y khÃ´ng cáº§n sáº¡c nhÆ°ng xem phim, lÆ°á»›t web thÃ¬ dÃ¹ng 4 5 tiáº¿ng lÃ  pháº£i sáº¡c. dÃ²ng promax mÃ n hÃ¬nh khÃ¡ to vÃ  hÆ¡i náº·ng nÃªn báº¡n nÃ o tay nhá» thÃ¬ khÃ´ng nÃªn cÃ¢n nháº¯c, nÃªn sá»­ dá»¥ng dÃ²ng pro hoáº·c dÃ²ng thÆ°á»ng. khÃ´ng biáº¿t lÃ  do app hay do há»‡ Ä‘iá»u hÃ nh nhÆ°ng khi chuyá»ƒn app cÃ³ hÆ¡i bá»‹ lag má»™t chÃºt, cÃ³ app cáº§n pháº£i load láº¡i, khÃ´ng luÃ´n cháº¡y nhÆ° mÃ¡y Ä‘á»i cÅ© hÆ¡n. báº¯t sÃ³ng wifi cÃ³ cáº£i thiá»‡n nhá»¯ng váº«n khÃ´ng nháº¡y báº±ng Ä‘iá»‡n thoáº¡i android. cam chá»¥p áº£nh khÃ¡ Ä‘áº¹p. vá» titan sá» tháº­t sá»± thÃ­ch hÆ¡n máº·t kÃ­nh vÃ  máº·t kim loáº¡i, cáº£m giÃ¡c ráº¥t mÆ°á»›t tay. cÃ³ khay sim váº­t lÃ½ nhÆ°ng chá»‰ Ä‘Æ°á»£c 1 sim. má»›i dÃ¹ng cÅ©ng khÃ´ng Ä‘Ã¡nh giÃ¡ Ä‘Æ°á»£c nhiá»u, dÃ¹ng má»™t thá»i gian sáº½ bá»• sung.  ",5,24 thg 11 2023,2024-01-13
Dao T.,"Cháº¥t lÆ°á»£ng:  tÃ´t, Ä‘Ã³ng gÃ³i ká»¹ ",5,13 thg 11 2023,2024-01-13
M***.,TÃ­nh nÄƒng:  okkkkkkkkkkkkkkkkkkkkkkkkkkkkkkkkkk ,5,17 thg 11 2023,2024-01-13
T***.,"quÃ¡ Ä‘áº¹p, lazada uy tÃ­n 100%, nhanh hÆ¡n dá»± kiáº¿n luÃ´n. 10â‚« ko cÃ³ nhÆ°ng nhá»‹ ",5,13 thg 11 2023,2024-01-13
Nguyá»…n Ä.,"HÃ ng chuáº©n Apple, giao hÃ ng nhanh, giÃ¡ ráº¥t há»£p lÃ½ vs cÃ¡c mÃ£ giáº£m giÃ¡ ",5,13 thg 11 2023,2024-01-13
S***.,Ráº¥t tá»‘ttttttttttttttttttttttttttttttttttttttttttttttt ,5,15 thg 11 2023,2024-01-13
Nguyá»…n S.,Hang giÃ³ nhanh gia yot toi rat hai long hang giao nhanh gia tot ,5,15 thg 11 2023,2024-01-13
PhÆ°Æ¡ng T.,"MÃ¡y giao ráº¥t nhanh, tá»‘t. Cáº£m quan ban Ä‘áº§u ráº¥t Ä‘áº¹p. Bá»c gÃ³i cÅ©ng khÃ¡ kÄ© cÃ ng. Mua hÃ ng ngÃ y 11/11 sÄƒn sale mÃ  12/11 Ä‘Ã£ giao rá»“i, nÃ³i chung lÃ  ship hoáº£ tá»‘c ráº¥t nhanh. SÄƒn sale Ä‘Æ°á»£c giÃ¡ ráº¥t há»i, sáº£n pháº©m Æ°ng Ã½. ",5,12 thg 11 2023,2024-01-13
dungnhi,"Giao hÃ ng nhanh chÃ³ng vÃ  Ä‘Ã¡ng tin cáº­y, Há»‡ Ä‘iá»u hÃ nh iOS tiá»‡n lá»£i vÃ  dá»… sá»­ dá»¥ng,  ",5,16 thg 11 2023,2024-01-13
Nguyá»…n D.,Cháº¥t lÆ°á»£ng:  mÃ¡y á»•n ,5,12 thg 11 2023,2024-01-13
Huy L.,ChÃ­nh hÃ£ng ,5,18 thg 11 2023,2024-01-13
L***.,"[T. Tiá»n KM sá»­ dá»¥ng nÃ´Ì£i maÌ£ng Ä‘ÃªÌn hÃªÌt 10/12/2023. Giáº£m thÃªm 2,5% khi náº¡p tháº» táº¡i.   vn/pay/tt . Chi tiáº¿t gá»i 197 báº¥m phÃ­m 19 (0Ä‘). TrÃ¢n trá»ng. ",5,25 thg 11 2023,2024-01-13
LÃª V.,"[TB] VIETTEL TÄ‚Ì£NG 20% GIÃ TRá»Š Táº¤T Cáº¢ THáºº Náº P trong ngÃ y 25/11. Tiá»n l2,5% khi náº¡p 9 (0Ä‘). TrÃ¢n trá»ng.
 ",5,25 thg 11 2023,2024-01-13
Ka C.,"HÃ nh Ä‘Ãºng cháº¥t lÆ°á»£ng VNA nhÆ°ng giao hÆ¡i cháº­m, mÃ¬nh Ä‘áº·t ship hoáº£ tá»‘c mÃ  táº­n 9g Ä‘Ãªm má»›i nháº­n Ä‘Æ°á»£c ",5,13 thg 11 2023,2024-01-13
T***.,Giao hÃ ng nhanh. HÃ ng cháº¥t lÆ°á»£ng tá»‘t...dá»‹ch vá»¥ OK. Cá»§ae hÃ ng chÃ­nh hÃ£ng nÃªn yÃªn tÃ¢m. ,5,10 thg 11 2023,2024-01-13
L***u,"Shop giao nhanh tháº§n tá»‘c
HÃ ng nguyÃªn seal
GiÃ¡ siu ráº»eeeeeeee ",5,09 thg 11 2023,2024-01-13
0***3,"Dung lÆ°á»£ng lÆ°u trá»¯ áº¥n tÆ°á»£ng, Giao hÃ ng nhanh chÃ³ng vÃ  Ä‘Ã¡ng tin cáº­y, Hiá»‡u nÄƒng mÆ°á»£t mÃ  vÃ  nhanh chÃ³ng,  ",5,6 ngÃ y trÆ°á»›c,2024-01-13
Phuong B.,"GiÃ¡ quÃ¡ tá»‘t, sáº£n pháº©m cháº¥t lÆ°á»£ng new seal, giao hÃ ng nhanh, nhÃ¢n viÃªn shipper cá»±c nhiá»‡t tÃ¬nh ",5,6 ngÃ y trÆ°á»›c,2024-01-13
LÃª D.,MÃ¡y chuáº©n ,5,6 ngÃ y trÆ°á»›c,2024-01-13
P***.,Cháº¥t lÆ°á»£ng:  nháº­n check hÃ ng ráº¥t ok ,5,15 thg 11 2023,2024-01-13
Äinh T.,"Cháº¥t lÆ°á»£ng:  sp ok 
Sáº£n pháº©m dÃ¹ng ráº¥t tá»‘t
Tá»‘c Ä‘á»™ giao hÃ ng nhanh hÆ¡n ná»¯a thÃ¬ 10 Ä‘iá»ƒm luÃ´n ",5,2 tuáº§n trÆ°á»›c,2024-01-13
Bui T.,Ráº¥t hÃ i lÃ²ng vá» sáº£n pháº©m chÃ­nh hÃ£ng giÃ¡ má»m nÄƒm nÃ o cÅ©ng mua cá»§a mall chÃ­nh hÃ£ng lzd vÃ i chiáº¿c ráº¥t tin tÆ°á»Ÿng vá» mÃ³n Ä‘á»“ giÃ¡ trá»‹ ,5,2 tuáº§n trÆ°á»›c,2024-01-13
0***4,"Ngon quÃ¡ Hiá»‡u nÄƒng mÆ°á»£t mÃ  vÃ  nhanh chÃ³ng, Thiáº¿t káº¿ sang trá»ng vÃ  hiá»‡n Ä‘áº¡i,  ",5,4 tuáº§n trÆ°á»›c,2024-01-13
Há»“ Ä.,"Chip A17 máº¡nh máº½ cho viá»‡c Ä‘a nhiá»‡m mÆ°á»£t mÃ , Giao hÃ ng nhanh chÃ³ng vÃ  Ä‘Ã¡ng tin cáº­y, Sá»­ dá»¥ng cháº¥t liá»‡u cao cáº¥p, Dá»‹ch vá»¥ khÃ¡ch hÃ ng xuáº¥t sáº¯c,  ",5,4 tuáº§n trÆ°á»›c,2024-01-13
9***9,Cháº¥t lÆ°á»£ng:  ráº¥t tÃ´t ,5,01 thg 11 2023,2024-01-13
9***9,Cháº¥t lÆ°á»£ng:  tuyet vá»i uy tÃ­n luÃ´n ,5,27 thg 10 2023,2024-01-13
Nguyá»…n T.,"Shop Ä‘Ã³ng gÃ³i ká»¹, Ä‘áº¹p, Ä‘Ãºng mÃ u, Ä‘Ãºng máº«u mÃ£. Giao hÃ ng ráº¥t nhanh, shipper thÃ¢n thiá»‡n, vui váº».
 ",5,27 thg 10 2023,2024-01-13
Lan K.,Láº§n Ä‘áº§u mua hÃ ng trÃªn Lazada mÃ  mua mÃ³n máº¯c tiá»n nhue nÃ y. CÅ©ng há»“i há»™p láº¯m mÃ  khi nháº­n hÃ ng Æ°ng Ã½ quÃ¡ trá»i. Vote cho lazada vÃ  shop 5* ,5,23 thg 10 2023,2024-01-13
Äá»©c T.,"Mua hÃ ng láº§n Ä‘áº§u cáº£m nháº­n hÃ ng cháº¥t lÆ°á»£ng, Ä‘Ãºng miÃªu táº£ ",5,18 thg 10 2023,2024-01-13
HoÃ ng V.,hÃ ng ok ,5,06 thg 11 2023,2024-01-13
ÄÃ´ng Ä.,Cháº¥t liá»‡u:Ä‘áº¹p . má»›i bá»n. rÃ¡t hÃ i lÃ²ng nhÃ© m n ,5,26 thg 11 2023,2024-01-13
nguyen K.,ráº¥t lÃ  do dá»± khi Ä‘áº·t mua 1 sp cÃ³ giÃ¡ trá»‹ trÃªn lazada nhÆ°ng cuá»‘i cÃ¹ng cÅ©ng quyáº¿t Ä‘á»‹nh Ä‘áº·t niá»m tin á»Ÿ lazada vÃ  mÃ¬nh Ä‘Ã£ ko tháº¥t vá»ng.  ,5,19 thg 11 2023,2024-01-13
Nguyen H.,"HÃ ng nguyÃªn seal, shop Ä‘Ã³ng hÃ ng cáº©n tháº­n.
Nháº­n cáº£ hoÃ¡ Ä‘Æ¡n VAT qua email luÃ´n. ",5,19 thg 11 2023,2024-01-13
ChÃ¡n,"MÃ u sáº¯c hiá»ƒn thá»‹ sá»‘ng Ä‘á»™ng, Thiáº¿t káº¿ sang trá»ng vÃ  hiá»‡n Ä‘áº¡i, Sá»­ dá»¥ng cháº¥t liá»‡u cao cáº¥p, Dá»‹ch vá»¥ khÃ¡ch hÃ ng xuáº¥t sáº¯c, Dá»‹ch vá»¥ khÃ¡ch hÃ ng xuáº¥t sáº¯c,  ",5,19 thg 11 2023,2024-01-13
Le H.,"ÄÃ£ nháº­n hÃ ng , mÃ¡y Ä‘áº¹p vÃ  cháº¡y á»•n, lÆ°á»›t nhanh vÃ  mÆ°á»£t , lazada Ä‘Ã³ng gÃ³i cáº©n tháº­n ",5,19 thg 11 2023,2024-01-13
Máº¡nh H.,"Sá»­ dá»¥ng cháº¥t liá»‡u cao cáº¥p, HÃ ng chuáº©n chÃ­nh hÃ£ng lsau láº¡i á»§ng há»™ shop ",5,19 thg 11 2023,2024-01-13
KhÃ¡nh L.,HÃ ng chuáº©n ,5,19 thg 11 2023,2024-01-13
KhÃ¡nh L.,HÃ ng chuáº©n - chÆ°a active - Ä‘Ã³ng gÃ³i ká»‰ ,5,19 thg 11 2023,2024-01-13
KhÃ¡nh L.,HÃ ng chuáº©n chÆ°a active - mÃ¡y Ä‘áº¹p ,5,19 thg 11 2023,2024-01-13
Äá»— N.,"Cháº¥t liá»‡u: 
[TB] Bá»™ TTTT khuyáº¿n cÃ¡o ngÆ°á»i dÃ¢n nÃ¢ng cao cáº£nh giÃ¡c, khÃ´ng chuyá»ƒn tiá»n hoáº·c cung cáº¥p thÃ´ng tin cÃ¡ nhÃ¢n cho ngÆ°á»i láº¡ qua Ä‘iá»‡n thoáº¡i. Náº¿u cÃ³ hiá»‡n tÆ°á»£ng trÃªn, Ä‘á» nghá»‹ trÃ¬nh bÃ¡o ngay cho cÆ¡ quan CÃ´ng an Ä‘á»ƒ xá»­ lÃ½ hoáº·c thÃ´ng bÃ¡o Ä‘áº¿n sá»‘ Ä‘iá»‡n thoáº¡i trá»±c ban hÃ¬nh sá»± 0692348560 cá»§a Cá»¥c Cáº£nh sÃ¡t hÃ¬nh sá»± Ä‘á»ƒ Ä‘Æ°á»£c hÆ°á»›ng dáº«n ká»‹p thá»i. ",5,19 thg 11 2023,2024-01-13
Nguyá»…n T.,ÄÃ£ nháº­n hÃ ng. CÃ²n Ä‘Ã¡ng tiáº¿c nÃªn chÆ°a dÃ¡m bÃ³c. CÃ³ láº½ sáº½ ráº¥t lÃ  Ä‘áº¹p vÃ  xá»‹n sÃ² con bÃ². ,5,12 thg 11 2023,2024-01-13
Vanloi N.,"Giao hÃ ng nhanh, Uy tÃ­n ",5,01 thg 10 2023,2024-01-13
9***1,"ok.....,........................................... ",5,15 thg 10 2023,2024-01-13
D***.,ok Ä‘Ã³ ,5,1 tuáº§n trÆ°á»›c,2024-01-13
trinh A.,Nháº­n hÃ ng Ä‘Ãºng ngÃ y 10 Ä‘iá»ƒm ,5,08 thg 10 2023,2024-01-13
Pham H.,"HÃ ng má»›i, Ä‘Ã³ng gÃ³i cÃ³ seal cá»§a Lazada, tá»‘t ",5,04 thg 11 2023,2024-01-13
Phan N.,MÃ¡y Ä‘áº¹p cháº¥t lÆ°á»£ng Ä‘Ã³ng gÃ³i ká»¹ ,5,03 thg 11 2023,2024-01-13
L***.,"Má»›i Ä‘áº·t hÃ´m trÆ°á»›c, hÃ´m sau nháº­n Ä‘Æ°á»£c rá»“i ğŸ˜‚
Tuyá»‡t Ä‘áº¹p áº¡ ",5,03 thg 11 2023,2024-01-13
Nguyen T.,"Giao hÃ ng nhanh chÃ³ng, Ä‘Ã³ng gÃ³i cáº©n tháº­n, hÃ ng Ä‘Ãºng nhÆ° mÃ´ táº£. HÃ ng nhÃ¬n ráº¥t lÃ  Ä‘áº¹p. CÃ³ dá»‹p sáº½ mua tiáº¿p tá»¥c  ",5,01 thg 11 2023,2024-01-13
C***a,"Sá»›m hÆ¡n dá»± kiáº¿n, tuyá»‡t ",5,30 thg 10 2023,2024-01-13
N***.,"Äth Ä‘áº¹p vÃ  ráº¥t mÆ°á»£t dÃ¹ng chÆ°a cÃ³ gÃ¬ Ä‘á»ƒ chÃª cáº£ , commentÄ‘á»ƒ nháº­n xu ",5,02 thg 11 2023,2024-01-13
A***.,"Cháº¥t lÆ°á»£ng: oki
 ",5,27 thg 10 2023,2024-01-13
N***.,ChÆ°a dÃ¹ng nÃªn kb nhÆ°ng Ä‘c cÃ¡i nháº¹ cáº§m thÃ­ch tay hihihihihihihi ,5,27 thg 10 2023,2024-01-13
Nguyá»…n M.,"Cháº¥t liá»‡u: 
Äáº·t 20/10 nay 27/10 Ä‘Ã£ nháº­n trc ngÃ y háº¹n 3 ngÃ y.  ",5,27 thg 10 2023,2024-01-13
Pháº¡m C.,HÃ ng chÃ­nh hÃ£ng VN/A. Giao nhanh láº¹! ,5,26 thg 10 2023,2024-01-13
Long N.,"Cháº¥t lÆ°á»£ng:  hÃ ng tá»‘t
   ",5,25 thg 10 2023,2024-01-13
Nguyá»…n N.,"Sáº£n pháº©m ukiela dÃ¹ Ä‘á»£i hÆ¡i lÃ¢u xÃ­u, mong láº§n sau sáº½ á»§ng há»™ lazada ná»¯a :)) ",5,25 thg 10 2023,2024-01-13
0***9,Cháº¥t liá»‡u:hÃ nh ok nha shoppppppppppppp ,5,01 thg 11 2023,2024-01-13
VÄƒn T.,Good ,5,21 thg 10 2023,2024-01-13
Vo M.,MÃ¡y xÃ i chuáº©n hÃ ng Ä‘Ã³ng gÃ³i bao bÃ¬ an toÃ n ráº¥t hÃ i lÃ²ng vá»›i cháº¥t lÆ°á»£ng sáº£n pháº©m vÃ  sá»± chuyÃªn nghiá»‡p cá»§a shiper. ChÃºc lazada luÃ´n phÃ¡t triá»ƒn bá»n vá»¯ng vÃ  cÃ³ thÃªm nhiá»u Æ°u Ä‘Ã£i khuyáº¿n mÃ£i cho khÃ¡ch hÃ ng nhÃ©. ,5,19 thg 10 2023,2024-01-13
Tuáº¥n V.,"Chiáº¿c iPhone thá»© 4 mÃ¬nh mua táº¡i Lazada, hoÃ n toÃ n yÃªn tÃ¢m vá» cháº¥t lÆ°á»£ng. ",5,19 thg 10 2023,2024-01-13
Minh,"QuÃ¡ sÆ°á»›ng luÃ´n, giao cÅ©ng nhanh. Tuyá»‡t vá»i!!!!!!!!!!!!!!!! ",5,17 thg 10 2023,2024-01-13
Tuáº¥n V.,"ÄÃ³ng gÃ³i cáº©n tháº­n, giao hÃ ng nhanh 24h. Chuáº©n hÃ ng VNA, Ä‘Ã¢y lÃ  iPhone thá»© 3 mÃ¬nh mua á»Ÿ Lazada, sáº½ tiáº¿p tá»¥c á»§ng há»™ Shop. ",5,11 thg 10 2023,2024-01-13
V***.,"mÃ¡y giao nhanh, cháº¥t lÆ°á»£ng tá»‘t, dung hÃ ng chÃ­nh hÃ£ng. nguyÃªn seal . nÃªn chá»n dá»‹ch vá»¥ giao hÃ ng hoáº£ tá»‘c. tuy nhiÃªn ko Ã¡p dá»¥ng Ä‘c mÃ£ giáº£m giÃ¡ ",5,05 thg 10 2023,2024-01-13
le T.,"NÄƒm nay giao hÃ ng hÆ¡i trá»… lÃºc Ä‘áº§u háº¹n giao trong ngÃ y 29 , mÃ¬nh Ä‘á»£i cáº£ ngÃ y ko tháº¥y giao rá»“i cuá»‘i cÃ¹ng bÃ¡o lÃ  ko cÃ³ hÃ ng háº¹n láº¡i Ä‘á»£t sau .
Äá»£i Ä‘áº¿n 3/10 má»›i giao. 
 ",5,03 thg 10 2023,2024-01-13
Huá»³nh M.,"Cáº£m tháº¥y vÃ´ cÃ¹ng may máº¯n khi Ä‘áº·t hÃ ng thÃ nh cÃ´ng iPhone 15 Pro Max mÃ u Natural Titanium vÃ  Ä‘Æ°á»£c Lazada giao hÃ ng ngay trong ngÃ y 29/9. Thiáº¿t káº¿ mÃ¡y vÃ  mÃ u sáº¯c mÃ¡y siÃªu Ä‘áº¹p, mÃ¡y nÄƒm nay ráº¥t nháº¹ cáº§m ráº¥t thÃ­ch tay. MÃ¬nh vote cho iPhone Pro Max nÄƒm nay 5 sao áº¡! ",5,02 thg 10 2023,2024-01-13
3***9,giao hÃ ng hÆ¡i cháº­m. nhÆ°ng sáº£n pháº©m tá»‘t. Ä‘Æ°á»£c cáº§m trÃªn tay iphone 15 promax Ä‘á»£t Ä‘áº§u thÃ­ch tháº­t ,5,04 thg 10 2023,2024-01-13
N***.,"Lá»¥m nhanh gá»n láº¹ , hÃ ng quÃ¡ thÆ¡m cho nÄƒm nay , giao siÃªi tá»‘c máº·c dÃ¹ qua 1 ngÃ y ",5,04 thg 10 2023,2024-01-13
t***.,"Tuyá»‡t vá»i , cháº¥t lÆ°á»£ng cao giao hÃ ng tá»‘t mÃ u Ä‘áº¹p , cáº£m Æ¡n lazada ",5,04 thg 10 2023,2024-01-13
N***.,"QuÃ¡ tuyá»‡t vá»i , QuÃ¡ tuyá»‡t vá»i , QuÃ¡ tuyá»‡t vá»i nháº¯c láº¡i 3 láº§n
Nhanh chÃ³ng Ä‘áº¹p xá»‹n má»‹n thanks lazada ",5,04 thg 10 2023,2024-01-13
nhinehi,"Giao hÃ ng siÃªu nhanh, chiá»u Ä‘áº·t sÃ¡ng mai Ä‘Ã£ Ä‘Æ°á»£c unbox iphone. ÄÃ³ng gÃ³i cháº¯c cháº¯n. Tem niÃªm phong Ä‘áº§y Ä‘á»§. 10 Ä‘iá»ƒm khÃ´ng cÃ³ nhÆ°ng ",5,13 thg 10 2023,2024-01-13
Quoc A.,"Giao hÃ ng nhanh vÃ  nhiá»‡t tÃ¬nh, Ä‘Ã³ng gÃ³i thÃ¬ cáº©n tháº­n khá»i bÃ n luÃ´n ",5,05 thg 10 2023,2024-01-13
T***.,"Cháº¥t liá»‡u:
Ráº¥t ok, tá»‘t trong táº§m giÃ¡, tá»‘t trong táº§m giÃ¡
 ",5,06 thg 10 2023,2024-01-13
My M.,"CÃ´ng nháº­n iphone 15 pro max nhÃ¬n sang xá»‹n ghÃª luÃ´n, Ä‘áº·t Ä‘Æ°á»£c tá»« Ä‘á»£t Ä‘áº§u, hÃ£ng giao Ä‘Ãºng 29.9 luÃ´n Ä‘Ã£ váº­y cÃ²n cÃ³ mÃ£ shop ngon lÃ nh, Ä‘á»£t Ä‘áº§u mÃ¬nh mua con nÃ y chá»‰ 30 triá»‡u.
MÃ n hÃ¬nh mÆ°á»£t, sÃ¡ng, chip cháº¡y khÃ¡ Ãªm,
ÄÆ°á»£c trang bá»‹ IOS má»›i nÃªn dÃ¹ng tiá»‡n cá»±c ká»³ ",5,13 thg 10 2023,2024-01-13
N***.,"MÃ u nÃ y giao nhanh tháº­t , tá»‘i 29 tháº¥y gá»­i cho Ä‘vvc rá»“i sÃ¡ng láº¥y luÃ´n ",5,04 thg 10 2023,2024-01-13
Ngá»c N.,NÄƒm nay khÃ´ng mua Ä‘Æ°á»£c titan tá»± nhiÃªn vÃ  tráº¯ng. HÆ¡i buá»“n sáº§u. ÄÃ nh pháº£i mua mÃ u blue. MÃ u nÃ y chÃ¡n dá»Ÿ áº¹c luÃ´n :(( ,5,03 thg 10 2023,2024-01-13
Hnamle,Ok ,5,27 thg 11 2023,2024-01-13
LÃª Ã.,Good ,5,12 thg 11 2023,2024-01-13
Tien N.,OK  ,5,12 thg 11 2023,2024-01-13
L***u,"Giao hÃ ng lÃ¢u
MÃ¬nh Ä‘áº·t tá»« 22/9 tá»›i 30/9 má»›i giao cho váº­n chuyá»ƒn trong khi ngÆ°á»i ta nháº­n tá»« 29 rá»“i ",5,06 thg 10 2023,2024-01-13
hoÃ ng T.,"Má»i thá»© Ä‘á»u OK
hÃ ng chÃ­nh hÃ£ng nÃªn yÃªn tÃ¢m. cÃ³ tem niÃªm phong cá»§a lazada ",5,02 thg 10 2023,2024-01-13
Diá»‡p A.,mÃ¡y Ä‘áº¹p xá»‹n xÃ² láº¯m luÃ´n ,5,02 thg 10 2023,2024-01-13
Steve G.,"HÃ ng chÃ­nh hÃ£ng, Ä‘Ã³ng gÃ³i cáº©n tháº­n. DÃ¹ng 5 ngÃ y tháº¥y iPhone 15 promax quÃ¡ xá»‹n sÃ², ",5,04 thg 10 2023,2024-01-13
T***.,giao hÃ ng cá»±c kÃ¬ nhanh chÃ³ng. iphone 15 pem tháº­t Ä‘áº¹p. sáº£n pháº©m.  ,5,30 thg 9 2023,2024-01-13
TRÃ H.,"TÃ­nh nÄƒng:tá»‘t
 Cháº¥t lÆ°á»£ng:tá»‘t
 Cháº¥t liá»‡u:cá»±c tá»‘t ",5,30 thg 9 2023,2024-01-13
n***.,"Thá»i lÆ°á»£ng pin lÃ¢u dÃ i, Sá»­ dá»¥ng cháº¥t liá»‡u cao cáº¥p, Thiáº¿t káº¿ sang trá»ng vÃ  hiá»‡n Ä‘áº¡i, Dung lÆ°á»£ng lÆ°u trá»¯ áº¥n tÆ°á»£ng,  ",5,4 ngÃ y trÆ°á»›c,2024-01-13
VÅ© T.,Tuyá»‡t vá»i ,5,5 ngÃ y trÆ°á»›c,2024-01-13
0***5,"uy tÃ­nThá»i lÆ°á»£ng pin lÃ¢u dÃ i,  ",5,5 ngÃ y trÆ°á»›c,2024-01-13
Ä‘á»— T.,"Thiáº¿t káº¿ sang trá»ng vÃ  hiá»‡n Ä‘áº¡i, Giao hÃ ng nhanh chÃ³ng vÃ  Ä‘Ã¡ng tin cáº­y,  ",5,4 ngÃ y trÆ°á»›c,2024-01-13
8***5,"Giao hÃ ng nhanh chÃ³ng vÃ  Ä‘Ã¡ng tin cáº­y, Chip A17 máº¡nh máº½ cho viá»‡c Ä‘a nhiá»‡m mÆ°á»£t mÃ ,  ",5,4 ngÃ y trÆ°á»›c,2024-01-13
XuÃ¢n L.,"Dung lÆ°á»£ng lÆ°u trá»¯ áº¥n tÆ°á»£ng, Dá»‹ch vá»¥ khÃ¡ch hÃ ng xuáº¥t sáº¯c, Sá»­ dá»¥ng cháº¥t liá»‡u cao cáº¥p,  ",5,5 ngÃ y trÆ°á»›c,2024-01-13
8***4,Chat luong san pham ok Chat luong san pham ok Chat luong san pham ok ,5,5 ngÃ y trÆ°á»›c,2024-01-13
8***1,Chat luong san pham ok Chat luong san pham ok Chat luong san pham ok ,5,5 ngÃ y trÆ°á»›c,2024-01-13
LÆ°á»£ng Ä.,"Long-lasting battery life, Powerful A17 chip for seamless multitasking,  ",5,5 ngÃ y trÆ°á»›c,2024-01-13
8***1,chat luong san pham ok chat luong san pham ok chat luong san pham ok ,5,5 ngÃ y trÆ°á»›c,2024-01-13
C***.,"Sá»­ dá»¥ng cháº¥t liá»‡u cao cáº¥p, Thá»i lÆ°á»£ng pin lÃ¢u dÃ i, Chip A17 máº¡nh máº½ cho viá»‡c Ä‘a nhiá»‡m mÆ°á»£t mÃ , Cháº¥t lÆ°á»£ng camera áº¥n tÆ°á»£ng,  ",5,1 tuáº§n trÆ°á»›c,2024-01-13
3***6,"Giao hÃ ng nhanh chÃ³ng vÃ  Ä‘Ã¡ng tin cáº­y, Hiá»‡u nÄƒng mÆ°á»£t mÃ  vÃ  nhanh chÃ³ng,  ",5,5 ngÃ y trÆ°á»›c,2024-01-13
0***0,"Dá»‹ch vá»¥ khÃ¡ch hÃ ng xuáº¥t sáº¯c, Sá»­ dá»¥ng cháº¥t liá»‡u cao cáº¥p, Há»‡ Ä‘iá»u hÃ nh iOS tiá»‡n lá»£i vÃ  dá»… sá»­ dá»¥ng,  ",5,5 ngÃ y trÆ°á»›c,2024-01-13
Anh T.,"giao nhanh
mÃ¡y sang xá»‹n má»‹n cÄƒng Ä‘Ã©t ",5,23 giá» trÆ°á»›c,2024-01-13
Vo M.,"Hiá»‡u nÄƒng mÆ°á»£t mÃ  vÃ  nhanh chÃ³ng, Chip A17 máº¡nh máº½ cho viá»‡c Ä‘a nhiá»‡m mÆ°á»£t mÃ , Há»‡ Ä‘iá»u hÃ nh iOS tiá»‡n lá»£i vÃ  dá»… sá»­ dá»¥ng, Sá»­ dá»¥ng cháº¥t liá»‡u cao cáº¥p,  ",5,1 ngÃ y trÆ°á»›c,2024-01-13
TÃ¢m T.,"Thá»i lÆ°á»£ng pin lÃ¢u dÃ i, Thá»i lÆ°á»£ng pin lÃ¢u dÃ i, ",5,3 tuáº§n trÆ°á»›c,2024-01-13
TÃ¢m T.,"Sá»­ dá»¥ng cháº¥t liá»‡u cao cáº¥p, Cháº¥t lÆ°á»£ng camera áº¥n tÆ°á»£ng,Thá»i lÆ°á»£ng pin lÃ¢u dÃ i,  ",5,3 tuáº§n trÆ°á»›c,2024-01-13
Pháº¡m T.,"Giao hÃ ng nhanh chÃ³ng vÃ  Ä‘Ã¡ng tin cáº­y, sp tá»‘t ",5,2 tuáº§n trÆ°á»›c,2024-01-13
Nguyá»…n T.,Cháº¥t lÆ°á»£ng:  tá»‘t nhÃ© giao hÆ¡i chÃ¢m ,5,3 tuáº§n trÆ°á»›c,2024-01-13
G***.,"Cháº¥t lÆ°á»£ng camera áº¥n tÆ°á»£ng, MÃ u sáº¯c hiá»ƒn thá»‹ sá»‘ng Ä‘á»™ng,  ",5,4 tuáº§n trÆ°á»›c,2024-01-13
Báº±ng L.,"Dá»‹ch vá»¥ khÃ¡ch hÃ ng xuáº¥t sáº¯c,  ",5,3 tuáº§n trÆ°á»›c,2024-01-13
N***.,TÃ­nh nÄƒng:  tot ,5,4 tuáº§n trÆ°á»›c,2024-01-13
Hong N.,"ÄÃ£ mua hÃ ng, cháº¥t lÆ°á»£ng tá»‘t ",5,2 tuáº§n trÆ°á»›c,2024-01-13
0***2,"TÃ­nh nÄƒng:cao. xá»‹n xÃ²
 Cháº¥t lÆ°á»£ng:tá»‘t cháº¥t lÆ°á»£ng
 Cháº¥t liá»‡u:ráº¥t tá»‘t ",5,1 tuáº§n trÆ°á»›c,2024-01-13
9***0,"Chip A17 máº¡nh máº½ cho viá»‡c Ä‘a nhiá»‡m mÆ°á»£t mÃ , Dung lÆ°á»£ng lÆ°u trá»¯ áº¥n tÆ°á»£ng,  ",5,3 tuáº§n trÆ°á»›c,2024-01-13
Nguyá»…n H.,"Sá»­ dá»¥ng cháº¥t liá»‡u cao cáº¥p, Hiá»‡u nÄƒng mÆ°á»£t mÃ  vÃ  nhanh chÃ³ng, Thá»i lÆ°á»£ng pin lÃ¢u dÃ i, Dung lÆ°á»£ng lÆ°u trá»¯ áº¥n tÆ°á»£ng,  ",5,2 tuáº§n trÆ°á»›c,2024-01-13
7***2,"TÃ­nh nÄƒng: ok
 Cháº¥t lÆ°á»£ng: tá»‘t 
 Cháº¥t liá»‡u: ok
HÃ ng nháº­n Ä‘áº¹p Ä‘Ãºng nhÆ° mÃ´ táº£, Ä‘Ã³ng gÃ³i cáº©n tháº­n. Giao hÃ ng nhanh 
 ",5,4 tuáº§n trÆ°á»›c,2024-01-13
*******395,"Quality:  Cháº¥t lÆ°á»£ng - hÃ ng chuáº©n mÃ¡y bao mÆ°á»£t
Ship hÃ ng nhanh 
Dá»‹ch vá»¥ tá»‘t
Super like ",5,4 tuáº§n trÆ°á»›c,2024-01-13
Mai C.,Cháº¥t lÆ°á»£ng:  Ä‘áº¹p láº¯m ,5,4 tuáº§n trÆ°á»›c,2024-01-13
Nguyá»…n N.,Giao Ä‘Ãºng háº¡n. MÃ¡y chÃ­nh hÃ£ng. ,5,4 tuáº§n trÆ°á»›c,2024-01-13
9***6,"Giao hÃ ng ráº¥t nhanh. Nay Ä‘áº·t mai Ä‘Ã£ giao hÃ ng. NhÃ¢n viÃªn giao hÃ ng thÃ¢n thiá»‡n. Giao hÃ ng chÃ­nh chá»§+ pháº£i xuáº¥t trÃ¬nh CCCD má»›i Ä‘Æ°á»£c nháº­n hÃ ng. Quy trÃ¬nh chuáº©n, ráº¥t yÃªn tÃ¢m khi mua hÃ ng cÃ³ giÃ¡ trá»‹ táº¡i LazadaThá»i lÆ°á»£ng pin lÃ¢u dÃ i, Sá»­ dá»¥ng cháº¥t liá»‡u cao cáº¥p,  ",5,4 tuáº§n trÆ°á»›c,2024-01-13
vo T.,Cháº¥t lÆ°á»£ng:  chuáº©n ko cáº§n chá»‰nh ,5,4 tuáº§n trÆ°á»›c,2024-01-13
H***.,"Cháº¥t lÆ°á»£ng camera áº¥n tÆ°á»£ng, Dá»‹ch vá»¥ khÃ¡ch hÃ ng xuáº¥t sáº¯c, Há»‡ Ä‘iá»u hÃ nh iOS tiá»‡n lá»£i vÃ  dá»… sá»­ dá»¥ng, MÃ u sáº¯c hiá»ƒn thá»‹ sá»‘ng Ä‘á»™ng,  ",5,3 ngÃ y trÆ°á»›c,2024-01-13
Vo M.,"Cháº¥t lÆ°á»£ng camera áº¥n tÆ°á»£ng, Dá»‹ch vá»¥ khÃ¡ch hÃ ng xuáº¥t sáº¯c, Thá»i lÆ°á»£ng pin lÃ¢u dÃ i, Thiáº¿t káº¿ sang trá»ng vÃ  hiá»‡n Ä‘áº¡i,  ",5,4 tuáº§n trÆ°á»›c,2024-01-13
0***3,"Giao hÃ ng nhanh chÃ³ng vÃ  Ä‘Ã¡ng tin cáº­y, Dung lÆ°á»£ng lÆ°u trá»¯ áº¥n tÆ°á»£ng, Sá»­ dá»¥ng cháº¥t liá»‡u cao cáº¥p, Giao hÃ ng nhanh chÃ³ng vÃ  Ä‘Ã¡ng tin cáº­y,  ",5,6 ngÃ y trÆ°á»›c,2024-01-13
nghiem T.,"hÃ ng nguyÃªn sá»­a láº¡i, cÃ³ tem cá»§a lazada. Ä‘áº¹p. tiáº¿t kiá»‡m hÆ¡n mua ngoÃ i
 ",5,4 tuáº§n trÆ°á»›c,2024-01-13
Utimate A.,"IP15 pro max nguyÃªn seal, chÃ­nh hÃ£ng.
HÃ ng Ä‘Ã³ng gÃ³i ráº¥t cáº©n tháº­n",5,4 tuáº§n trÆ°á»›c,2024-01-13
LÃª D.,Cháº¥t lÆ°á»£ng ,5,4 tuáº§n trÆ°á»›c,2024-01-13
Mr. T.,HÃ ng chÃ­nh hÃ£ng. Tuyá»‡t vá»i!! ,5,4 tuáº§n trÆ°á»›c,2024-01-13
Vo M.,"Thiáº¿t káº¿ sang trá»ng vÃ  hiá»‡n Ä‘áº¡i, Dá»‹ch vá»¥ khÃ¡ch hÃ ng xuáº¥t sáº¯c, Thá»i lÆ°á»£ng pin lÃ¢u dÃ i, Sá»­ dá»¥ng cháº¥t liá»‡u cao cáº¥p,  ",5,4 tuáº§n trÆ°á»›c,2024-01-13
9***2,Cháº¥t lÆ°á»£ng:  tá»‘t ,5,2 tuáº§n trÆ°á»›c,2024-01-13
DÆ°Æ¡ng Q.,"Nháº­n hÃ ng nhanh. MÃ¡y Ä‘áº¹p keng nguyÃªn seal
Chip A17 máº¡nh máº½ cho viá»‡c Ä‘a nhiá»‡m mÆ°á»£t mÃ ,  ",5,4 tuáº§n trÆ°á»›c,2024-01-13
Nguyá»…n T.,Cháº¥t lÆ°á»£ng tá»‘t ,5,4 tuáº§n trÆ°á»›c,2024-01-13
G***.,"Shop Ä‘Ã³ng gÃ³i kÄ© ráº¥t Æ°ng, chÆ°a sá»­ dá»¥ng ",5,14 thg 12 2023,2024-01-13
P***u,Cháº¥t lÆ°á»£ng:  okokokokk ,5,4 tuáº§n trÆ°á»›c,2024-01-13
*******049,"HÃ ng nguyÃªn váº¹n, Ä‘Ã³ng gÃ³i ká»¹ cÃ ng  ",5,14 thg 12 2023,2024-01-13
Tien,Sáº£n pháº©m tá»‘t giao hÃ ng nhanh chÃ³ng. Check thÃ¬ tháº§y chÃ­nh hÃ£ng  ,5,2 tuáº§n trÆ°á»›c,2024-01-13
Mai V.,HÃ ng giao nhanh gia tá»‘t tÃ´i ráº¥t hÃ i lÃ²ng hÃ ng giao nhanh giÃ¡ trá»‹  ,5,4 tuáº§n trÆ°á»›c,2024-01-13
n***.,"Dá»‹ch vá»¥ khÃ¡ch hÃ ng xuáº¥t sáº¯c, Chip A17 máº¡nh máº½ cho viá»‡c Ä‘a nhiá»‡m mÆ°á»£t mÃ ,  ",5,13 thg 12 2023,2024-01-13
Thanh P.,"TÃ­nh nÄƒng: ok
 ",5,14 thg 12 2023,2024-01-13
Thanh P.,"Cháº¥t lÆ°á»£ng: ok
 ",5,14 thg 12 2023,2024-01-13
khang K.,"Dá»‹ch vá»¥ khÃ¡ch hÃ ng xuáº¥t sáº¯c,  ",5,3 tuáº§n trÆ°á»›c,2024-01-13
****1,"Giao hÃ ng nhanh chÃ³ng vÃ  Ä‘Ã¡ng tin cáº­y, Dá»‹ch vá»¥ khÃ¡ch hÃ ng xuáº¥t sáº¯c, Giao hÃ ng nhanh chÃ³ng vÃ  Ä‘Ã¡ng tin cáº­y, Giao hÃ ng nhanh chÃ³ng vÃ  Ä‘Ã¡ng tin cáº­y, Giao hÃ ng nhanh chÃ³ng vÃ  Ä‘Ã¡ng tin cáº­y, Dá»‹ch vá»¥ khÃ¡ch hÃ ng xuáº¥t sáº¯c, Chip A17 máº¡nh máº½ cho viá»‡c Ä‘a nhiá»‡m mÆ°á»£t mÃ , Chip A17 máº¡nh máº½ cho viá»‡c Ä‘a nhiá»‡m mÆ°á»£t mÃ , MÃ u sáº¯c hiá»ƒn thá»‹ sá»‘ng Ä‘á»™ng, Cháº¥t lÆ°á»£ng camera áº¥n tÆ°á»£ng, Sá»­ dá»¥ng cháº¥t liá»‡u cao cáº¥p, Sá»­ dá»¥ng cháº¥t liá»‡u cao cáº¥p, Thiáº¿t káº¿ sang trá»ng vÃ  hiá»‡n Ä‘áº¡i, Hiá»‡u nÄƒng mÆ°á»£t mÃ  vÃ  nhanh chÃ³ng, Hiá»‡u nÄƒng mÆ°á»£t mÃ  vÃ  nhanh chÃ³ng,  ",5,13 thg 12 2023,2024-01-13
Bunny,"Giao hÃ ng nhanh chÃ³ng vÃ  Ä‘Ã¡ng tin cáº­y,  ",5,4 tuáº§n trÆ°á»›c,2024-01-13
Tuyáº¿t A.,"Dá»‹ch vá»¥ khÃ¡ch hÃ ng xuáº¥t sáº¯c, Chip A17 máº¡nh máº½ cho viá»‡c Ä‘a nhiá»‡m mÆ°á»£t mÃ ,  ",5,13 thg 12 2023,2024-01-13
8***3,"MÃ u sáº¯c hiá»ƒn thá»‹ sá»‘ng Ä‘á»™ng, Thiáº¿t káº¿ sang trá»ng vÃ  hiá»‡n Ä‘áº¡i, Giao hÃ ng nhanh chÃ³ng vÃ  Ä‘Ã¡ng tin cáº­y, Dung lÆ°á»£ng lÆ°u trá»¯ áº¥n tÆ°á»£ng,  ",5,14 thg 12 2023,2024-01-13
ThÃ nh Ä.,"TÃ­nh nÄƒng: 
Oke ",5,13 thg 12 2023,2024-01-13
HÆ°Æ¡ng G.,HÃ ng ok ráº¥t Ä‘áº¹p ,5,14 thg 12 2023,2024-01-13
Vo M.,"Há»‡ Ä‘iá»u hÃ nh iOS tiá»‡n lá»£i vÃ  dá»… sá»­ dá»¥ng, Giao hÃ ng nhanh chÃ³ng vÃ  Ä‘Ã¡ng tin cáº­y,  ",5,14 thg 12 2023,2024-01-13
0***0,"Chip A17 máº¡nh máº½ cho viá»‡c Ä‘a nhiá»‡m mÆ°á»£t mÃ , Sá»­ dá»¥ng cháº¥t liá»‡u cao cáº¥p,  ",5,13 thg 12 2023,2024-01-13
8***4,Chat luong san pham ok Chat luong san pham ok Chat luong san pham ok ,5,5 ngÃ y trÆ°á»›c,2024-01-13
XuÃ¢n L.,"Há»‡ Ä‘iá»u hÃ nh iOS tiá»‡n lá»£i vÃ  dá»… sá»­ dá»¥ng, Sá»­ dá»¥ng cháº¥t liá»‡u cao cáº¥p,  ",5,13 thg 12 2023,2024-01-13
Nguyá»…n T.,"Okghjvvvbbbb
 Cycyy h h vk k k kbkbj jubbi ",5,04 thg 12 2023,2024-01-13
VÅ© D.,"Sá»­ dá»¥ng cháº¥t liá»‡u cao cáº¥p, Cháº¥t lÆ°á»£ng camera áº¥n tÆ°á»£ng, Giao hÃ ng nhanh chÃ³ng vÃ  Ä‘Ã¡ng tin cáº­y, Thá»i lÆ°á»£ng pin lÃ¢u dÃ i,  ",5,12 thg 12 2023,2024-01-13
T***.,"MÃ u sáº¯c hiá»ƒn thá»‹ sá»‘ng Ä‘á»™ng, Chip A17 máº¡nh máº½ cho viá»‡c Ä‘a nhiá»‡m mÆ°á»£t mÃ , Thiáº¿t káº¿ sang trá»ng vÃ  hiá»‡n Ä‘áº¡i,  ",5,22 thg 11 2023,2024-01-13
Nguyá»…n V.,HÃ ng chÃ­nh hÃ£ng. Nháº­n hÆ¡i lÃ¢u. ,5,21 thg 11 2023,2024-01-13
TÃº H.,"Hiá»‡u nÄƒng mÆ°á»£t mÃ  vÃ  nhanh chÃ³ng,  ",5,02 thg 12 2023,2024-01-13
N***.,"Giao hÃ ng nhanh chÃ³ng vÃ  Ä‘Ã¡ng tin cáº­y,  ",5,17 thg 11 2023,2024-01-13
Ben B.,"Cháº¥t liá»‡u: 
Giao hÃ ng lÃ¢u hÆ¡n dá»± kiáº¿n ",5,20 thg 11 2023,2024-01-13
Nguyá»…n V.,quÃ¡ cháº¥t quÃ¡ Ä‘áº³ng cáº¥p.ko gÃ¬ miÃªu táº£ Ä‘c nÃ³ cháº¥t nhÆ° tháº¿ nÃ o .Thanks ,5,23 thg 11 2023,2024-01-13
Tuyáº¿t A.,"Sá»­ dá»¥ng cháº¥t liá»‡u cao cáº¥p, Giao hÃ ng nhanh chÃ³ng vÃ  Ä‘Ã¡ng tin cáº­y,  ",5,13 thg 12 2023,2024-01-13
*******857,"Giao nhanh mÃ¡y Ä‘áº¹p
 Cháº¥t lÆ°á»£ng:  tá»‘t ",5,20 thg 11 2023,2024-01-13
P***.,"Thá»i lÆ°á»£ng pin lÃ¢u dÃ i, Cháº¥t lÆ°á»£ng camera áº¥n tÆ°á»£ng, Sá»­ dá»¥ng cháº¥t liá»‡u cao cáº¥p,  ",5,09 thg 12 2023,2024-01-13
Äá»©c M.,Cháº¥t lÆ°á»£ng:  ngon ,5,18 thg 11 2023,2024-01-13
N***.,"Ok, ship hÃ ng hÆ¡i lÃ¢u tÃ­ ",5,20 thg 11 2023,2024-01-13
9***9,"Dá»‹ch vá»¥ khÃ¡ch hÃ ng xuáº¥t sáº¯c
MÃ  bÃªn Ä‘Ã³ng gÃ³i hÃ ng lÃ¢u quÃ¡!! Äáº·t 11 mÃ  16 má»›i Ä‘Ã³ng xong Ä‘á»ƒ giao hoáº£ tá»‘c ğŸ˜‘ğŸ˜‘ ",5,16 thg 11 2023,2024-01-13
Báº£o N.,"Thá»i lÆ°á»£ng pin lÃ¢u dÃ i,  ",5,18 thg 11 2023,2024-01-13
Tráº§n T.,"Hiá»‡u nÄƒng mÆ°á»£t mÃ  vÃ  nhanh chÃ³ng,  ",5,16 thg 11 2023,2024-01-13
9***7,"Ráº¥t tá»‘t
! ",5,15 thg 11 2023,2024-01-13
LÃª T.,"Chip A17 máº¡nh máº½ cho viá»‡c Ä‘a nhiá»‡m mÆ°á»£t mÃ ,  ",5,17 thg 11 2023,2024-01-13
9***7,"TuyÃªtj vá»i !
 ",5,15 thg 11 2023,2024-01-13
HÆ°ng,"Hiá»‡u nÄƒng mÆ°á»£t mÃ  vÃ  nhanh chÃ³ng, Chip A17 máº¡nh máº½ cho viá»‡c Ä‘a nhiá»‡m mÆ°á»£t mÃ ,  ",5,23 thg 11 2023,2024-01-13
VÃµ M.,"Giao hÃ ng nhanh chÃ³ng vÃ  Ä‘Ã¡ng tin cáº­y, Chip A17 máº¡nh máº½ cho viá»‡c Ä‘a nhiá»‡m mÆ°á»£t mÃ ,  ",5,22 thg 11 2023,2024-01-13
N***.,"sáº£n pháº©m tá»‘t, giao hÃ ng cháº­m so vá»›i thá»i gian dá»± kiáº¿n.",5,15 thg 11 2023,2024-01-13
Dungbui,Äáº¹p quÃ¡ ko biáº¿t dÃ¹ng mÃ u nÃ o ,5,15 thg 11 2023,2024-01-13
Há»©a Ä.,"Cháº¥t lÆ°á»£ng: new fullbox, Ä‘Ã³ng gÃ³i ráº¥t kÄ©
Lazada giao ráº¥t nhanh chÃ³ng, sÄƒn sale 32tr, hehe ",5,18 thg 11 2023,2024-01-13
tuan L.,"Äáº·t 11 nháº­n ngÃ y 14 chá» hÆ¡i lÃ¢u nhÆ°ng Ä‘Æ°á»£c cÃ¡i giáº£m giÃ¡ nÃªn chá» Ä‘Æ°á»£c, shop cho há»i giá» muá»‘n cÃ³ hoÃ¡ Ä‘Æ¡n mua hÃ ng Ä‘á»ƒ sau nÃ y báº£o hÃ nh hay gÃ¬ thÃ¬ nhÆ° tháº¿ nÃ o ",5,14 thg 11 2023,2024-01-13
Dungbui,HÃ ng siu Ä‘áº¹p â¤ï¸ ,5,15 thg 11 2023,2024-01-13
0***3,GiÃ¡ quÃ¡ tá»‘t â¤ï¸ ,5,14 thg 11 2023,2024-01-13
Toai T.,Ngon Ngon Ngon Ngon Ngon Ngon Ngon Ngon Ngon Ngon Ngon Ngon Ngon Ngon Ngon Ngon Ngon Ngon Ngon Ngon Ngon Ngon Ngon Ngon ,5,19 thg 11 2023,2024-01-13
Thai B.,ÄÃºng hÃ ng ,5,23 thg 11 2023,2024-01-13
TDT,"Hiá»‡u nÄƒng mÆ°á»£t mÃ  vÃ  nhanh chÃ³ng, Giao hÃ ng nhanh chÃ³ng vÃ  Ä‘Ã¡ng tin cáº­y, Chip A17 máº¡nh máº½ cho viá»‡c Ä‘a nhiá»‡m mÆ°á»£t mÃ , Thiáº¿t káº¿ sang trá»ng vÃ  hiá»‡n Ä‘áº¡i,  ",5,16 thg 11 2023,2024-01-13
*******100,"Cháº¥t lÆ°á»£ng: ok
 ",5,13 thg 11 2023,2024-01-13
C***.,"HÃ ng Ä‘áº¹p, Ä‘Ã³ng gÃ³i cáº©n tháº­n, giao hÃ ng nhanh ",5,16 thg 11 2023,2024-01-13
7***6,"MÃ u sáº¯c hiá»ƒn thá»‹ sá»‘ng Ä‘á»™ng, Thá»i lÆ°á»£ng pin lÃ¢u dÃ i, Chip A17 máº¡nh máº½ cho viá»‡c Ä‘a nhiá»‡m mÆ°á»£t mÃ ,  ",5,03 thg 12 2023,2024-01-13
Nguyá»…n H.,"MÃ u tráº¯ng Ä‘áº¹p quÃ¡, giao hÃ ng Ä‘Ã³ng gÃ³i cáº©n tháº­n ná»¯a! 10Ä‘ ",5,13 thg 11 2023,2024-01-13
m***.,"Chip A17 máº¡nh máº½ cho viá»‡c Ä‘a nhiá»‡m mÆ°á»£t mÃ , Dá»‹ch vá»¥ khÃ¡ch hÃ ng xuáº¥t sáº¯c, Hiá»‡u nÄƒng mÆ°á»£t mÃ  vÃ  nhanh chÃ³ng, Cháº¥t lÆ°á»£ng camera áº¥n tÆ°á»£ng,  ",5,04 thg 12 2023,2024-01-13
huá»³nh T.,"Thá»i lÆ°á»£ng pin lÃ¢u dÃ i, Dá»‹ch vá»¥ khÃ¡ch hÃ ng xuáº¥t sáº¯c, Cháº¥t lÆ°á»£ng camera áº¥n tÆ°á»£ng, Sá»­ dá»¥ng cháº¥t liá»‡u cao cáº¥p,  ",5,06 thg 12 2023,2024-01-13
9***1,Sáº£n pháº©m tá»‘t ,5,13 thg 11 2023,2024-01-13
V***.,"Giao hÃ ng nhanh chÃ³ng vÃ  Ä‘Ã¡ng tin cáº­y, Giao hÃ ng nhanh chÃ³ng vÃ  Ä‘Ã¡ng tin cáº­y,  ",5,16 thg 11 2023,2024-01-13
P***.,"Äáº·t 11.11 hÃ´m sau nháº­n luÃ´n, giÃ¡ tá»‘t, khi nháº­n hÃ ng váº«n nguyÃªn há»™p, láº§n Ä‘áº§u mua iphone qua máº¡ng mÃ  tháº¥y á»•n Ã¡p quÃ¡ ğŸ˜… ",5,14 thg 11 2023,2024-01-13
Mi M.,NguyÃªn seal. Giao hÃ ng thÃ¢n thiá»‡n nhiá»‡t tÃ¬nh. Vá» cÆ¡ báº£n lÃ  ok. ChÆ°a dÃ¹ng nÃªn chÆ°a biáº¿t cháº¥t lÆ°á»£ng ,5,14 thg 11 2023,2024-01-13
Lam,"sang xá»‹n má»‹n nha... shop giao ráº¥t nhanh, hÃ ng Ä‘áº¿n tay á»•nGiao hÃ ng nhanh chÃ³ng vÃ  Ä‘Ã¡ng tin cáº­y, Chip A17 máº¡nh máº½ cho viá»‡c Ä‘a nhiá»‡m mÆ°á»£t mÃ , Hiá»‡u nÄƒng mÆ°á»£t mÃ  vÃ  nhanh chÃ³ng,  ",5,17 thg 11 2023,2024-01-13
Toai T.,Ngon Ngon Ngon Ngon Ngon Ngon Ngon Ngon Ngon Ngon Ngon Ngon Ngon Ngon Ngon Ngon Ngon Ngon Ngon Ngon Ngon Ngon Ngon Ngon ,5,19 thg 11 2023,2024-01-13
Trang D.,"Sáº£n pháº©m tá»‘t giao hÃ ng nhanh cháº¥t lÆ°á»£ng tuyá»‡t vá»i sáº½ cÃ²n á»§ng há»™ tiáº¿p cÃ¡m Æ¡n shop nhiá»u hehehe cÃ¡m Æ¡n 
Xin chÃ¢n thÃ nh cáº£m Æ¡n shop ",5,27 thg 11 2023,2024-01-13
0***7,"Cháº¥t lÆ°á»£ng:nhÆ° miÃªu táº£
hÃ ng chÃ­nh hÃ£ng ",5,06 thg 12 2023,2024-01-13
Hiáº¿u P.,"Tá»‘t
 Cháº¥t lÆ°á»£ng:  tá»‘t ",5,18 thg 11 2023,2024-01-13
ÄÄƒng K.,Sp tá»‘t new giao nhanh ,5,11 thg 11 2023,2024-01-13
Trang L.,"Giao hÃ ng nhanh, nguyÃªn há»™p, nguyÃªn seal, cÃ³ cáº£ seal cá»§a Lazada  ",5,09 thg 11 2023,2024-01-13
NiNi N.,Uy tÃ­n nhanh gá»n ,5,15 thg 11 2023,2024-01-13
9***6,"Thiáº¿t káº¿ sang trá»ng vÃ  hiá»‡n Ä‘áº¡i,  ",5,6 ngÃ y trÆ°á»›c,2024-01-13
Thii T.,"Dung lÆ°á»£ng lÆ°u trá»¯ áº¥n tÆ°á»£ng, Thá»i lÆ°á»£ng pin lÃ¢u dÃ i, Sá»­ dá»¥ng cháº¥t liá»‡u cao cáº¥p,  ",5,6 ngÃ y trÆ°á»›c,2024-01-13
*******309,"Sá»­ dá»¥ng cháº¥t liá»‡u cao cáº¥p,  ",5,6 ngÃ y trÆ°á»›c,2024-01-13
Nguyá»…n H.,"hÃ ng Ä‘Ãºng mÃ´ táº£, nhÆ°ng giao hÆ¡i cháº­m  ",5,6 ngÃ y trÆ°á»›c,2024-01-13
Trang N.,"Cháº¥t lÆ°á»£ng camera áº¥n tÆ°á»£ng, Há»‡ Ä‘iá»u hÃ nh iOS tiá»‡n lá»£i vÃ  dá»… sá»­ dá»¥ng,  ",5,7 ngÃ y trÆ°á»›c,2024-01-13
0***4,"Thá»i lÆ°á»£ng pin lÃ¢u dÃ i, MÃ u sáº¯c hiá»ƒn thá»‹ sá»‘ng Ä‘á»™ng, Há»‡ Ä‘iá»u hÃ nh iOS tiá»‡n lá»£i vÃ  dá»… sá»­ dá»¥ng,  ",5,4 tuáº§n trÆ°á»›c,2024-01-13
Trang N.,"Cháº¥t lÆ°á»£ng camera áº¥n tÆ°á»£ng, MÃ u sáº¯c hiá»ƒn thá»‹ sá»‘ng Ä‘á»™ng, Cháº¥t lÆ°á»£ng camera áº¥n tÆ°á»£ng,  ",5,4 tuáº§n trÆ°á»›c,2024-01-13
*******465,"Cháº¥t lÆ°á»£ng camera áº¥n tÆ°á»£ng, Thiáº¿t káº¿ sang trá»ng vÃ  hiá»‡n Ä‘áº¡i,  ",5,4 tuáº§n trÆ°á»›c,2024-01-13
Tiá»‡p B.,Ung Ã½ lun shop oi ,5,4 tuáº§n trÆ°á»›c,2024-01-13
Nguyen T.,"HÃ ng Ä‘Ã³ng gÃ³i cáº©n tháº­n, full seal 100%. ChÆ°a active ",5,4 tuáº§n trÆ°á»›c,2024-01-13
Minh S.,Ráº¥t tá»‘t ,5,3 tuáº§n trÆ°á»›c,2024-01-13
Há»’ T.,Ráº¥t Ä‘áº¹p ,5,4 tuáº§n trÆ°á»›c,2024-01-13
Dungbui,Good â¤ï¸ ,5,13 thg 12 2023,2024-01-13
9***1,Hang ok ,5,16 thg 11 2023,2024-01-13
Nguyen T.,"Good product, packing was carefully and delivered quickly. ",5,19 thg 11 2023,2024-01-13
T***.,"TÃ­nh nÄƒng: iphone 15 pm nháº¹ & Ä‘áº¹p
 Cháº¥t lÆ°á»£ng: xá»©ng Ä‘Ã¡ng vÃ¬ sÄƒn Ä‘c deal quÃ¡ há»i lun Ã¡. Ship nhanh ná»¯a
 ",5,12 thg 11 2023,2024-01-13
9***3,"TÃ­nh nÄƒng:  ngon
 Cháº¥t lÆ°á»£ng:  ok
 Cháº¥t liá»‡u:  tá»‘t ",5,12 thg 11 2023,2024-01-13
l***.,"Cháº¥t lÆ°á»£ng:ráº¥t tá»‘t 
 TÃ­nh nÄƒng:ráº¥t tá»‘t ",5,12 thg 11 2023,2024-01-13
Lang T.,Cháº¥t lÆ°á»£ng:  ngon ,5,12 thg 11 2023,2024-01-13
8***7,"Hdjduiwndnxjueudnnxncjdijejenrjrjeiejsnnznsjejejenne
 ",5,12 thg 11 2023,2024-01-13
Nguyá»…n V.,"Ship nhanh, hÃ ng chuáº©n vna ",5,05 thg 11 2023,2024-01-13
Nguyá»…n T.,ok nha ,5,14 thg 12 2023,2024-01-13
9***3,Nhanh láº¹ ,5,12 thg 11 2023,2024-01-13
L***.,"Giao sá»›m hÆ¡n dá»± kiáº¿n
.
 ",5,28 thg 10 2023,2024-01-13
Pháº¡m C.,"Cháº¥t lÆ°á»£ng: hÃ ng chuáº©n, giao nhanh luÃ´n ",5,27 thg 10 2023,2024-01-13
NgÃ´ B.,Giao hÃ ng nhanh. ÄÃ³ng gÃ³i cáº©n tháº­n. ,5,27 thg 10 2023,2024-01-13
*******926,"LÃºc mÃ¬nh mua thÃ¬ chá»n hÃ¬nh thá»©c tráº£ gÃ³p qua tháº», nhÆ°ng láº¡i khÃ´ng Ä‘Æ°á»£c chuyá»ƒn Ä‘á»•i tráº£ gÃ³p.  ",5,26 thg 10 2023,2024-01-13
Hoai H.,ÄÃ£ nháº­n hÃ ng sÃ¡ng nay sau 12 ngÃ y chá» Ä‘á»£i. Äá»£t hÃ ng giao sá»›m hÆ¡n dá»± Ä‘á»‹nh ,5,25 thg 10 2023,2024-01-13
Huá»³nh P.,"hÃ ng chÃ­nh háº£ng, giao hÃ ng nhanh. Ä‘Ãºng chuáº©n mÃ¡y Ä‘áº¹p lÃ m quÃ  táº·ng ",5,27 thg 10 2023,2024-01-13
TrÃ¢m N.,Táº¥t nhiÃªn lÃ  hÃ ng chÃ­nh hÃ£ng rá»“i. Shipper giao hÃ ng nhanh. Vui váº» lá»‹ch sá»±  ,5,30 thg 10 2023,2024-01-13
T***.,Chinh hang nguyen seal ,5,19 thg 10 2023,2024-01-13
Huá»³nh K.,"Cháº¥t lÆ°á»£ng:  láº§n thá»© 2 mua iPhone qua Lazada. 5 sao cho cháº¥t lÆ°á»£ng vÃ  dá»‹ch vá»¥ giao hÃ ng. Giao hÃ ng ráº¥t nhanh. Äáº·t buá»•i chiá»u hÃ´m trÆ°á»›c, sÃ¡ng hÃ´m sau Ä‘Ã£ nháº­n Ä‘Æ°á»£c hÃ ng. ",5,05 thg 10 2023,2024-01-13
BÃ´ng Q.,"Cháº¥t liá»‡u: 
ğŸ˜ğŸ˜ğŸ˜ğŸ˜â˜ºï¸â˜ºï¸â˜ºï¸â˜ºï¸â˜ºï¸â˜ºï¸ ",5,04 thg 10 2023,2024-01-13
9***3,Good ,5,15 thg 11 2023,2024-01-13
Toai T.,Ngon ,5,19 thg 11 2023,2024-01-13
Nguyá»…n V.,Good ,5,14 thg 11 2023,2024-01-13
T***.,Oki  ,5,11 thg 11 2023,2024-01-13
*******600,Good ,5,08 thg 11 2023,2024-01-13
*******238,ok nha ,5,26 thg 11 2023,2024-01-13
Nguyá»…n V.,quÃ¡ cháº¥t ,5,24 thg 10 2023,2024-01-13
ÄoÃ n T.,Uy tÃ­n ,5,12 thg 11 2023,2024-01-13
LÃª Ã.,Tá»‘t ,5,5 ngÃ y trÆ°á»›c,2024-01-13
0***3,tá»‘t ,5,1 tuáº§n trÆ°á»›c,2024-01-13
TiÃªn N.,Ok  ,5,1 tuáº§n trÆ°á»›c,2024-01-13
n***.,Tá»‘t ,5,14 thg 12 2023,2024-01-13
Nháº­t L.,"Ok
 ",5,5 ngÃ y trÆ°á»›c,2024-01-13
8***0,Tá»‘t ,5,13 thg 12 2023,2024-01-13
8***0,Ok ,5,4 tuáº§n trÆ°á»›c,2024-01-13
8***3,OK ,5,4 tuáº§n trÆ°á»›c,2024-01-13
8***4,Ik ,5,4 tuáº§n trÆ°á»›c,2024-01-13
Hoang,Ok ,5,14 thg 12 2023,2024-01-13
TrÆ°á»ng N.,Ok ,5,14 thg 12 2023,2024-01-13
ÄÄƒÌ£ng T.,Ok ,5,29 thg 11 2023,2024-01-13
Tráº§n V.,Ok ,5,20 thg 11 2023,2024-01-13
PhÆ°á»£ng N.,Ok ,5,14 thg 11 2023,2024-01-13
*******386,Ok ,5,14 thg 11 2023,2024-01-13
The A.,quÃ¡ ok ,5,25 thg 10 2023,2024-01-13
The A.,quÃ¡ nhanh ,5,04 thg 10 2023,2024-01-13
Táº¡ D.,"HÃ ng giao nhanh, Ä‘Ãºng tiáº¿n Ä‘á»™ hÆ¡ ",5,04 thg 10 2023,2024-01-13
8***9,ok ,5,3 tuáº§n trÆ°á»›c,2024-01-13
Tráº§n T.,OK ,5,19 thg 11 2023,2024-01-13
Nguyen N.,Ok ,5,12 thg 11 2023,2024-01-13
Nguyá»…n N.,Ok ,5,12 thg 11 2023,2024-01-13
Nguyen V.,Ok  ,5,25 thg 10 2023,2024-01-13
Quang H.,,5,3 tuáº§n trÆ°á»›c,2024-01-13
Cáº£nh N.,Ok ,5,19 thg 10 2023,2024-01-13
Nguyá»…n N.,,5,3 tuáº§n trÆ°á»›c,2024-01-13
9***6,,5,4 tuáº§n trÆ°á»›c,2024-01-13
Giangcoiii997,,5,4 tuáº§n trÆ°á»›c,2024-01-13
Há»“,,5,4 tuáº§n trÆ°á»›c,2024-01-13
T***.,,5,16 thg 11 2023,2024-01-13
Tráº§n T.,,5,15 thg 11 2023,2024-01-13
N***.,,5,16 thg 11 2023,2024-01-13
V***.,,5,13 thg 11 2023,2024-01-13
NguyÃªnÄá»“ng,,5,13 thg 11 2023,2024-01-13
0***9,,5,25 thg 10 2023,2024-01-13
Nguyá»…n M.,,5,30 thg 9 2023,2024-01-13
D***.,,5,29 thg 9 2023,2024-01-13
9***0,,5,30 thg 9 2023,2024-01-13
Hai A.,,5,30 thg 9 2023,2024-01-13
linh L.,,5,30 thg 9 2023,2024-01-13
HoÃ ng N.,,5,29 thg 9 2023,2024-01-13
ngl Q.,,5,29 thg 9 2023,2024-01-13
9***0,,5,30 thg 9 2023,2024-01-13
HoÃ ng T.,,5,29 thg 9 2023,2024-01-13
9***0,,5,30 thg 9 2023,2024-01-13
LÃª Ä.,,5,29 thg 9 2023,2024-01-13
Nguyen P.,,5,29 thg 9 2023,2024-01-13
3***6,,5,29 thg 9 2023,2024-01-13
3***6,,5,29 thg 9 2023,2024-01-13
H***.,,5,29 thg 9 2023,2024-01-13
Vo M.,,5,30 thg 9 2023,2024-01-13
Nguyá»…n M.,,5,29 thg 9 2023,2024-01-13
Nguyá»…n V.,,5,2 ngÃ y trÆ°á»›c,2024-01-13
phÆ°Æ¡ng A.,,5,3 ngÃ y trÆ°á»›c,2024-01-13
ThiÃªn T.,,5,47 phÃºt trÆ°á»›c,2024-01-13
duy P.,,5,4 ngÃ y trÆ°á»›c,2024-01-13
9***3,,5,1 ngÃ y trÆ°á»›c,2024-01-13
VÅ© N.,,5,1 ngÃ y trÆ°á»›c,2024-01-13
Lang T.,,5,2 ngÃ y trÆ°á»›c,2024-01-13
Hiáº¿u A.,,5,5 ngÃ y trÆ°á»›c,2024-01-13
9***9,,5,3 ngÃ y trÆ°á»›c,2024-01-13
Hiáº¿u A.,,5,5 ngÃ y trÆ°á»›c,2024-01-13
Äá»— Y.,,5,3 ngÃ y trÆ°á»›c,2024-01-13
*******438,,5,3 ngÃ y trÆ°á»›c,2024-01-13
QuÃ¡ch T.,,5,4 ngÃ y trÆ°á»›c,2024-01-13
Báº¡ch H.,,5,1 ngÃ y trÆ°á»›c,2024-01-13
8***1,,5,5 ngÃ y trÆ°á»›c,2024-01-13
9***7,,5,5 ngÃ y trÆ°á»›c,2024-01-13
pham K.,,5,6 ngÃ y trÆ°á»›c,2024-01-13
Nguyen D.,,5,4 ngÃ y trÆ°á»›c,2024-01-13
VÄƒn Ã.,,5,6 ngÃ y trÆ°á»›c,2024-01-13
VÄƒn Ã.,,5,6 ngÃ y trÆ°á»›c,2024-01-13
5***0,,5,5 ngÃ y trÆ°á»›c,2024-01-13
*******171,,5,4 ngÃ y trÆ°á»›c,2024-01-13
Háº£i D.,,5,6 ngÃ y trÆ°á»›c,2024-01-13
duy P.,,5,4 ngÃ y trÆ°á»›c,2024-01-13
Nguyá»…n M.,,5,1 tuáº§n trÆ°á»›c,2024-01-13
Hoanghuy D.,,5,4 ngÃ y trÆ°á»›c,2024-01-13
Hoanghuy D.,,5,4 ngÃ y trÆ°á»›c,2024-01-13
NÃ¨ M.,,5,1 tuáº§n trÆ°á»›c,2024-01-13
Minh H.,,5,6 ngÃ y trÆ°á»›c,2024-01-13
NHá»Š N.,,5,7 ngÃ y trÆ°á»›c,2024-01-13
Viá»‡tpháº¡m,,5,1 tuáº§n trÆ°á»›c,2024-01-13
Van M.,,5,1 ngÃ y trÆ°á»›c,2024-01-13
Arjun K.,,5,1 tuáº§n trÆ°á»›c,2024-01-13
Nguyá»…n V.,,5,6 ngÃ y trÆ°á»›c,2024-01-13
Duoc N.,,5,6 ngÃ y trÆ°á»›c,2024-01-13
d***.,,5,1 tuáº§n trÆ°á»›c,2024-01-13
VÅ© Ä.,,5,7 ngÃ y trÆ°á»›c,2024-01-13
0***0,,5,5 ngÃ y trÆ°á»›c,2024-01-13
7***8,,5,1 ngÃ y trÆ°á»›c,2024-01-13
9***9,,5,3 ngÃ y trÆ°á»›c,2024-01-13
Nguyá»…n D.,,5,1 ngÃ y trÆ°á»›c,2024-01-13
H***.,,5,1 tuáº§n trÆ°á»›c,2024-01-13
H***.,,5,1 tuáº§n trÆ°á»›c,2024-01-13
9***3,,5,3 ngÃ y trÆ°á»›c,2024-01-13
Tiáº¿n D.,,5,1 tuáº§n trÆ°á»›c,2024-01-13
9***6,,5,1 tuáº§n trÆ°á»›c,2024-01-13
Hoai N.,,5,5 ngÃ y trÆ°á»›c,2024-01-13
Trung N.,,5,1 tuáº§n trÆ°á»›c,2024-01-13
Nguyá»…n M.,,5,1 ngÃ y trÆ°á»›c,2024-01-13
9***8,,5,1 tuáº§n trÆ°á»›c,2024-01-13
9***5,,5,1 tuáº§n trÆ°á»›c,2024-01-13
9***2,,5,5 ngÃ y trÆ°á»›c,2024-01-13
Äinh N.,,5,1 tuáº§n trÆ°á»›c,2024-01-13
9***2,,5,5 ngÃ y trÆ°á»›c,2024-01-13
T***.,,5,4 ngÃ y trÆ°á»›c,2024-01-13
T***.,,5,1 tuáº§n trÆ°á»›c,2024-01-13
HÆ°ng N.,,5,4 ngÃ y trÆ°á»›c,2024-01-13
Vinhthe,,5,7 ngÃ y trÆ°á»›c,2024-01-13
L***.,,5,7 ngÃ y trÆ°á»›c,2024-01-13
VÆ°Æ¡ng H.,,5,6 ngÃ y trÆ°á»›c,2024-01-13
VÆ°Æ¡ng H.,,5,6 ngÃ y trÆ°á»›c,2024-01-13
5***0,,5,1 tuáº§n trÆ°á»›c,2024-01-13
Äá»“ng T.,,5,7 ngÃ y trÆ°á»›c,2024-01-13
Nguyá»…n H.,,5,2 tuáº§n trÆ°á»›c,2024-01-13
Huyen T.,,5,3 tuáº§n trÆ°á»›c,2024-01-13
0***2,,5,3 tuáº§n trÆ°á»›c,2024-01-13
5***3,,5,3 tuáº§n trÆ°á»›c,2024-01-13
8***5,,5,3 tuáº§n trÆ°á»›c,2024-01-13
5***3,,5,3 tuáº§n trÆ°á»›c,2024-01-13
8***4,,5,3 tuáº§n trÆ°á»›c,2024-01-13
3***1,,5,3 tuáº§n trÆ°á»›c,2024-01-13
Nguyen T.,,5,3 tuáº§n trÆ°á»›c,2024-01-13
thu H.,,5,3 tuáº§n trÆ°á»›c,2024-01-13
VÅ© T.,,5,3 tuáº§n trÆ°á»›c,2024-01-13
nguyen T.,,5,3 tuáº§n trÆ°á»›c,2024-01-13
8***3,,5,5 ngÃ y trÆ°á»›c,2024-01-13
Nguyá»…n M.,,5,3 tuáº§n trÆ°á»›c,2024-01-13
Minh B.,,5,2 tuáº§n trÆ°á»›c,2024-01-13
0***3,,5,2 tuáº§n trÆ°á»›c,2024-01-13
Báº¡ch H.,,5,1 tuáº§n trÆ°á»›c,2024-01-13
9***3,,5,3 tuáº§n trÆ°á»›c,2024-01-13
Táº¡ D.,,5,4 tuáº§n trÆ°á»›c,2024-01-13
thang,,5,5 ngÃ y trÆ°á»›c,2024-01-13
9***1,,5,4 tuáº§n trÆ°á»›c,2024-01-13
Nguyá»…n T.,,5,4 tuáº§n trÆ°á»›c,2024-01-13
tráº§n T.,,5,4 tuáº§n trÆ°á»›c,2024-01-13
Trang N.,,5,4 tuáº§n trÆ°á»›c,2024-01-13
Quoc T.,,5,4 tuáº§n trÆ°á»›c,2024-01-13
Nguyen P.,,5,4 tuáº§n trÆ°á»›c,2024-01-13
An,,5,3 tuáº§n trÆ°á»›c,2024-01-13
8***5,,5,4 tuáº§n trÆ°á»›c,2024-01-13
BÃ¹i T.,,5,4 tuáº§n trÆ°á»›c,2024-01-13
Äinh H.,,5,1 ngÃ y trÆ°á»›c,2024-01-13
TÃ¬nh,,5,4 tuáº§n trÆ°á»›c,2024-01-13
0***2,,5,3 tuáº§n trÆ°á»›c,2024-01-13
Nguyen V.,,5,3 tuáº§n trÆ°á»›c,2024-01-13
9***9,,5,4 tuáº§n trÆ°á»›c,2024-01-13
Cuong N.,,5,4 tuáº§n trÆ°á»›c,2024-01-13
N***.,,5,3 tuáº§n trÆ°á»›c,2024-01-13
Nguyá»…n V.,,5,1 tuáº§n trÆ°á»›c,2024-01-13
Tuáº¥n H.,,5,4 tuáº§n trÆ°á»›c,2024-01-13
3***1,,5,4 tuáº§n trÆ°á»›c,2024-01-13
*******781,,5,4 tuáº§n trÆ°á»›c,2024-01-13
KiÃªn T.,,5,4 tuáº§n trÆ°á»›c,2024-01-13
huy C.,,5,3 tuáº§n trÆ°á»›c,2024-01-13
HÃ  M.,,5,4 tuáº§n trÆ°á»›c,2024-01-13
An,,5,3 tuáº§n trÆ°á»›c,2024-01-13
Nguyá»…n T.,,5,4 tuáº§n trÆ°á»›c,2024-01-13
0***9,,5,4 tuáº§n trÆ°á»›c,2024-01-13
KhÃ¡nh A.,,5,4 tuáº§n trÆ°á»›c,2024-01-13
Hai,,5,4 tuáº§n trÆ°á»›c,2024-01-13
Q***.,,5,4 tuáº§n trÆ°á»›c,2024-01-13
3***3,,5,3 tuáº§n trÆ°á»›c,2024-01-13
8***9,,5,3 tuáº§n trÆ°á»›c,2024-01-13
0***2,,5,3 tuáº§n trÆ°á»›c,2024-01-13
dam Q.,,5,3 tuáº§n trÆ°á»›c,2024-01-13
Pham T.,,5,3 tuáº§n trÆ°á»›c,2024-01-13
*******777,,5,4 tuáº§n trÆ°á»›c,2024-01-13
hoÃ ng T.,,5,4 tuáº§n trÆ°á»›c,2024-01-13
9***2,,5,1 tuáº§n trÆ°á»›c,2024-01-13
TrÃ  M.,,5,1 tuáº§n trÆ°á»›c,2024-01-13
N***.,,5,2 tuáº§n trÆ°á»›c,2024-01-13
Nguyá»…n V.,,5,4 tuáº§n trÆ°á»›c,2024-01-13
3***6,,5,4 tuáº§n trÆ°á»›c,2024-01-13
9***7,,5,4 tuáº§n trÆ°á»›c,2024-01-13
T***.,,5,3 tuáº§n trÆ°á»›c,2024-01-13
3***3,,5,2 tuáº§n trÆ°á»›c,2024-01-13
5***8,,5,3 tuáº§n trÆ°á»›c,2024-01-13
Duy N.,,5,2 tuáº§n trÆ°á»›c,2024-01-13
CÆ°Æ¡ng N.,,5,4 tuáº§n trÆ°á»›c,2024-01-13
0***4,,5,3 tuáº§n trÆ°á»›c,2024-01-13
LÃª T.,,5,4 tuáº§n trÆ°á»›c,2024-01-13
Äá»— V.,,5,4 tuáº§n trÆ°á»›c,2024-01-13
NhÆ¡n H.,,5,4 tuáº§n trÆ°á»›c,2024-01-13
Háº£i N.,,5,3 tuáº§n trÆ°á»›c,2024-01-13
Le M.,,5,4 tuáº§n trÆ°á»›c,2024-01-13
Pháº¡m T.,,5,4 tuáº§n trÆ°á»›c,2024-01-13
LÃª T.,,5,4 tuáº§n trÆ°á»›c,2024-01-13
thanh,,5,4 tuáº§n trÆ°á»›c,2024-01-13
Hieu N.,,5,2 tuáº§n trÆ°á»›c,2024-01-13
7***9,,5,4 tuáº§n trÆ°á»›c,2024-01-13
LÃª B.,,5,4 tuáº§n trÆ°á»›c,2024-01-13
9***7,,5,4 tuáº§n trÆ°á»›c,2024-01-13
TuÃ¢n L.,,5,3 tuáº§n trÆ°á»›c,2024-01-13
HoÃ ng N.,,5,2 tuáº§n trÆ°á»›c,2024-01-13
8***5,,5,4 tuáº§n trÆ°á»›c,2024-01-13
8***3,,5,1 tuáº§n trÆ°á»›c,2024-01-13
9***7,,5,1 tuáº§n trÆ°á»›c,2024-01-13
Ä‘***.,,5,4 tuáº§n trÆ°á»›c,2024-01-13
TÃ¹ng V.,,5,4 tuáº§n trÆ°á»›c,2024-01-13
*******698,,5,1 tuáº§n trÆ°á»›c,2024-01-13
8***5,,5,4 tuáº§n trÆ°á»›c,2024-01-13
Nguyen D.,,5,2 tuáº§n trÆ°á»›c,2024-01-13
3***9,,5,3 tuáº§n trÆ°á»›c,2024-01-13
DÅ©ng Ä.,,5,4 tuáº§n trÆ°á»›c,2024-01-13
dam Q.,,5,3 tuáº§n trÆ°á»›c,2024-01-13
8***1,,5,3 tuáº§n trÆ°á»›c,2024-01-13
Viá»‡t A.,,5,3 tuáº§n trÆ°á»›c,2024-01-13
LÃª T.,,5,4 tuáº§n trÆ°á»›c,2024-01-13
LÃªminhphat,,5,3 tuáº§n trÆ°á»›c,2024-01-13
Trai,,5,4 tuáº§n trÆ°á»›c,2024-01-13
Nguyá»…n H.,,5,3 tuáº§n trÆ°á»›c,2024-01-13
Mai T.,,5,4 tuáº§n trÆ°á»›c,2024-01-13
*******997,,5,4 tuáº§n trÆ°á»›c,2024-01-13
Báº£o T.,,5,4 tuáº§n trÆ°á»›c,2024-01-13
Báº£o N.,,5,4 tuáº§n trÆ°á»›c,2024-01-13
TÃ­n T.,,5,4 tuáº§n trÆ°á»›c,2024-01-13
Ngá»c N.,,5,3 tuáº§n trÆ°á»›c,2024-01-13
3***9,,5,3 tuáº§n trÆ°á»›c,2024-01-13
8***2,,5,4 tuáº§n trÆ°á»›c,2024-01-13
8***2,,5,4 tuáº§n trÆ°á»›c,2024-01-13
HoÃ ng P.,,5,4 tuáº§n trÆ°á»›c,2024-01-13
thanh V.,,5,5 ngÃ y trÆ°á»›c,2024-01-13
Dienthoaihoangvinh,,5,1 tuáº§n trÆ°á»›c,2024-01-13
LÃª B.,,5,4 tuáº§n trÆ°á»›c,2024-01-13
LÃª B.,,5,4 tuáº§n trÆ°á»›c,2024-01-13
Äoan,,5,2 tuáº§n trÆ°á»›c,2024-01-13
Tráº§n T.,,5,4 tuáº§n trÆ°á»›c,2024-01-13
Kiá»‡n L.,,5,3 tuáº§n trÆ°á»›c,2024-01-13
LÃª Ä.,,5,4 tuáº§n trÆ°á»›c,2024-01-13
Nguyen T.,,5,4 tuáº§n trÆ°á»›c,2024-01-13
Nguyá»…n D.,,5,1 ngÃ y trÆ°á»›c,2024-01-13
Tráº§n Ä.,,5,4 tuáº§n trÆ°á»›c,2024-01-13
H***.,,5,4 tuáº§n trÆ°á»›c,2024-01-13
Tráº§n V.,,5,2 tuáº§n trÆ°á»›c,2024-01-13
9***3,,5,4 tuáº§n trÆ°á»›c,2024-01-13
Pháº¡m T.,,5,4 tuáº§n trÆ°á»›c,2024-01-13
Tran T.,,5,4 tuáº§n trÆ°á»›c,2024-01-13
PhÃº Ä.,,5,3 tuáº§n trÆ°á»›c,2024-01-13
Thanh P.,,5,2 tuáº§n trÆ°á»›c,2024-01-13
TÃ¢n N.,,5,3 tuáº§n trÆ°á»›c,2024-01-13
Ngoc H.,,5,4 tuáº§n trÆ°á»›c,2024-01-13
NhÃ¢m,,5,1 tuáº§n trÆ°á»›c,2024-01-13
*******925,,5,4 tuáº§n trÆ°á»›c,2024-01-13
BÃ¹i G.,,5,4 tuáº§n trÆ°á»›c,2024-01-13
LÃ¢m B.,,5,3 tuáº§n trÆ°á»›c,2024-01-13
Nguyá»…n T.,,5,14 thg 12 2023,2024-01-13
La Ä.,,5,4 tuáº§n trÆ°á»›c,2024-01-13
La Ä.,,5,4 tuáº§n trÆ°á»›c,2024-01-13
VÅ© P.,,5,14 thg 12 2023,2024-01-13
Hung T.,,5,4 tuáº§n trÆ°á»›c,2024-01-13
Tran K.,,5,4 tuáº§n trÆ°á»›c,2024-01-13
0***3,,5,4 tuáº§n trÆ°á»›c,2024-01-13
Pháº¡m H.,,5,2 tuáº§n trÆ°á»›c,2024-01-13
Nguyá»…n T.,,5,4 tuáº§n trÆ°á»›c,2024-01-13
Vietanh304,,5,4 tuáº§n trÆ°á»›c,2024-01-13
Nguyá»…n T.,,5,3 tuáº§n trÆ°á»›c,2024-01-13
Nguyá»…n N.,,5,4 tuáº§n trÆ°á»›c,2024-01-13
7***8,,5,4 tuáº§n trÆ°á»›c,2024-01-13
Äáº¡t L.,,5,14 thg 12 2023,2024-01-13
Nguyen T.,,5,4 tuáº§n trÆ°á»›c,2024-01-13
9***4,,5,4 tuáº§n trÆ°á»›c,2024-01-13
Nam V.,,5,4 tuáº§n trÆ°á»›c,2024-01-13
Tam P.,,5,1 tuáº§n trÆ°á»›c,2024-01-13
NhÆ° N.,,5,2 tuáº§n trÆ°á»›c,2024-01-13
truong H.,,5,4 tuáº§n trÆ°á»›c,2024-01-13
7***8,,5,1 tuáº§n trÆ°á»›c,2024-01-13
3***5,,5,14 thg 12 2023,2024-01-13
truong,,5,4 tuáº§n trÆ°á»›c,2024-01-13
Cam B.,,5,4 tuáº§n trÆ°á»›c,2024-01-13
Duy,,5,4 tuáº§n trÆ°á»›c,2024-01-13
NHá»Š N.,,5,4 tuáº§n trÆ°á»›c,2024-01-13
*******111,,5,3 tuáº§n trÆ°á»›c,2024-01-13
Phan Q.,,5,2 tuáº§n trÆ°á»›c,2024-01-13
3***0,,5,4 tuáº§n trÆ°á»›c,2024-01-13
3***9,,5,3 tuáº§n trÆ°á»›c,2024-01-13
Äan D.,,5,3 tuáº§n trÆ°á»›c,2024-01-13
Pháº¡m H.,,5,14 thg 12 2023,2024-01-13
Tran Q.,,5,14 thg 12 2023,2024-01-13
*******658,,5,4 tuáº§n trÆ°á»›c,2024-01-13
9***0,,5,14 thg 12 2023,2024-01-13
DÆ°Æ¡ng N.,,5,3 tuáº§n trÆ°á»›c,2024-01-13
7***3,,5,4 tuáº§n trÆ°á»›c,2024-01-13
RiO S.,,5,4 tuáº§n trÆ°á»›c,2024-01-13
NgÃ¢n,,5,14 thg 12 2023,2024-01-13
9***8,,5,14 thg 12 2023,2024-01-13
Tráº§n T.,,5,14 thg 12 2023,2024-01-13
Lam N.,,5,14 thg 12 2023,2024-01-13
thamhoang,,5,1 tuáº§n trÆ°á»›c,2024-01-13
P***.,,5,4 tuáº§n trÆ°á»›c,2024-01-13
CÃ”NG T.,,5,4 tuáº§n trÆ°á»›c,2024-01-13
Nguyá»…n N.,,5,14 thg 12 2023,2024-01-13
LÃª T.,,5,4 tuáº§n trÆ°á»›c,2024-01-13
DÅ©ng T.,,5,14 thg 12 2023,2024-01-13
Nguyen N.,,5,14 thg 12 2023,2024-01-13
DÅ©ng T.,,5,14 thg 12 2023,2024-01-13
gia P.,,5,3 tuáº§n trÆ°á»›c,2024-01-13
Nguyá»…n T.,,5,13 thg 12 2023,2024-01-13
Thanh P.,,5,2 tuáº§n trÆ°á»›c,2024-01-13
Ngá»c N.,,5,4 tuáº§n trÆ°á»›c,2024-01-13
Van C.,,5,3 tuáº§n trÆ°á»›c,2024-01-13
Duy N.,,5,4 tuáº§n trÆ°á»›c,2024-01-13
Van C.,,5,3 tuáº§n trÆ°á»›c,2024-01-13
Tráº§n V.,,5,4 tuáº§n trÆ°á»›c,2024-01-13
Huá»³nh Q.,,5,3 tuáº§n trÆ°á»›c,2024-01-13
Tráº§n V.,,5,4 tuáº§n trÆ°á»›c,2024-01-13
Nguyá»…n T.,,5,13 thg 12 2023,2024-01-13
9***6,,5,1 tuáº§n trÆ°á»›c,2024-01-13
8***1,,5,3 tuáº§n trÆ°á»›c,2024-01-13
0***0,,5,2 tuáº§n trÆ°á»›c,2024-01-13
LuÃ¢n L.,,5,13 thg 12 2023,2024-01-13
9***0,,5,13 thg 12 2023,2024-01-13
Äáº·ng Ä.,,5,4 tuáº§n trÆ°á»›c,2024-01-13
8***3,,5,14 thg 12 2023,2024-01-13
Dinh T.,,5,3 tuáº§n trÆ°á»›c,2024-01-13
VÃ• T.,,5,4 tuáº§n trÆ°á»›c,2024-01-13
Chu N.,,5,4 tuáº§n trÆ°á»›c,2024-01-13
*******917,,5,14 thg 12 2023,2024-01-13
oh M.,,5,14 thg 12 2023,2024-01-13
Su S.,,5,4 ngÃ y trÆ°á»›c,2024-01-13
KhÃ¡nh H.,,5,2 tuáº§n trÆ°á»›c,2024-01-13
Trang L.,,5,14 thg 12 2023,2024-01-13
My A.,,5,13 thg 12 2023,2024-01-13
ngl Q.,,5,4 tuáº§n trÆ°á»›c,2024-01-13
0***6,,5,13 thg 12 2023,2024-01-13
Huá»³nh M.,,5,13 thg 12 2023,2024-01-13
Le N.,,5,4 tuáº§n trÆ°á»›c,2024-01-13
Äaminh D.,,5,4 tuáº§n trÆ°á»›c,2024-01-13
Vinhthe,,5,3 tuáº§n trÆ°á»›c,2024-01-13
Thanh H.,,5,3 tuáº§n trÆ°á»›c,2024-01-13
8***1,,5,13 thg 12 2023,2024-01-13
TÃ¢n N.,,5,3 tuáº§n trÆ°á»›c,2024-01-13
NHá»Š N.,,5,14 thg 12 2023,2024-01-13
dam Q.,,5,3 tuáº§n trÆ°á»›c,2024-01-13
Nguyá»…n T.,,5,3 tuáº§n trÆ°á»›c,2024-01-13
HoÃ ng H.,,5,13 thg 12 2023,2024-01-13
Nguyá»…n T.,,5,4 tuáº§n trÆ°á»›c,2024-01-13
Nguyá»…n D.,,5,4 tuáº§n trÆ°á»›c,2024-01-13
Nguyá»…n Ä.,,5,4 tuáº§n trÆ°á»›c,2024-01-13
Nguyá»…n T.,,5,14 thg 12 2023,2024-01-13
Nguyá»…n T.,,5,4 tuáº§n trÆ°á»›c,2024-01-13
Nguyá»…n P.,,5,13 thg 12 2023,2024-01-13
Linh L.,,5,4 tuáº§n trÆ°á»›c,2024-01-13
PhÃ¹ng T.,,5,4 tuáº§n trÆ°á»›c,2024-01-13
Thanh H.,,5,4 tuáº§n trÆ°á»›c,2024-01-13
Nguyá»…n T.,,5,4 tuáº§n trÆ°á»›c,2024-01-13
TÃ­n T.,,5,4 tuáº§n trÆ°á»›c,2024-01-13
Le T.,,5,13 thg 12 2023,2024-01-13
Ik K.,,5,4 tuáº§n trÆ°á»›c,2024-01-13
V***.,,5,13 thg 12 2023,2024-01-13
*******496,,5,3 tuáº§n trÆ°á»›c,2024-01-13
0***9,,5,4 tuáº§n trÆ°á»›c,2024-01-13
9***3,,5,4 tuáº§n trÆ°á»›c,2024-01-13
KhÃ¡nh T.,,5,4 tuáº§n trÆ°á»›c,2024-01-13
Trang P.,,5,13 thg 12 2023,2024-01-13
A***.,,5,3 tuáº§n trÆ°á»›c,2024-01-13
Tuyen V.,,5,4 tuáº§n trÆ°á»›c,2024-01-13
TrÃ­ N.,,5,14 thg 12 2023,2024-01-13
anhbui,,5,13 thg 12 2023,2024-01-13
*******926,,5,13 thg 12 2023,2024-01-13
Nguyá»…n M.,,5,4 tuáº§n trÆ°á»›c,2024-01-13
*******438,,5,3 tuáº§n trÆ°á»›c,2024-01-13
Long H.,,5,13 thg 12 2023,2024-01-13
*******438,,5,3 tuáº§n trÆ°á»›c,2024-01-13
XuÃ¢n T.,,5,4 tuáº§n trÆ°á»›c,2024-01-13
Tuáº¥n T.,,5,14 thg 12 2023,2024-01-13
9***8,,5,2 tuáº§n trÆ°á»›c,2024-01-13
3***8,,5,4 tuáº§n trÆ°á»›c,2024-01-13
8***5,,5,14 thg 12 2023,2024-01-13
cato C.,,5,4 tuáº§n trÆ°á»›c,2024-01-13
9***7,,5,13 thg 12 2023,2024-01-13
Nguyá»…n P.,,5,14 thg 12 2023,2024-01-13
HÃ  Ä.,,5,13 thg 12 2023,2024-01-13
Nguyá»…n N.,,5,3 tuáº§n trÆ°á»›c,2024-01-13
7***8,,5,13 thg 12 2023,2024-01-13
Nguyá»…n V.,,5,4 tuáº§n trÆ°á»›c,2024-01-13
Quoc T.,,5,13 thg 12 2023,2024-01-13
9***7,,5,13 thg 12 2023,2024-01-13
Äinh N.,,5,4 tuáº§n trÆ°á»›c,2024-01-13
7***8,,5,13 thg 12 2023,2024-01-13
Do M.,,5,13 thg 12 2023,2024-01-13
0***9,,5,13 thg 12 2023,2024-01-13
8***8,,5,13 thg 12 2023,2024-01-13
Nguyen P.,,5,13 thg 12 2023,2024-01-13
Hoang T.,,5,4 tuáº§n trÆ°á»›c,2024-01-13
Bin L.,,5,4 tuáº§n trÆ°á»›c,2024-01-13
Phu,,5,14 thg 12 2023,2024-01-13
Nguyen T.,,5,13 thg 12 2023,2024-01-13
Äinh H.,,5,4 tuáº§n trÆ°á»›c,2024-01-13
Thuá»³ L.,,5,13 thg 12 2023,2024-01-13
9***7,,5,4 tuáº§n trÆ°á»›c,2024-01-13
3***3,,5,14 thg 12 2023,2024-01-13
HoÃ ng B.,,5,14 thg 12 2023,2024-01-13
anh D.,,5,13 thg 12 2023,2024-01-13
Hai,,5,4 tuáº§n trÆ°á»›c,2024-01-13
8***1,,5,3 tuáº§n trÆ°á»›c,2024-01-13
7***0,,5,13 thg 12 2023,2024-01-13
8***3,,5,3 tuáº§n trÆ°á»›c,2024-01-13
tráº§n T.,,5,14 thg 12 2023,2024-01-13
Sieuphukiendienthoai,,5,2 tuáº§n trÆ°á»›c,2024-01-13
A***.,,5,13 thg 12 2023,2024-01-13
3***9,,5,13 thg 12 2023,2024-01-13
Viá»‡t N.,,5,4 tuáº§n trÆ°á»›c,2024-01-13
Nguyá»…n V.,,5,13 thg 12 2023,2024-01-13
VÃµ T.,,5,2 tuáº§n trÆ°á»›c,2024-01-13
8***2,,5,4 tuáº§n trÆ°á»›c,2024-01-13
0***3,,5,5 ngÃ y trÆ°á»›c,2024-01-13
8***3,,5,14 thg 12 2023,2024-01-13
Nguyen,,5,4 tuáº§n trÆ°á»›c,2024-01-13
Oai V.,,5,13 thg 12 2023,2024-01-13
Minh H.,,5,13 thg 12 2023,2024-01-13
Tuong N.,,5,13 thg 12 2023,2024-01-13
8***5,,5,13 thg 12 2023,2024-01-13
PhÃº Ä.,,5,3 tuáº§n trÆ°á»›c,2024-01-13
VÅ© Ä.,,5,13 thg 12 2023,2024-01-13
Thuy L.,,5,1 tuáº§n trÆ°á»›c,2024-01-13
H***n,,5,4 tuáº§n trÆ°á»›c,2024-01-13
0***2,,5,29 thg 11 2023,2024-01-13
****2,,5,21 thg 11 2023,2024-01-13
7***4,,5,11 thg 12 2023,2024-01-13
Hiáº¿u A.,,5,19 thg 11 2023,2024-01-13
0***1,,5,19 thg 11 2023,2024-01-13
Nguyá»…n B.,,5,20 thg 11 2023,2024-01-13
VÅ© H.,,5,13 thg 12 2023,2024-01-13
XuÃ¢n T.,,5,19 thg 11 2023,2024-01-13
Nguyá»…n M.,,5,19 thg 11 2023,2024-01-13
Quá»‘c T.,,5,19 thg 11 2023,2024-01-13
Lan Ä.,,5,18 thg 11 2023,2024-01-13
Hiáº¿u Ä.,,5,20 thg 11 2023,2024-01-13
Phong,,5,13 thg 12 2023,2024-01-13
Tien N.,,5,30 thg 11 2023,2024-01-13
T***h,,5,13 thg 12 2023,2024-01-13
Sa T.,,5,27 thg 11 2023,2024-01-13
5***3,,5,22 thg 11 2023,2024-01-13
Pháº¡m H.,,5,19 thg 11 2023,2024-01-13
9***7,,5,18 thg 11 2023,2024-01-13
Huynh V.,,5,19 thg 11 2023,2024-01-13
Phong,,5,17 thg 11 2023,2024-01-13
LÃª N.,,5,17 thg 11 2023,2024-01-13
nguyenhuyen,,5,4 tuáº§n trÆ°á»›c,2024-01-13
Minh B.,,5,18 thg 11 2023,2024-01-13
Tuan C.,,5,10 thg 12 2023,2024-01-13
Ho H.,,5,22 thg 11 2023,2024-01-13
LÃª N.,,5,19 thg 11 2023,2024-01-13
HÃ  Ä.,,5,01 thg 12 2023,2024-01-13
Äáº·ng T.,,5,18 thg 11 2023,2024-01-13
Linhne,,5,17 thg 11 2023,2024-01-13
oh M.,,5,19 thg 11 2023,2024-01-13
NÃ¨ M.,,5,18 thg 11 2023,2024-01-13
Nguyen P.,,5,18 thg 11 2023,2024-01-13
quoctrang,,5,24 thg 11 2023,2024-01-13
0***4,,5,4 tuáº§n trÆ°á»›c,2024-01-13
Tran T.,,5,17 thg 11 2023,2024-01-13
Nhat A.,,5,17 thg 11 2023,2024-01-13
*******075,,5,27 thg 11 2023,2024-01-13
Thien N.,,5,23 thg 11 2023,2024-01-13
3***3,,5,17 thg 11 2023,2024-01-13
*******003,,5,11 thg 12 2023,2024-01-13
Nguyá»…n D.,,5,18 thg 11 2023,2024-01-13
7***0,,5,17 thg 11 2023,2024-01-13
9***3,,5,23 thg 11 2023,2024-01-13
LÃª H.,,5,17 thg 11 2023,2024-01-13
Pháº¡m K.,,5,19 thg 11 2023,2024-01-13
Cáº©m T.,,5,20 thg 11 2023,2024-01-13
9***3,,5,24 thg 11 2023,2024-01-13
Pháº¥n N.,,5,17 thg 11 2023,2024-01-13
0***1,,5,21 thg 11 2023,2024-01-13
thanh,,5,21 thg 11 2023,2024-01-13
9***8,,5,19 thg 11 2023,2024-01-13
A***.,,5,12 thg 12 2023,2024-01-13
Thanh T.,,5,16 thg 11 2023,2024-01-13
NHá»Š N.,,5,18 thg 11 2023,2024-01-13
TÃº N.,,5,16 thg 11 2023,2024-01-13
*******917,,5,20 thg 11 2023,2024-01-13
LÃª T.,,5,12 thg 12 2023,2024-01-13
0***9,,5,17 thg 11 2023,2024-01-13
lÃª H.,,5,12 thg 12 2023,2024-01-13
Äinh N.,,5,22 thg 11 2023,2024-01-13
Báº£o T.,,5,16 thg 11 2023,2024-01-13
Nguyá»…n P.,,5,21 thg 11 2023,2024-01-13
Kim A.,,5,17 thg 11 2023,2024-01-13
Nguyá»…n M.,,5,21 thg 11 2023,2024-01-13
BÃ­ch P.,,5,16 thg 11 2023,2024-01-13
VÃµ L.,,5,26 thg 11 2023,2024-01-13
NgÃ¢n,,5,18 thg 11 2023,2024-01-13
LÃª B.,,5,17 thg 11 2023,2024-01-13
LÃª B.,,5,17 thg 11 2023,2024-01-13
Tráº§n T.,,5,16 thg 11 2023,2024-01-13
D***.,,5,16 thg 11 2023,2024-01-13
D***.,,5,16 thg 11 2023,2024-01-13
*******990,,5,16 thg 11 2023,2024-01-13
D***.,,5,16 thg 11 2023,2024-01-13
*******555,,5,16 thg 11 2023,2024-01-13
9***9,,5,19 thg 11 2023,2024-01-13
Duc T.,,5,16 thg 11 2023,2024-01-13
Duong T.,,5,22 thg 11 2023,2024-01-13
CÆ°á»ng H.,,5,16 thg 11 2023,2024-01-13
Nguyen T.,,5,19 thg 11 2023,2024-01-13
Vinhthe,,5,16 thg 11 2023,2024-01-13
Sieuphukiendienthoai,,5,22 thg 11 2023,2024-01-13
TÃ¢n N.,,5,17 thg 11 2023,2024-01-13
Láº I N.,,5,18 thg 11 2023,2024-01-13
Nguyá»…n K.,,5,17 thg 11 2023,2024-01-13
TÃ i Ä.,,5,16 thg 11 2023,2024-01-13
0***2,,5,16 thg 11 2023,2024-01-13
ÄÃ o M.,,5,16 thg 11 2023,2024-01-13
Dinh T.,,5,13 thg 12 2023,2024-01-13
Trang,,5,19 thg 11 2023,2024-01-13
Nguyá»…n Ä.,,5,21 thg 11 2023,2024-01-13
Pháº¡m T.,,5,15 thg 11 2023,2024-01-13
TÃ¢m N.,,5,15 thg 11 2023,2024-01-13
Nguyá»…n T.,,5,22 thg 11 2023,2024-01-13
Pháº¡m H.,,5,16 thg 11 2023,2024-01-13
Nguyá»…n T.,,5,16 thg 11 2023,2024-01-13
Daehee L.,,5,15 thg 11 2023,2024-01-13
*******926,,5,14 thg 12 2023,2024-01-13
Vo M.,,5,21 thg 11 2023,2024-01-13
Nguyá»…n V.,,5,16 thg 11 2023,2024-01-13
phoenixzhang91,,5,15 thg 11 2023,2024-01-13
Minh Q.,,5,15 thg 11 2023,2024-01-13
LÃª T.,,5,26 thg 11 2023,2024-01-13
LÃª T.,,5,26 thg 11 2023,2024-01-13
Nguyá»…n P.,,5,16 thg 11 2023,2024-01-13
Tuyá»n H.,,5,25 thg 11 2023,2024-01-13
Nghi V.,,5,16 thg 11 2023,2024-01-13
Sieuphukiendienthoai,,5,22 thg 11 2023,2024-01-13
Hiá»ƒn N.,,5,29 thg 11 2023,2024-01-13
Nguyá»…n N.,,5,29 thg 11 2023,2024-01-13
Nguyá»…n T.,,5,17 thg 11 2023,2024-01-13
LÃª N.,,5,18 thg 11 2023,2024-01-13
HÆ°ng B.,,5,18 thg 11 2023,2024-01-13
NgÃ´ T.,,5,15 thg 11 2023,2024-01-13
Loan T.,,5,16 thg 11 2023,2024-01-13
Hai T.,,5,23 thg 11 2023,2024-01-13
Báº£o Q.,,5,14 thg 11 2023,2024-01-13
Vo M.,,5,21 thg 11 2023,2024-01-13
Vo M.,,5,21 thg 11 2023,2024-01-13
Nguyen Q.,,5,16 thg 11 2023,2024-01-13
B***.,,5,26 thg 11 2023,2024-01-13
Ngoc T.,,5,15 thg 11 2023,2024-01-13
V***.,,5,15 thg 11 2023,2024-01-13
Ly T.,,5,17 thg 11 2023,2024-01-13
lucy B.,,5,18 thg 11 2023,2024-01-13
Dinh T.,,5,14 thg 11 2023,2024-01-13
DuyÃªn T.,,5,15 thg 11 2023,2024-01-13
Háº£i T.,,5,14 thg 11 2023,2024-01-13
Trá»‹nh V.,,5,15 thg 11 2023,2024-01-13
HÃ  M.,,5,15 thg 11 2023,2024-01-13
Báº£o T.,,5,14 thg 11 2023,2024-01-13
Tháº¯ng Ä.,,5,17 thg 11 2023,2024-01-13
TÃ²ng N.,,5,23 thg 11 2023,2024-01-13
Thanh T.,,5,16 thg 11 2023,2024-01-13
lÃª V.,,5,14 thg 11 2023,2024-01-13
Anh N.,,5,16 thg 11 2023,2024-01-13
*******111,,5,16 thg 11 2023,2024-01-13
*******111,,5,16 thg 11 2023,2024-01-13
TÆ°á»ng Ä.,,5,14 thg 11 2023,2024-01-13
anh D.,,5,15 thg 11 2023,2024-01-13
NHá»Š N.,,5,14 thg 11 2023,2024-01-13
TÃº V.,,5,14 thg 11 2023,2024-01-13
Nguyá»…n X.,,5,15 thg 11 2023,2024-01-13
Má»¹ N.,,5,14 thg 11 2023,2024-01-13
Äáº¡t,,5,14 thg 11 2023,2024-01-13
Duc T.,,5,14 thg 11 2023,2024-01-13
3***3,,5,14 thg 11 2023,2024-01-13
van,,5,27 thg 11 2023,2024-01-13
ÄÄƒng K.,,5,13 thg 11 2023,2024-01-13
Minh T.,,5,13 thg 11 2023,2024-01-13
TÃ¢n N.,,5,17 thg 11 2023,2024-01-13
TrÃ­ N.,,5,17 thg 11 2023,2024-01-13
HÆ°á»ng V.,,5,18 thg 11 2023,2024-01-13
ÄoÃ n T.,,5,13 thg 11 2023,2024-01-13
Äinh N.,,5,14 thg 11 2023,2024-01-13
9***8,,5,13 thg 11 2023,2024-01-13
*******958,,5,19 thg 11 2023,2024-01-13
Nguyá»…n P.,,5,13 thg 11 2023,2024-01-13
BÃ¹i H.,,5,25 thg 11 2023,2024-01-13
TrunG C.,,5,14 thg 11 2023,2024-01-13
0***6,,5,24 thg 11 2023,2024-01-13
KhÃ¡nh B.,,5,18 thg 11 2023,2024-01-13
HÆ°ng,,5,15 thg 11 2023,2024-01-13
Äáº·ng Ä.,,5,18 thg 11 2023,2024-01-13
LÃª T.,,5,13 thg 11 2023,2024-01-13
BÃ¬nh N.,,5,13 thg 11 2023,2024-01-13
9***9,,5,13 thg 11 2023,2024-01-13
9***9,,5,13 thg 11 2023,2024-01-13
*******658,,5,13 thg 11 2023,2024-01-13
8***2,,5,07 thg 12 2023,2024-01-13
M***.,,5,13 thg 12 2023,2024-01-13
Báº£o L.,,5,14 thg 11 2023,2024-01-13
LÃª V.,,5,25 thg 11 2023,2024-01-13
Trang N.,,5,13 thg 11 2023,2024-01-13
Ngá»c A.,,5,12 thg 12 2023,2024-01-13
9***5,,5,15 thg 11 2023,2024-01-13
*******222,,5,21 thg 11 2023,2024-01-13
thanh,,5,21 thg 11 2023,2024-01-13
N***2,"Giao hÃ ng cháº­m hÆ¡n dá»± kiáº¿n, nháº¯n tin há»i Apple Falship Store thÃ¬ nhÃ¢n viÃªn tráº£ lá»i â€œdo háº¿t hÃ ngâ€. CÃ²n láº¡i má»i thá»© Ä‘á»u ok. MÃ¡y chuáº©n VN/A, Ä‘Ã³ng gÃ³i ká»¹ cÃ ng, Ä‘áº§y Ä‘á»§ tem mÃ¡c. ",4,19 thg 11 2023,2024-01-13
T***.,"Giao hÃ ng hÆ¡i lÃ¢u chÃºt, há»i thÃ¬ ko tráº£ lá»i pháº£i sá»­ dá»¥ng Lazada Supportâ€¦nhÆ°ng cháº¥t lÆ°á»£ng tá»‘t. Mua dc giÃ¡ khuyáº¿n mÃ£i nÃªn cÅ©ng dc ",4,26 thg 11 2023,2024-01-13
3***0,nhÃ¢n viÃªn hÃ£m ship Ä‘áº¿n nhÃ  riÃªng mÃ  Ä‘Ã²i há»i nhiá»u ,4,13 thg 12 2023,2024-01-13
Táº¡o C.,"Sáº£n pháº©m cháº¥t lÆ°á»£ng, nhÆ°ng thá»i gian giao hÃ ng khÃ¡ lÃ¢u Ä‘áº·t hÆ¡n 5 ngÃ y ms nháº­n Ä‘Æ°á»£c sáº£n pháº©m
Cháº¥t lÆ°á»£ng camera áº¥n tÆ°á»£ng, Chip A17 máº¡nh máº½ cho viá»‡c Ä‘a nhiá»‡m mÆ°á»£t mÃ , MÃ u sáº¯c hiá»ƒn thá»‹ sá»‘ng Ä‘á»™ng, Thiáº¿t káº¿ sang trá»ng vÃ  hiá»‡n Ä‘áº¡i, 
 ",4,18 thg 11 2023,2024-01-13
*******238,,4,4 tuáº§n trÆ°á»›c,2024-01-13
9***3,,4,14 thg 12 2023,2024-01-13
3***4,,4,16 thg 11 2023,2024-01-13
h***.,,4,15 thg 11 2023,2024-01-13
PhÆ°Æ¡ng N.,Giao hÃ ng quÃ¡ lÃ¢u ráº¥t tháº¥t vá»ng.  ,3,15 thg 11 2023,2024-01-13
Nguyá»…n N.,"Náº¿u mua thÃ¬ má»i ngÆ°á»i Ä‘á»«ng nÃªn Ä‘áº·t hoáº£ tá»‘c, hoáº£ tá»‘c mÃ  3 ngÃ y má»›i nháº­n,  vÃ¬ thá»i gian giao hÃ ng hoáº£ tá»‘c báº±ng vá»›i thá»i gian giao bÃ¬nh thÆ°á»ng. KhÃ´ng hÃ i lÃ²ng vá»›i cÃ¡ch giao hÃ ng, ",3,18 thg 11 2023,2024-01-13
P***T,Sp chÃ­nh hÃ£ng nhÆ°ng giao cá»±c lÃ¢u (8ngÃ y cho ship ná»™i Ä‘á»‹a???) sp khÃ´ng Ä‘Æ°á»£c gá»­i kÃ¨m hÄ‘ báº£n cá»©ng sáº½ ráº¥t khÃ³ khÄƒn cho viá»‡c báº£o hÃ nh sau nÃ y ,3,19 thg 11 2023,2024-01-13
Tuáº¥n T.,"Cháº¥t liá»‡u: 
Ship quÃ¡ lÃ¢u. BÃ¡o nháº­n 29.9 mÃ  4/10 má»›i nháº­n Ä‘Æ°á»£c. HÆ¡i tháº¥t vá»ng ",3,06 thg 10 2023,2024-01-13
P***.,Gá»­i hÃ ng quÃ¡ cháº­m ,3,21 thg 11 2023,2024-01-13
N***.,"Shop giao hÃ ng quÃ¡ lÃ¢u, qÃ¡u háº¡n giao hÃ ng tiÃªu chuáº©n ",3,17 thg 11 2023,2024-01-13
*******998,,3,3 tuáº§n trÆ°á»›c,2024-01-13
Tráº§n T.,,3,14 thg 11 2023,2024-01-13
Long N.,"Cháº¥t liá»‡u: 
Giao hÃ ng quÃ¡ cháº­m. Trong nhá»¯ng ngÆ°á»i Ä‘áº§u Ä‘áº·t hÃ ng cÃ¹ng thá»i gian cÃ³ sá»›m. MÃ£i tá»‘i 8h má»›i Ä‘Æ°á»£c giao hÃ ng. QÃ¡ chÃ¡n ",2,01 thg 10 2023,2024-01-13
Meo M.,"Giao trá»…, phá»¥c vá»¥ kÃ©m  ",1,22 thg 10 2023,2024-01-13
Quang H.,Lazada gÃ³i hÃ ng cháº­m máº·c dÃ¹ mÃ¬nh chá»n giao hoáº£ tá»‘c. ngÆ°á»i Ä‘áº·t tiÃªu chuáº©n nháº­n trÆ°á»›c cÃ²n hoáº£ tá»‘c kÃªu lÃªn kÃªu xuá»‘ng má»›i giao ,1,4 tuáº§n trÆ°á»›c,2024-01-13
SÆ°Æ¡ng S.,"MÃ¬nh thá»©c sÄƒn sale 12.12 mua Ä‘c iphone 15 promax 256gb giÃ¡ 31tr. NhÆ°ng nháº­n hÃ ng bá»‹ xÆ°á»›t 1 chÃºt nÃªn mÃ¬nh ko vui, muá»‘n Ä‘Æ°á»£c hoÃ n háº£o táº¡i cÅ©ng máº¯c mÃ . BÃªn shop chá»‰ há»— trá»£ tráº£ hÃ ng hoÃ n tiá»n chá»© khÃ´ng Ä‘á»•i hÃ ng, nghÄ©a lÃ  mÃ¬nh sáº½ máº¥t luÃ´n voucher 3.5tr sÄƒn Ä‘c hÃ´m Ä‘Ã³. CÃ³ nháº¯n tin cho shop nhÆ°ng shop khÃ´ng há»— trá»£
 ",1,13 thg 12 2023,2024-01-13
3***4,Cháº¥t lÆ°á»£ng: Ä‘Æ°á»ng viá»n cÃ³ váº¿t tráº§y ,2,14 thg 12 2023,2024-01-13
Cam N.,"giao hÃ ng quÃ¡ cháº­m, nhÃ¢n viÃªn giao hÃ ng cÃ²n cho khÃ¡ch khÃ¡c khui nháº§m há»™p carton bÃªn ngoÃ i ",1,01 thg 10 2023,2024-01-13
Tran T.,"HÃ ng má»›i dÃ¹ng chÆ°a biáº¿t ntn,chuyá»ƒn hÃ ng nhanh.
HÃ ng nháº­n xong mÃ  mÃ£i khÃ´ng cÃ³ hoÃ¡ Ä‘Æ¡n.Gá»i vÃ  nháº¯n tin thÃ¬ cÅ©ng toÃ n xin lá»—i.KhÃ´ng biáº¿t cÃ³ váº¥n Ä‘á» thÃ¬ báº£o hÃ nh ra sao???.
QuÃ¡ tá»‡
Ã”ng nÃ o mua thÃ¬ há»i xem cÃ³ hoÃ¡ Ä‘Æ¡n khÃ´ng hÃ£y mua,nhá»¡ cÃ³ gÃ¬ thÃ¬ khÃ´ng biáº¿t ntn luÃ´n ",1,31 thg 10 2023,2024-01-13
l***.,"sáº£n pháº©m bÃ¡n Ä‘á»ƒ dá»± kiáº¿n giao hÃ ng ngÃ y ... , nhÆ°ng mua xong thanh toÃ¡n xong nháº£y thá»i gian dá»± kiáº¿n trá»… Ä‘i ráº¥t lÃ¢u, nÃ³i chuyá»‡n shop bÃ¡o khÃ´ng phÃ¹ há»£ thÃ¬ há»§y Ä‘i, nÃªn má»i ngÆ°á»i cÃ¢n nháº¥c khi mua Ä‘á»¡ phiá»n thÃªm bá»±c",1,10 thg 10 2023,2024-01-13
NHá»Š N.,Xá»­ lÃ½ Ä‘Æ¡n hÃ ng ráº¥t cháº­m. Ahamove giao hÃ ng ráº¥t tá»‡. ,1,03 thg 10 2023,2024-01-13
Nguyen D.,"Shop khinh khÃ¡ch hÃ ng hay sao nháº¯n há»i cháº£ bao giá» rep, nhÆ° kiá»ƒu bá»‘ mÃ y lÃªn hÃ ng lÃ  may máº¯n láº¯m rá»“i cÃ²n Ä‘Ã²i há»i pháº£i rep, lÃ m NBH á»§y quyá»n cá»§a Apple mÃ  khÃ¡ch mua iPhone 15 pro max 41 cá»§ cháº³ng báº±ng cÃ¡i Ä‘inh gÃ¬ nÃªn khÃ´ng care dá»‹ Ã¡.  ",1,05 thg 10 2023,2024-01-13
Nguyá»…n N.,"ThÃ¡i Ä‘á»™ phá»¥c vá»¥ cá»§a Lazada cá»±c kÃ¬ kÃ©m, tá»± Ä‘á»™ng gÃ¡n mÃ£ sá»‘ thuáº¿ vÃ o Ä‘Æ¡n hÃ ng mÃ  mÃ¬nh khÃ´ng há» mong muá»‘n. Khi mÃ¬nh yc há»— trá»£ thÃ¬ nvien tÆ° váº¥n nÃ³i cÃ³ thá»ƒ gá»¡ mst nhÆ°ng rá»“i láº¡i lÃ  chuá»—i cÃ¡c mail tráº£ lá»i vÃ²ng vo vÃ  khÃ´ng xá»­ lÃ½ Ä‘Æ°á»£c cho mÃ¬nh! Cá»±c ká»³ tháº¥t vá»ng vá» má»™t sÃ n thÆ°Æ¡ng máº¡i Ä‘iá»‡n tá»­ cÃ³ thÃ¢m niÃªn táº¡i Viá»‡t Nam!! ",1,3 ngÃ y trÆ°á»›c,2024-01-13
Thuá»³ D.,Äáº·t hÃ ng 12/12 vá»›i dá»‹ch vá»¥ váº­n chuyá»ƒn 24h nhÆ°ng Ä‘áº¿n 15/12 má»›i nháº­n Ä‘Æ°á»£c hÃ ng. Chat vá»›i lazada thÃ¬ nháº­n Ä‘Æ°á»£c cÃ¢u tráº£ lá»i cho tháº¥y sá»± cháº­m cháº¡p vÃ  vÃ´ trÃ¡ch nhiá»‡m trong quÃ¡ trÃ¬nh váº­n chuyá»ƒn. Äá»• thá»«a lÃ  chÃ­nh. Trong khi cÃ¡c sáº£n pháº©m khÃ¡c cÅ©ng Ä‘áº·t 12/12 mÃ  13/12 Ä‘Ã£ giao hÃ ng.  ,1,4 tuáº§n trÆ°á»›c,2024-01-13
Trang T.,dá»‹ch vá»¥ phÃ­a nhÃ  bÃ¡n hÃ ng ráº¥t khinh khÃ¡ch hÃ ng vÃ  kÃ©m cháº¥t lÆ°á»£ng ,1,22 thg 11 2023,2024-01-13
Anh H.,"Giao hÃ ng quÃ¡ cháº­m
5 ngÃ y má»›i giao cho bÃªn váº­n chuyá»ƒn máº·c dÃ¹ chá»n hoáº£ tá»‘c ",1,19 thg 11 2023,2024-01-13
Tráº§n M.,,1,4 tuáº§n trÆ°á»›c,2024-01-13
Duy,,1,18 thg 11 2023,2024-01-13
VÅ© D.,,1,01 thg 10 2023,2024-01-13
Meo M.,"Giao trá»…, phá»¥c vá»¥ kÃ©m  ",1,22 thg 10 2023,2024-01-13
Quang H.,Lazada gÃ³i hÃ ng cháº­m máº·c dÃ¹ mÃ¬nh chá»n giao hoáº£ tá»‘c. ngÆ°á»i Ä‘áº·t tiÃªu chuáº©n nháº­n trÆ°á»›c cÃ²n hoáº£ tá»‘c kÃªu lÃªn kÃªu xuá»‘ng má»›i giao ,1,4 tuáº§n trÆ°á»›c,2024-01-13
SÆ°Æ¡ng S.,"MÃ¬nh thá»©c sÄƒn sale 12.12 mua Ä‘c iphone 15 promax 256gb giÃ¡ 31tr. NhÆ°ng nháº­n hÃ ng bá»‹ xÆ°á»›t 1 chÃºt nÃªn mÃ¬nh ko vui, muá»‘n Ä‘Æ°á»£c hoÃ n háº£o táº¡i cÅ©ng máº¯c mÃ . BÃªn shop chá»‰ há»— trá»£ tráº£ hÃ ng hoÃ n tiá»n chá»© khÃ´ng Ä‘á»•i hÃ ng, nghÄ©a lÃ  mÃ¬nh sáº½ máº¥t luÃ´n voucher 3.5tr sÄƒn Ä‘c hÃ´m Ä‘Ã³. CÃ³ nháº¯n tin cho shop nhÆ°ng shop khÃ´ng há»— trá»£
 ",1,13 thg 12 2023,2024-01-13
Cam N.,"giao hÃ ng quÃ¡ cháº­m, nhÃ¢n viÃªn giao hÃ ng cÃ²n cho khÃ¡ch khÃ¡c khui nháº§m há»™p carton bÃªn ngoÃ i ",1,01 thg 10 2023,2024-01-13
Tran T.,"HÃ ng má»›i dÃ¹ng chÆ°a biáº¿t ntn,chuyá»ƒn hÃ ng nhanh.
HÃ ng nháº­n xong mÃ  mÃ£i khÃ´ng cÃ³ hoÃ¡ Ä‘Æ¡n.Gá»i vÃ  nháº¯n tin thÃ¬ cÅ©ng toÃ n xin lá»—i.KhÃ´ng biáº¿t cÃ³ váº¥n Ä‘á» thÃ¬ báº£o hÃ nh ra sao???.
QuÃ¡ tá»‡
Ã”ng nÃ o mua thÃ¬ há»i xem cÃ³ hoÃ¡ Ä‘Æ¡n khÃ´ng hÃ£y mua,nhá»¡ cÃ³ gÃ¬ thÃ¬ khÃ´ng biáº¿t ntn luÃ´n ",1,31 thg 10 2023,2024-01-13
l***.,"sáº£n pháº©m bÃ¡n Ä‘á»ƒ dá»± kiáº¿n giao hÃ ng ngÃ y ... , nhÆ°ng mua xong thanh toÃ¡n xong nháº£y thá»i gian dá»± kiáº¿n trá»… Ä‘i ráº¥t lÃ¢u, nÃ³i chuyá»‡n shop bÃ¡o khÃ´ng phÃ¹ há»£ thÃ¬ há»§y Ä‘i, nÃªn má»i ngÆ°á»i cÃ¢n nháº¥c khi mua Ä‘á»¡ phiá»n thÃªm bá»±c",1,10 thg 10 2023,2024-01-13
NHá»Š N.,Xá»­ lÃ½ Ä‘Æ¡n hÃ ng ráº¥t cháº­m. Ahamove giao hÃ ng ráº¥t tá»‡. ,1,03 thg 10 2023,2024-01-13
Nguyen D.,"Shop khinh khÃ¡ch hÃ ng hay sao nháº¯n há»i cháº£ bao giá» rep, nhÆ° kiá»ƒu bá»‘ mÃ y lÃªn hÃ ng lÃ  may máº¯n láº¯m rá»“i cÃ²n Ä‘Ã²i há»i pháº£i rep, lÃ m NBH á»§y quyá»n cá»§a Apple mÃ  khÃ¡ch mua iPhone 15 pro max 41 cá»§ cháº³ng báº±ng cÃ¡i Ä‘inh gÃ¬ nÃªn khÃ´ng care dá»‹ Ã¡.  ",1,05 thg 10 2023,2024-01-13
Nguyá»…n N.,"ThÃ¡i Ä‘á»™ phá»¥c vá»¥ cá»§a Lazada cá»±c kÃ¬ kÃ©m, tá»± Ä‘á»™ng gÃ¡n mÃ£ sá»‘ thuáº¿ vÃ o Ä‘Æ¡n hÃ ng mÃ  mÃ¬nh khÃ´ng há» mong muá»‘n. Khi mÃ¬nh yc há»— trá»£ thÃ¬ nvien tÆ° váº¥n nÃ³i cÃ³ thá»ƒ gá»¡ mst nhÆ°ng rá»“i láº¡i lÃ  chuá»—i cÃ¡c mail tráº£ lá»i vÃ²ng vo vÃ  khÃ´ng xá»­ lÃ½ Ä‘Æ°á»£c cho mÃ¬nh! Cá»±c ká»³ tháº¥t vá»ng vá» má»™t sÃ n thÆ°Æ¡ng máº¡i Ä‘iá»‡n tá»­ cÃ³ thÃ¢m niÃªn táº¡i Viá»‡t Nam!! ",1,3 ngÃ y trÆ°á»›c,2024-01-13
Thuá»³ D.,Äáº·t hÃ ng 12/12 vá»›i dá»‹ch vá»¥ váº­n chuyá»ƒn 24h nhÆ°ng Ä‘áº¿n 15/12 má»›i nháº­n Ä‘Æ°á»£c hÃ ng. Chat vá»›i lazada thÃ¬ nháº­n Ä‘Æ°á»£c cÃ¢u tráº£ lá»i cho tháº¥y sá»± cháº­m cháº¡p vÃ  vÃ´ trÃ¡ch nhiá»‡m trong quÃ¡ trÃ¬nh váº­n chuyá»ƒn. Äá»• thá»«a lÃ  chÃ­nh. Trong khi cÃ¡c sáº£n pháº©m khÃ¡c cÅ©ng Ä‘áº·t 12/12 mÃ  13/12 Ä‘Ã£ giao hÃ ng.  ,1,4 tuáº§n trÆ°á»›c,2024-01-13
Trang T.,dá»‹ch vá»¥ phÃ­a nhÃ  bÃ¡n hÃ ng ráº¥t khinh khÃ¡ch hÃ ng vÃ  kÃ©m cháº¥t lÆ°á»£ng ,1,22 thg 11 2023,2024-01-13
Anh H.,"Giao hÃ ng quÃ¡ cháº­m
5 ngÃ y má»›i giao cho bÃªn váº­n chuyá»ƒn máº·c dÃ¹ chá»n hoáº£ tá»‘c ",1,19 thg 11 2023,2024-01-13
Tráº§n M.,,1,4 tuáº§n trÆ°á»›c,2024-01-13
Duy,,1,18 thg 11 2023,2024-01-13
VÅ© D.,,1,01 thg 10 2023,2024-01-13
