,title,link_product
0,Apple iPhone 15 Pro Max 256GB Chính hãng (VN/A),https://www.lazada.vn/products/apple-iphone-15-pro-max-256gb-chinh-hang-vna-i2416996609.html
1,iPhone 15 Plus - Hàng Chính Hãng VN/A,https://www.lazada.vn/products/iphone-15-plus-hang-chinh-hang-vna-i2417254495.html
2,iPhone 14 Plus - Hàng Chính Hãng VN/A,https://www.lazada.vn/products/iphone-14-plus-hang-chinh-hang-vna-i2017749016.html
3,iPhone 15 Pro - Hàng Chính Hãng VN/A,https://www.lazada.vn/products/iphone-15-pro-hang-chinh-hang-vna-i2417249565.html
4,iPhone 15 - Hàng Chính Hãng VN/A,https://www.lazada.vn/products/iphone-15-hang-chinh-hang-vna-i2417259469.html
5,Apple iPhone 15 Pro 1TB Chính hãng VN/A [Viettel Store],https://www.lazada.vn/products/apple-iphone-15-pro-1tb-chinh-hang-vna-viettel-store-i2416583278.html
6,iPhone 13 - Hàng Chính Hãng VN/A,https://www.lazada.vn/products/iphone-13-hang-chinh-hang-vna-i1525577176.html
7,Apple iPhone 15 Pro 256GB Chính hãng (VN/A),https://www.lazada.vn/products/apple-iphone-15-pro-256gb-chinh-hang-vna-i2417082334.html
8,iPhone 14 - Hàng Chính Hãng VN/A,https://www.lazada.vn/products/iphone-14-hang-chinh-hang-vna-i2018265056.html
9,iPhone 11 - Hàng Chính Hãng VN/A,https://www.lazada.vn/products/iphone-11-hang-chinh-hang-vna-i900924449.html
10,Apple iPhone 13 128GB Chính Hãng (VN/A),https://www.lazada.vn/products/apple-iphone-13-128gb-chinh-hang-vna-i1848816542.html
11,Apple iPhone 15 Pro 128GB Chính hãng VN/A [Viettel Store],https://www.lazada.vn/products/apple-iphone-15-pro-128gb-chinh-hang-vna-viettel-store-i2416602219.html
12,Apple iPhone 15 Pro Max 256GB Chính hãng VN/A [Viettel Store],https://www.lazada.vn/products/apple-iphone-15-pro-max-256gb-chinh-hang-vna-viettel-store-i2416609251.html
13,Apple iPhone 15 256GB Chính hãng VN/A [Viettel Store],https://www.lazada.vn/products/apple-iphone-15-256gb-chinh-hang-vna-viettel-store-i2416456721.html
14,Apple iPhone 15 Pro Max 256GB,https://www.lazada.vn/products/apple-iphone-15-pro-max-256gb-i2418296292.html
15,Apple iPhone 15 Pro 128GB,https://www.lazada.vn/products/apple-iphone-15-pro-128gb-i2418355024.html
16,Điện thoại Apple iPhone 13 128GB,https://www.lazada.vn/products/dien-thoai-apple-iphone-13-128gb-i1522260402.html
17,Apple iPhone 11 128GB Chính Hãng (VN/A),https://www.lazada.vn/products/apple-iphone-11-128gb-chinh-hang-vna-i2042892481.html
18,Apple iPhone 15 Plus 128GB Chính hãng (VN/A),https://www.lazada.vn/products/apple-iphone-15-plus-128gb-chinh-hang-vna-i2417162029.html
19,Apple iPhone 15 Plus 128GB Chính hãng VN/A [Viettel Store],https://www.lazada.vn/products/apple-iphone-15-plus-128gb-chinh-hang-vna-viettel-store-i2416386842.html
20,iPhone 12 - Hàng Chính Hãng VN/A,https://www.lazada.vn/products/iphone-12-hang-chinh-hang-vna-i911354757.html
21,Apple iPhone 15 Pro Max 1TB Chính hãng VN/A [Viettel Store],https://www.lazada.vn/products/apple-iphone-15-pro-max-1tb-chinh-hang-vna-viettel-store-i2416617227.html
22,Apple iPhone 15 Pro 512GB Chính hãng VN/A [Viettel Store],https://www.lazada.vn/products/apple-iphone-15-pro-512gb-chinh-hang-vna-viettel-store-i2416463776.html
23,Apple iPhone 15 128GB Chính hãng VN/A [Viettel Store],https://www.lazada.vn/products/apple-iphone-15-128gb-chinh-hang-vna-viettel-store-i2416589184.html
24,Apple iPhone 15 Pro 256GB Chính hãng VN/A [Viettel Store],https://www.lazada.vn/products/apple-iphone-15-pro-256gb-chinh-hang-vna-viettel-store-i2416608229.html
25,Apple iPhone 15 Plus 128GB,https://www.lazada.vn/products/apple-iphone-15-plus-128gb-i2418353002.html
26,Apple iPhone 15 Pro 128GB Chính hãng (VN/A),https://www.lazada.vn/products/apple-iphone-15-pro-128gb-chinh-hang-vna-i2416951787.html
27,Apple iPhone 15 128GB Chính hãng (VN/A),https://www.lazada.vn/products/apple-iphone-15-128gb-chinh-hang-vna-i2417026282.html
28,[Trả góp 0%] Điện thoại Apple iPhone 11 Chính hãng VN/A [Viettel Store],https://www.lazada.vn/products/tra-gop-0-dien-thoai-apple-iphone-11-chinh-hang-vna-viettel-store-i1453408210.html
29,Apple iPhone 15 256GB Chính hãng (VN/A),https://www.lazada.vn/products/apple-iphone-15-256gb-chinh-hang-vna-i2417113226.html
30,Điện thoại Apple iPhone 11 64GB,https://www.lazada.vn/products/dien-thoai-apple-iphone-11-64gb-i688176675.html
31,Apple iPhone 15 128GB,https://www.lazada.vn/products/apple-iphone-15-128gb-i2418227476.html
32,Apple iPhone 15 Pro Max 512GB Chính hãng (VN/A),https://www.lazada.vn/products/apple-iphone-15-pro-max-512gb-chinh-hang-vna-i2416951834.html
33,Apple iPhone 14,https://www.lazada.vn/products/apple-iphone-14-i2065097242.html
34,Apple iPhone 14 128GB Chính hãng (VN/A),https://www.lazada.vn/products/apple-iphone-14-128gb-chinh-hang-vna-i2119763632.html
35,Apple iPhone 15 512GB Chính hãng VN/A [Viettel Store],https://www.lazada.vn/products/apple-iphone-15-512gb-chinh-hang-vna-viettel-store-i2416619152.html
36,[Trả góp 0%] Apple iPhone 14 Pro Chính hãng VN/A [Viettel Store],https://www.lazada.vn/products/tra-gop-0-apple-iphone-14-pro-chinh-hang-vna-viettel-store-i2033995808.html
37,Apple iPhone 11 128GB,https://www.lazada.vn/products/apple-iphone-11-128gb-i688186104.html
38,iPhone 15 Pro Max 256GB/512GB/1T [Futureworld- AAR],https://www.lazada.vn/products/iphone-15-pro-max-256gb512gb1t-futureworld-aar-i2417198546.html
39,Apple iPhone 15 Pro 256GB,https://www.lazada.vn/products/apple-iphone-15-pro-256gb-i2418328127.html
