orderid,itemid,cmtid,ctime,rating,userid,shopid,comment,rating_star,skin_suitability,absorption,model_name
151765465303525,23354704062,12990130206,1698229652,1,983605779,308461157,"#NGOCNAM mua Ä‘iá»‡n thoáº¡i trÃªn shopee mÃ  á»Ÿ shop viettel thÃ¬ uy tÃ­n vÃ  cháº¥t lÆ°á»£ng rá»“i. Báº£o hÃ nh vÃ  Ä‘Ã³ng hÃ ng ráº¥t cáº©n tháº­n luÃ´n ğŸ¥°ğŸ¥°ğŸ¥°
Ae cá»© mua vÃ´ tÆ° nhÃ©",5,,,White Titanium
151765451286530,23354704062,12990114433,1698229574,1,983605779,308461157,#NGOCNAM mua Ä‘iá»‡n thoáº¡i trÃªn shopee mÃ  á»Ÿ shop viettel thÃ¬ uy tÃ­n vÃ  cháº¥t lÆ°á»£ng rá»“i. Báº£o hÃ nh vÃ  Ä‘Ã³ng hÃ ng ráº¥t cáº©n tháº­n luÃ´n ğŸ¥°ğŸ¥°ğŸ¥°,5,,,Natural Titanium
153344379276192,23354704062,13356007615,1701126875,1,674577297,308461157,"Cháº¥t lÆ°á»£ng sáº£n pháº©m:Tá»‘t
ÄÃºng vá»›i mÃ´ táº£:ÄÃºng

Sáº£n pháº©m chÃ­nh hÃ£ng , láº§n Ä‘áº§u tiÃªn mÃ¬nh mua cá»§a cá»­a hÃ ng viettel store , mÃ  mua online viettel store váº«n cÃ³ giáº¥y báº£o hÃ nh Ä‘áº§y Ä‘á»§ , Ä‘Ã³ng gÃ³i cáº©n tháº­n",5,,,Natural Titanium
152471000252880,23354704062,13081924214,1698998538,1,1091901459,308461157,"ÄÃºng vá»›i mÃ´ táº£:chuáº©n
TÃ­nh nÄƒng ná»•i báº­t:ok
Cháº¥t lÆ°á»£ng sáº£n pháº©m:tá»‘t

HÃ ng nháº­n Ä‘áº¹p Ä‘Ãºng nhÆ° mÃ´ táº£, Ä‘Ã³ng gÃ³i cáº©n tháº­n. Giao hÃ ng nhanh",5,,,Natural Titanium
152471017285955,23354704062,13081904362,1698998425,1,1091902793,308461157,"ÄÃºng vá»›i mÃ´ táº£:chuáº©n
TÃ­nh nÄƒng ná»•i báº­t:ok
Cháº¥t lÆ°á»£ng sáº£n pháº©m:tá»‘t

HÃ ng nháº­n Ä‘áº¹p Ä‘Ãºng nhÆ° mÃ´ táº£, Ä‘Ã³ng gÃ³i cáº©n tháº­n. Giao hÃ ng nhanh",5,,,Natural Titanium
153370761292503,23354704062,13220983123,1700057166,1,111175580,308461157,"ÄÃºng vá»›i mÃ´ táº£:Ä‘Ãºng
Cháº¥t lÆ°á»£ng sáº£n pháº©m:tá»‘t
TÃ­nh nÄƒng ná»•i báº­t:Ä‘áº¹p

Sáº£n pháº©m Ä‘Ãºng nhÆ° mÃ´ táº£ cháº¥t lÆ°á»£ng tá»‘t, sÄƒn sale nÃªn Ä‘Æ°á»£c giÃ¡ tá»‘t giao hÃ ng nhanh chÃ³ng, sáº½ á»§ng há»™ shop thÃªm",5,,,White Titanium
150571795280452,23354704062,12856707953,1697180528,1,1040197630,308461157,"Cháº¥t lÆ°á»£ng sáº£n pháº©m:tá»‘t
TÃ­nh nÄƒng ná»•i báº­t:ok
ÄÃºng vá»›i mÃ´ táº£:chuáº©n

HÃ ng nháº­n Ä‘áº¹p Ä‘Ãºng nhÆ° mÃ´ táº£, Ä‘Ã³ng gÃ³i cáº©n tháº­n. Giao hÃ ng nhanh",5,,,Blue Titanium
153681510215876,23354704062,13257166605,1700307736,1,76585831,308461157,"Cháº¥t lÆ°á»£ng sáº£n pháº©m:ok
ÄÃºng vá»›i mÃ´ táº£:ok
TÃ­nh nÄƒng ná»•i báº­t:ok

HÃ ng hoÃ¡ ok ko cÃ³ Ä‘iá»ƒm chÃª sÄƒn dc giÃ¡ ráº» ná»¯a quÃ¡ ok ui . Hy vá»ng chÃ­nh sÃ¡ch háº­u mÃ£i tá»‘t .",5,,,Natural Titanium
156013205233570,23354704062,13547024579,1702567167,1,272644748,308461157,"Cháº¥t lÆ°á»£ng sáº£n pháº©m:tuyeetj vowif
ÄÃºng vá»›i mÃ´ táº£:Ä‘Ãºng mÃ u

Sáº£n pháº©m ok. Mua trÃªn nÃ y Ä‘c mÃ£ voucher ráº¥t tá»‘t . HÃ ng Ä‘áº¹p . Sau nÃ y sáº½ mua tiáº¿p cho gia Ä‘Ã¬nh vÃ  báº¡n bÃ¨ dÃ¹ng",5,,,Natural Titanium
152470978313621,23354704062,13081856331,1698998147,1,1042074416,308461157,"TÃ­nh nÄƒng ná»•i báº­t:ok
ÄÃºng vá»›i mÃ´ táº£:chuáº©n
Cháº¥t lÆ°á»£ng sáº£n pháº©m:tá»‘t

HÃ ng nháº­n Ä‘áº¹p Ä‘Ãºng nhÆ° mÃ´ táº£, Ä‘Ã³ng gÃ³i cáº©n tháº­n. Giao hÃ ng nhanh",5,,,Natural Titanium
151002122227103,23354704062,12916827630,1697616735,1,1040196827,308461157,"ÄÃºng vá»›i mÃ´ táº£:chuáº©n
TÃ­nh nÄƒng ná»•i báº­t:ok
Cháº¥t lÆ°á»£ng sáº£n pháº©m:tá»‘t

HÃ ng nháº­n Ä‘áº¹p Ä‘Ãºng nhÆ° mÃ´ táº£, Ä‘Ã³ng gÃ³i cáº©n tháº­n. Giao hÃ ng nhanh",5,,,Blue Titanium
151002067246307,23354704062,12937045656,1697775099,1,1042095193,308461157,"ÄÃºng vá»›i mÃ´ táº£:chuáº©n
TÃ­nh nÄƒng ná»•i báº­t:ok
Cháº¥t lÆ°á»£ng sáº£n pháº©m:tá»‘t

HÃ ng nháº­n Ä‘áº¹p Ä‘Ãºng nhÆ° mÃ´ táº£, Ä‘Ã³ng gÃ³i cáº©n tháº­n. Giao hÃ ng nhanh",5,,,White Titanium
153366200213887,23354704062,13185738795,1699851498,1,106509859,308461157,"Cháº¥t lÆ°á»£ng sáº£n pháº©m:Tuyet voi
ÄÃºng vá»›i mÃ´ táº£:Chuáº©n

Láº§n Ä‘áº§u mua giÃ¡ trá»‹ cao trÃªn shopee cÅ©ng hÆ¡i sá»£ nhÆ°ng nháº­n mÃ¡y quÃ¡ nhanh luÃ´n 11 Ä‘áº·t 13 Ä‘Ã£ nháº­n dc rá»“i",5,,,Natural Titanium
151002102262568,23354704062,12916787610,1697616537,1,1040197630,308461157,"TÃ­nh nÄƒng ná»•i báº­t:ok
ÄÃºng vá»›i mÃ´ táº£:chuáº©n
Cháº¥t lÆ°á»£ng sáº£n pháº©m:tá»‘t

HÃ ng nháº­n Ä‘áº¹p Ä‘á»©ng nhÆ° mÃ´ táº£, Ä‘Ã³ng gÃ³i cáº©n cáº©n tháº­n. Giao hÃ ng nhanh",5,,,Blue Titanium
151002025288340,23354704062,12916810585,1697616651,1,1042074416,308461157,"ÄÃºng vá»›i mÃ´ táº£:chuáº©n
TÃ­nh nÄƒng ná»•i báº­t:ok
Cháº¥t lÆ°á»£ng sáº£n pháº©m:tá»‘t

HÃ ng nháº­n Ä‘áº¹p Ä‘Ãºng nhÆ° mÃ´ táº£, Ä‘Ã³ng gÃ³i cáº©n tháº­n giao hÃ ng nhanh",5,,,White Titanium
150571736219274,23354704062,12856614667,1697180082,1,1042095193,308461157,"TÃ­nh nÄƒng ná»•i báº­t:ok
Cháº¥t lÆ°á»£ng sáº£n pháº©m:tá»‘t
ÄÃºng vá»›i mÃ´ táº£:chuáº©n

HÃ ng nháº­n Ä‘áº¹p Ä‘Ãºng nhÆ° mÃ´ táº£, Ä‘Ã³ng gÃ³i cáº©n tháº­n. Giao hÃ ng nhanh",5,,,Blue Titanium
157213502206464,23354704062,13709561827,1703832859,1,1095951868,308461157,"Cháº¥t lÆ°á»£ng sáº£n pháº©m:MÃ¡y má»›i nguyÃªn seal shop.chat thÃ¢n thiá»‡n há»— trÆ¡ nhanh chÃ³ng
TÃ­nh nÄƒng ná»•i báº­t:MÃ¡y má»›i nguyÃªn seal shop.chat thÃ¢n thiá»‡n há»— trÆ¡ nhanh chÃ³ng

MÃ¡y má»›i nguyÃªn seal shop.chat thÃ¢n thiá»‡n há»— trÆ¡ nhanh chÃ³ng",5,,,White Titanium
153335169286420,23354704062,13221228341,1700058246,1,5606253,308461157,"Giao hÃ ng máº¥t 3 ngÃ y, shop bá»c chá»‘ng sá»‘c cáº©n tháº­n, may lÃ  mÃ¡y ko bá»‹ lá»—i hÃ¬nh thá»©c. SÄƒn sale nÃªn giÃ¡ cÅ©ng oke",5,,,White Titanium
157198034242027,23354704062,13704182821,1703775331,1,1091922533,308461157,"Cháº¥t lÆ°á»£ng sáº£n pháº©m:tá»‘t
ÄÃºng vá»›i mÃ´ táº£:Chuáº©n
TÃ­nh nÄƒng ná»•i báº­t:ok

HÃ nh nháº­n Ä‘áº¹p Ä‘Ãºng nhÆ° mÃ´ táº£, Ä‘Ã³ng gÃ³i cáº©n tháº­n. Giao hÃ ng nhanh",5,,,White Titanium
156068455253262,23354704062,13601122214,1702925667,1,45690788,308461157,"ÄÃºng vá»›i mÃ´ táº£:ok
Cháº¥t lÆ°á»£ng sáº£n pháº©m:ok
TÃ­nh nÄƒng ná»•i báº­t:ok

SÄƒn sale Ä‘c 31 triá»‡u thá»i Ä‘iá»ƒm 12/12 cháº¯c cÅ©ng ráº» hÆ¡n cÃ¡c shop bÃ¡n 1-2tr. NÃ³i chung á»•n Ã¡p hÃ¬nh thá»©c ok.",5,,,Blue Titanium
152507327281083,23354704062,13081686867,1698997180,1,1021006619,308461157,"ÄÃºng vá»›i mÃ´ táº£:Chuáº©n
TÃ­nh nÄƒng ná»•i báº­t:tá»‘t
Cháº¥t lÆ°á»£ng sáº£n pháº©m:tá»‘t

HÃ ng nháº­n Ä‘áº¹p Ä‘Ãºng nhÆ° mÃ´ táº£, Ä‘Ã³ng gÃ³i cáº©n tháº­n. Giao hÃ ng nhanh",5,,,White Titanium
154502825241183,23354704062,13337221757,1700969447,1,111164184,308461157,"TÃ­nh nÄƒng ná»•i báº­t:dynamic Ã­land
ÄÃºng vá»›i mÃ´ táº£:chuáº©n chÃ­nh hÃ£ng

GiÃ¡ tá»‘t chÃ­nh hÃ£ng giao nhanh, sÄƒn sale giÃ¡ giáº£m sÃ¢u Ä‘Ã¡ng mua sáº½ á»§ng há»™ tiáº¿p.",5,,,Blue Titanium
155110853270561,23354704062,13524731888,1702442365,1,1102309321,308461157,"ÄÃºng vá»›i mÃ´ táº£:ok
TÃ­nh nÄƒng ná»•i báº­t:ok
Cháº¥t lÆ°á»£ng sáº£n pháº©m:okok

Sáº£n pháº©m tá»‘t. Cháº¿ Ä‘á»™ báº£o hÃ nh ok. Sáº½ á»§ng há»™ láº§n sau. Tks",5,,,Natural Titanium
152507220281528,23354704062,13092772384,1699085413,1,390988103,308461157,"TÃ­nh nÄƒng ná»•i báº­t:ok
ÄÃºng vá»›i mÃ´ táº£:chuáº©n
Cháº¥t lÆ°á»£ng sáº£n pháº©m:tá»‘t

HÃ ng nháº­n Ä‘áº¹p Ä‘Ãºng nhÆ° mÃ´ táº£, Ä‘Ã³ng gÃ³i cáº©n tháº­n. Giao hÃ ng nhanh",5,,,White Titanium
153334954288052,23354704062,13202851449,1699954443,1,319855919,308461157,"TÃ­nh nÄƒng ná»•i báº­t:flex
ÄÃºng vá»›i mÃ´ táº£:ÄÃºng
Cháº¥t lÆ°á»£ng sáº£n pháº©m:Very good

MÃ¡y ráº¥t Ä‘áº¹p khÃ´ng cÃ³ gÃ¬ Ä‘á»ƒ chÃª ngoÃ i giÃ¡ ğŸ¤­.
Láº§n Ä‘áº§u mua iPhone cá»§a shop mÃ  Ä‘Ã³ng gÃ³i giao hÃ ng ráº¥t nhanh. 31.5
5 sao cho shop*****",5,,,White Titanium
157136404210352,23354704062,13686862808,1703651780,1,319855919,308461157,"ÄÃºng vá»›i mÃ´ táº£:ÄÃºng
Cháº¥t lÆ°á»£ng sáº£n pháº©m:Tá»‘t
TÃ­nh nÄƒng ná»•i báº­t:flex

HÃ ng chÃ­nh hÃ£ng 
Viettel phÃ¢n phá»‘i cÃ³ bill Ä‘áº§y Ä‘á»§ nÃªn yÃªn tÃ¢m
GiÃ¡ 32.2 tá»‘t",5,,,Natural Titanium
153336928306840,23354704062,13554795610,1702627666,1,89190037,308461157,"Cháº¥t lÆ°á»£ng sáº£n pháº©m:ngon
ÄÃºng vá»›i mÃ´ táº£:cÃ³
TÃ­nh nÄƒng ná»•i báº­t:mÃºi mÃ­t theo cáº£ Ä‘Ã n

Äiá»‡n thoáº¡i ngon khÃ´ng tÃ¬ váº¿t nha má»i ngÆ°á»i",5,,,Natural Titanium
157828410271010,23354704062,13826249757,1704814708,1,5692119,308461157,"TÃ­nh nÄƒng ná»•i báº­t:Nhu quang cÃ¡o
Cháº¥t lÆ°á»£ng sáº£n pháº©m:má»›i dÃ¹ng chÆ°a Ä‘Ã¡nh giÃ¡
ÄÃºng vá»›i mÃ´ táº£:Ä‘Ãºng

HÆ¡i run vÃ¬ máº·t hÃ ng cÃ³ giÃ¡ trá»‹ cao nhÆ°ng mua tá»« viettel nÃªn Ä‘Ã¡nh liá»u! Nháº­n hÃ ng má»›i dÃ¹ng khÃ¡ ok nhÃ©",5,,,Black Titanium
155113643233188,23354704062,13601192308,1702928950,1,116814741,308461157,"Cháº¥t lÆ°á»£ng sáº£n pháº©m:ok
TÃ­nh nÄƒng ná»•i báº­t:Ä‘áº¹p
ÄÃºng vá»›i mÃ´ táº£:ok

Shop Ä‘Ã³ng gÃ³i cháº¯c cháº¯n
Giao hÃ ng nhanh sáº½ mua thÃªm nhiá»u Ä‘á»“ ná»¯a
Biáº¿ng chá»¥p mÃ¡y nÃªn láº¥y áº£nh khÃ¡c áº¡ hihi",5,,,Black Titanium
153346941275987,23354704062,13269041863,1700401893,1,599941201,308461157,"Cháº¥t lÆ°á»£ng sáº£n pháº©m:tá»‘t
ÄÃºng vá»›i mÃ´ táº£:Ä‘Ãºng
TÃ­nh nÄƒng ná»•i báº­t:theo mÃ´ táº£

Sáº£n pháº©m Ä‘Ãºng mÃ´ táº£ nha má»i ngÆ°á»i

Giao hÃ ng nhanh tuyá»‡t Ä‘á»‘i luÃ´n nha má»i ngÆ°á»i.

Cháº¥t lÆ°á»£ng Ä‘Ã£ qua kiá»ƒm chá»©ng nha má»i ngÆ°á»i

Chá»‘t láº¡i lÃ  sáº£n pháº©m nÃ y nÃªn mua nha má»i ngÆ°á»i.",5,,,Natural Titanium
157664358200496,23354704062,13754242021,1704273879,1,64684817,308461157,"Cháº¥t lÆ°á»£ng sáº£n pháº©m:qua tuyet voi apple
ÄÃºng vá»›i mÃ´ táº£:dung voi nhung gi mo ta
TÃ­nh nÄƒng ná»•i báº­t:chá»©c nÄƒng nÃ o cÅ©ng ná»•i báº­t",5,,,Natural Titanium
153408945221556,23354704062,13308857365,1700725885,1,717220314,308461157,"ÄÃºng vá»›i mÃ´ táº£:HÃ ng Ä‘Ãºng vá»›i mÃ´ táº£ láº§n Ä‘áº§u tiÃªn mua hÃ ng trÃªn shop Pi vá»›i giÃ¡ trá»‹ tiá»n quÃ¡ lá»›n mÃ¬nh ráº¥t lo nhÆ°ng khi nháº­n láº¡i káº¿t quáº£ thÃ¬ ráº¥t tá»‘t má»i ngÆ°á»i nÃªn mua nhÃ©ï¿¼
TÃ­nh nÄƒng ná»•i báº­t:TÃ­nh nÄƒng ná»•i báº­t cháº¥t liá»‡u sáº£n pháº©m cá»§a tÃ´i",5,,,White Titanium
153334985317881,23354704062,13374723768,1701260626,1,91631406,308461157,"TÃ­nh nÄƒng ná»•i báº­t:doi moi nhat
Cháº¥t lÆ°á»£ng sáº£n pháº©m:tá»‘t
ÄÃºng vá»›i mÃ´ táº£:Ä‘Ãºng

Giao hÃ ng nhanh, dá»‹ch vá»¥ bÃ¡n hÃ ng tá»‘t. NÃ³i chung khÃ¡ hÃ i lÃ²ng. Mua cá»§a vietell nÃªn yÃªn tÃ¢m chá»© giÃ¡ trá»‹ lá»›n cÅ©ng hÆ¡i sá»£ sá»£.",5,,,Black Titanium
152525764209303,23354704062,13088707838,1699060671,1,251669652,308461157,"TÃ­nh nÄƒng ná»•i báº­t:Ip 15 prm new
Cháº¥t lÆ°á»£ng sáº£n pháº©m:rÃ¢t Ä‘áº¹p, khÃ´g lá»—i gÃ¬

shop giao nhanh, chiá»u hÃ´m trc thanh toÃ¡n hÃ´m sau nháº­n hÃ ng luÃ´n, Ä‘Ã³ng gÃ³i kÄ© dÃ¡n tem quanh há»™p nÃªn ráº¥t yÃªn tÃ¢m",5,,,White Titanium
153680408281055,23354704062,13507940988,1702306992,1,626468544,308461157,"ÄÃºng vá»›i mÃ´ táº£:dung
TÃ­nh nÄƒng ná»•i báº­t:ko biet
Cháº¥t lÆ°á»£ng sáº£n pháº©m:rat tot

MÃ¡y mÃ u ráº¥t Ä‘áº¹p, sÄƒn Ä‘Æ°á»£c giÃ¡ há»£p lÃ­. Sáº½ á»§ng há»™ tiáº¿p",5,,,Natural Titanium
156067898214222,23354704062,13570594867,1702720292,1,186887712,308461157,"ÄÃºng vá»›i mÃ´ táº£:nguyÃªn seal
TÃ­nh nÄƒng ná»•i báº­t:tráº¯ng titan
Cháº¥t lÆ°á»£ng sáº£n pháº©m:ráº¥t tá»‘t .

LÃºc Ä‘áº§u mua cÅ©ng sá»£ vÃ¬ tham kháº£o tháº¥y 15 promax bá»‹ lá»—i nhiá»u (loa rÃ¨ , mÃ n hÃ¬nh lá»—i , mau nÃ³ng ... ) do 12-12 sÄƒn Ä‘c online giÃ¡ tá»‘t quÃ¡ liá»u Ä‘áº·t mua luÃ´n . káº¿t quÃ¡ báº¥t ngá» mÃ¡y ráº¥t perfec loa hay , mÃ n hÃ¬nh Ä‘áº¹p mÆ°á»£t xÃ i cÅ©ng ko nÃ³ng... Ä‘áº·t hÃ ng bÃªn viettel cÅ©ng láº¡i yÃªn tÃ¢m vÃ¬ náº¿u bá»‹ lá»—i cÃ³ thá»ƒ ra viettel store lá»—i miá»…n chÆ°a acive vÃ  cÃ³ kÃ¨m giáº¥y hoÃ¡ Ä‘Æ¡n ná»¯a !",5,,,White Titanium
153681482305196,23354704062,13553700045,1702623092,1,61019673,308461157,"ÄÃºng vá»›i mÃ´ táº£:chuáº©n
Cháº¥t lÆ°á»£ng sáº£n pháº©m:ok

SÄƒn sale 11/11 cÃ²n 32tr022 Ä‘th chÃ­nh hÃ£ng dÃ¹ng á»•n Ã¡p viettel bÃ¡n hÃ ng uy tÃ­n. Láº§n Ä‘áº§u tiÃªn tráº£i nghiá»‡m mua Ä‘th online khÃ¡ á»•n",5,,,Natural Titanium
154503883219212,23354704062,13473334988,1702034874,1,1058504605,308461157,"ÄÃºng vá»›i mÃ´ táº£:Ä‘Ãºng vá»›i mÃ´ táº£
Cháº¥t lÆ°á»£ng sáº£n pháº©m:chuáº©n sinh

HÃ ng má»›i, Ä‘áº¹p. MÃ u sá»‹n sÃ², báº£o hÃ nh tá»‘t. HÃ¬nh áº£nh mang tÃ­nh cháº¥t nháº­n xu",5,,,White Titanium
155111127245860,23354704062,13485525979,1702127757,1,1029741280,308461157,"ÄÃ£ nháº­n Ä‘Æ°á»£c hÃ ng,shop Ä‘Ã³ng gÃ³i cáº©n tháº­n cháº¯c cháº¯n giao hÃ ng nhanh.há»— trá»£ xá»­ lÃ½ váº¥n Ä‘á» nhiá»‡t tÃ¬nh sáº½ á»§ng há»™ shop láº§n sauuuuu áº¡",5,,,Natural Titanium
151002034294710,23354704062,13095893084,1699102980,1,135082254,308461157,"Cháº¥t lÆ°á»£ng sáº£n pháº©m:qua tá»‘t
ÄÃºng vá»›i mÃ´ táº£:Ä‘Ãºng
TÃ­nh nÄƒng ná»•i báº­t:iphone 15prm

Giao hÃ ng khÃ¡ nhanh, hoÃ¡ Ä‘Æ¡n chá»©ng tá»« Ä‘áº§y Ä‘á»§, hÃ ng viettel thÃ¬ yÃªn tÃ¢m rá»“i",5,,,White Titanium
153369295205042,23354704062,13216668690,1700041085,1,251348061,308461157,"ÄÃºng vá»›i mÃ´ táº£:hÃ ng chuáº©n . ÄÃºng mÃ u
Cháº¥t lÆ°á»£ng sáº£n pháº©m:tá»‘t

Láº§n Ä‘áº§u mua hÃ ng nhiá»u tiá»n trÃªn Shopee cáº§m pháº£i thanh toÃ¡n trÆ°á»›c nÃªn cÅ©ng hÆ¡i lo . Äáº¿n khi nháº¡n hÃ ng má»Ÿ há»™p váº«n tháº¥y há»“i há»™p . Mua hÃ ng Ä‘Æ°á»£c mÃ£ giáº£m giÃ¡ nÃªn cÅ©ng ráº» hÆ¡n mua á»Ÿ cá»§a hÃ ng Ä‘Æ°á»£c 2 cá»§ . Hic cho 5 sao",5,,,Natural Titanium
153380042258855,23354704062,13206439980,1699967964,1,14622963,308461157,"ÄÃ¨n USB Äá»ƒ BÃ n 2 Ä‘áº§u HÃ¬nh Gáº¥u, SÆ° Tá»­ + á»‘ng Ä‘á»±ng bÃºt + gá»t bÃºt chÃ¬- DEN-B39
~ Thiáº¿t káº¿ má»›i láº¡ tiá»‡n lá»£i klhi sá»­ dá»¥ng
ÄÃ¨n tÃ­ch Ä‘iá»‡n, cÃ³ Ä‘i kÃ¨m dÃ¢y sáº¡c
ğŸ‘‰ Em cÃ²n sÃ³t kho 6c má»i cÃ¡c bÃ¡c lÃªn Ä‘Æ¡n áº¡
ğŸ“Œ Sá»‰ 48k/c",5,,,Natural Titanium
154538499252451,23354704062,13553627090,1702622777,1,133754827,308461157,"Shop chuáº©n bá»‹ hÃ ng nhanh, Ä‘Ãºng hÃ ng Ä‘á»§ hÃ ng, mua Ä‘Æ°á»£c vá»›i voucher giáº£m thÃªm 1 Ã­t, test trÆ°á»›c máº¥y ngÃ y mÃ¡y dÃ¹ng ok (hÃ¬nh áº£nh vÃ  video chá»‰ mang tÃ­nh nháº­n xu)",5,,,Blue Titanium
153370710279281,23354704062,13519797365,1702389350,1,116793514,308461157,"ÄÃºng vá»›i mÃ´ táº£:ok
Cháº¥t lÆ°á»£ng sáº£n pháº©m:ok
TÃ­nh nÄƒng ná»•i báº­t:ok

hang sá»­ dá»¥ng khÃ¡ ok , láº§n sau sáº½ á»§ng há»™ , giao khÃ¡ nhanh cáº£m Æ¡n shop t",5,,,White Titanium
153681500311490,23354704062,13519822645,1702389473,1,116793514,308461157,"ÄÃºng vá»›i mÃ´ táº£:ok
TÃ­nh nÄƒng ná»•i báº­t:ok
Cháº¥t lÆ°á»£ng sáº£n pháº©m:ok

hang sá»­ dá»¥ng khÃ¡ ok , láº§n sau sáº½ á»§ng há»™ , giao khÃ¡ nhanh cáº£m Æ¡n shop f",5,,,Natural Titanium
157741208216779,23354704062,13773922299,1704432492,1,191038007,308461157,"GOI NHIEU DI - NGAI NGAN CHI. Cam on Quy khach da dong hanh cung VNM trong thoi gian qua. Chi can sim con han su dung, VNM mien phi toan bo cuoc goi noi mang duoi 10 phut (ke ca khi TKC 0d), khong can dang ky. Tu phut thu 11, cuoc thoai duoc tinh theo gia thong thuong. Hay moi them gia dinh, ban be cung su dung mang VNM de cung nhau trai nghiem nhung uu dai tuyet voi. Chi tiet lien he 789 (0d)!",5,,,Natural Titanium
156272411212947,23354704062,13665566793,1703435203,1,256290563,308461157,"Cháº¥t lÆ°á»£ng sáº£n pháº©m:ok
ÄÃºng vá»›i mÃ´ táº£:ok
TÃ­nh nÄƒng ná»•i báº­t:ok

Quy khach dung quen doi diem Viettel de nhan luu luong data mien phi su dung trong ngay hoac 30 ngay. Bam goi hoac truy cap ung dung My Viettel de doi diem.",5,,,Natural Titanium
153334871282915,23354704062,13457733035,1701929555,1,5016559,308461157,"Cháº¥t lÆ°á»£ng sáº£n pháº©m:ok
ÄÃºng vá»›i mÃ´ táº£:ok
TÃ­nh nÄƒng ná»•i báº­t:ok

(CSKH) Chuong trinh khach hang than thiet VinaPhone Plus thong bao: Tinh den het 06/12/2023 hang hoi vien cua Quy khach la Than Thiet, diem tich luy la 930 diem.",5,,,Natural Titanium
153680486255544,23354704062,13275154873,1700461521,1,39896050,308461157,"Láº§n Ä‘áº§u Ä‘áº·t mÃ¡y thá»­ shopee cÅ©ng hÆ¡i sá»£ ship gáº¡ch Ä‘áº¿n ğŸ˜‚, nhÆ°ng nháº­n rÃ¹i má»›i tháº¥y an tÃ¢m, tem tá»« trong ra ngoÃ i luÃ´n. SÄƒn sale há»i nÃªn sáº½ mua láº¡i náº¿u cÃ³ nhu cáº§u ğŸ¥°ğŸ¥°ğŸ¥°
áº¢nh nháº­n xu",5,,,Natural Titanium
153369036249461,23354704062,13412293724,1701576333,1,256290563,308461157,"Cháº¥t lÆ°á»£ng sáº£n pháº©m:ok
TÃ­nh nÄƒng ná»•i báº­t:ok
ÄÃºng vá»›i mÃ´ táº£:ok

HÃ£y chung tay giÃºp Ä‘á»¡ náº¡n nhÃ¢n nhiá»…m cháº¥t Ä‘á»™c da cam báº±ng cÃ¡ch soáº¡n tin",5,,,White Titanium
154458118250825,23354704062,13350919450,1701076887,1,8943935,308461157,"TÃ­nh nÄƒng ná»•i báº­t:Ä‘áº¹p
ÄÃºng vá»›i mÃ´ táº£:tá»‘t
Cháº¥t lÆ°á»£ng sáº£n pháº©m:tá»‘t

Sáº£n pháº©m cháº¥t lÆ°á»£ng tuyá»‡t vá»i sáº½ á»§ng há»™ viettel nhiá»u hÆ¡n",5,,,Natural Titanium
151765281223441,23354704062,12990073572,1698229372,1,1072351213,308461157,#NGOCNAM tuyá»‡t vá»i Ã´ng máº·t trá»i áº¡. Mua hÃ ng trÃªn shopee mÃ  mua shop viettel thÃ¬ hÃ ng uy tÃ­n cháº¥t lÆ°á»£ng rá»“i ğŸ¥°ğŸ¥°ğŸ¥°,5,,,Black Titanium
150599007209226,23354704062,12853241565,1697162210,1,1073988154,308461157,NÄƒm nay mÃ u titan tá»± nhiÃªn Ä‘Ãºng lÃ  mÃ u cá»§a mÃ¹i tiá»n. ÄÃ£ Ã­t láº¡i cÃ²n Ä‘áº¯t giÃ¡.. mÃ u xanh trÃ´ng cÅ©ng Ä‘áº¹p. NhÆ°ng khÃ´ng Ä‘áº¹p báº±ng tá»± nhiÃªn,5,,,Blue Titanium
153335050220504,23354704062,13207887232,1699974599,1,1784856,308461157,"SÄƒn sale 11.11.2023 cÃ²n 31,7 triá»‡u 
LÃºc khui hÃ ng xui bá»‹ mÃ¡y cÃ³ háº¡t bá»¥i á»Ÿ camera sau, mÃ¬nh cÃ³ quay video lÃºc bÃ³c hÃ ng + chÆ°a active, nÃªn ra store viettel Ä‘Æ°á»£c Ä‘á»•i mÃ¡y nguyÃªn seal luÃ´n 
Mang á»‘p + dÃ¡n mÃ n hÃ¬nh ra store cÅ©ng Ä‘Æ°á»£c nhÃ¢n viÃªn há»— trá»£ dÃ¡n miá»…n phÃ­ 
CÃ¡m Æ¡n báº¡n Táº¡ Hiá»ƒn á»Ÿ store 57-59 Nguyá»…n HoÃ ng, HN nhÃ©
Dá»‹ch vá»¥ 10 Ä‘iá»ƒm
Cháº¯c cháº¯n mÃ¬nh sáº½ chá»n láº¡i viettel store náº¿u cÃ³ thÃªm nhu cáº§u",5,,,White Titanium
151866014274431,23354704062,13013029078,1698409737,1,983605779,308461157,"#NGOCNAM Ä‘Ã£ nháº­n hÃ ng ok. Tuyá»‡t vá»i Ã´ng máº·t trá»i luÃ´n áº¡ ğŸ˜ğŸ˜ğŸ˜
HÃ ng viettel thÃ¬ uy tÃ­n cháº¥t lÆ°á»£ng nháº¥t shopee rá»“i ğŸ¥°ğŸ¥°ğŸ¥°",5,,,Natural Titanium
151866069227593,23354704062,13013743391,1698413650,1,1072351213,308461157,#NGOCNAM tuyá»‡t vá»i Ã´ng máº·t trá»i. HÃ ng Ä‘áº¹p quÃ¡ ae Ã . HÃ ng mua viettel thÃ¬ ok uy tÃ­n rá»“i. Ráº¥t Æ°ng Ã½,5,,,Natural Titanium
157913861211845,23354704062,13824776127,1704805534,1,27145390,308461157,"HÃ ng chÃ­nh hÃ£ng vna
Giao nhanh, Ä‘Ã³ng gÃ³i tá»‘t
ÄÃ³ng hÃ ng ká»¹ lÆ°á»¡ng",5,,,Black Titanium
156013206223667,23354704062,13534789555,1702510263,1,95010119,308461157,"Giao hÃ ng nhanh
Sáº£n pháº©m Ä‘áº¹p
CÃ³ sáºµn hoÃ¡ Ä‘Æ¡n Ä‘iá»‡n tá»­ trong há»™pâ€¦",5,,,Blue Titanium
154458105239493,23354704062,13355487819,1701110116,1,305348388,308461157,"Cháº¥t lÆ°á»£ng sáº£n pháº©m:Tá»‘t
ÄÃºng vá»›i mÃ´ táº£:ÄÃºng
TÃ­nh nÄƒng ná»•i báº­t:Iphone 15prm

ÄÃ³ng hÃ ng vÃ  báº£o quáº£n cáº©n tháº­n shop uy tÃ­n",5,,,Natural Titanium
157072403240657,23354704062,13793477276,1704558667,1,1026988488,308461157,"Shop Ä‘Ã³ng cáº©n tháº­n, hoÃ¡ Ä‘Æ¡n Ä‘áº§y Ä‘á»§, hÃ ng chÃ­nh hÃ£ng vna, chÆ°a kÃ­ch hoáº¡t báº£o hÃ nh",5,,,Natural Titanium
153336034303200,23354704062,13447659730,1701851901,1,32692824,308461157,hÃ ng tá»‘t Ä‘Ãºng hÃ ng má»›i new seal. nhÆ°ng bá»™ pháº­n giao hÃ ng thá»© 7 chá»§ nháº­t khÃ´ng giao hÃ ng,5,,,White Titanium
151378424281466,23354704062,13065269080,1698855067,1,1065376501,308461157,Cháº¥t lÆ°á»£ng sáº£n pháº©m tuyá»‡t vá»i! ÄÃ³ng gÃ³i cáº©n tháº­n! Váº­n chuyá»ƒn hÃ ng nhanh! Sáº½ á»§ng há»™ shop lÃ¢u dÃ i.ğŸ˜,5,,,Blue Titanium
153335156251986,23354704062,13425931495,1701680662,1,392492360,308461157,"ÄÃ¡nh giÃ¡ chÆ¡i vui thÃ´i chá»© mÃ¡y OK ko bá»‹ lá»—i hÃ¬nh thá»©c, tráº§y xÆ°á»›c j cáº£, mÃ  giÃ¡ thÃ¬ cao hÆ¡n shop mall máº¥y trÄƒm ka",5,,,Blue Titanium
156056719236388,23354704062,13630615185,1703145694,1,847288773,308461157,"MÃ¡y nhanh háº¿t pin quÃ¡ cÃ²n láº¡i ok
Máº¥t 4 ngÃ y Ä‘á»ƒ giao hÃ ng
erification code sent by KakaoTalk. Don't share it with others",5,,,Natural Titanium
157050084265503,23354704062,13750812428,1704253141,1,197228680,308461157,"Sáº£n pháº©m tá»‘t, sÄƒn sale dc giÃ¡ ráº», ráº¥t Ä‘Ã¡ng mua nha mn dhgvsk shgvdj",5,,,Natural Titanium
154492181231731,23354704062,13394486981,1701420589,1,39544308,308461157,"Shop giao hÃ ng nhanh, Ä‘Ã³ng gÃ³i cáº©n tháº­n cháº¯c cháº¯n, dÃ¡n niÃªm phong tá»« há»™p tá»›i chá»‘ng sock. MÃ¡y 15 nháº¹ Ä‘áº¹p, mÆ°á»£t mÃ .",5,,,White Titanium
154544407221008,23354704062,13396959023,1701433244,1,964724600,308461157,"Cháº¥t lÆ°á»£ng sáº£n pháº©m:tá»‘t
ÄÃºng vá»›i mÃ´ táº£:tuyá»‡t vá»i

HÃ ng chuáº©n, giao hÃ ng nhanh",5,,,Natural Titanium
151580996270515,23354704062,13004406016,1698337164,1,1039684532,308461157,"HÃ ng chÃ­nh hÃ£ng ráº¥t Ä‘áº¹p, giao hÃ ng ráº¥t nhanh, khuyáº¿n khÃ­ch cÃ¡c báº¡n mua cá»§a shop.",5,,,Blue Titanium
154491861286475,23354704062,13421331401,1701654907,1,90102781,308461157,HÃ ng sáº£n pháº©m chuáº©n. ÄÃºng theo thá»±c táº¿. ÄÃ³ng gÃ³i Ä‘áº¹p cáº©n tháº­n. Sáº½ mua láº¡i láº§n tiáº¿p theo,5,,,White Titanium
153373581294815,23354704062,13285340949,1700543767,1,81608097,308461157,"HÃ ng chuáº©n. Thanks shop
SÄƒn sale Ä‘Æ°á»£c giÃ¡ tá»‘t hÆ¡n ngoÃ i store, giao hÃ ng hÆ¡i lÃ¢u",5,,,White Titanium
157716467209256,23354704062,13772176777,1704422854,1,130481,308461157,"ÄÃºng vá»›i mÃ´ táº£:Ä‘Ãºng
Cháº¥t lÆ°á»£ng sáº£n pháº©m:tá»‘t
TÃ­nh nÄƒng ná»•i báº­t:máº¡nh máº½

MÃ¡y giao nhanh, giÃ¡ tá»‘t, Æ°u Ä‘Ã£i nhiá»u tá»« shopee",5,,,Black Titanium
154458079257159,23354704062,13426111813,1701681610,1,194804442,308461157,"TÃ­nh nÄƒng ná»•i báº­t:tuyet voi
Cháº¥t lÆ°á»£ng sáº£n pháº©m:ráº¥t tá»‘t
ÄÃºng vá»›i mÃ´ táº£:Ä‘Ãºng vá»›i mÃ´ táº£

Sáº£n pháº©m cháº¥t lÆ°á»£ng
Shop uy tÃ­n",5,,,Natural Titanium
153716502249975,23354704062,13356123113,1701128443,1,106509859,308461157,"ÄÃºng vá»›i mÃ´ táº£:chuáº©n
Cháº¥t lÆ°á»£ng sáº£n pháº©m:qÃ¡ ok
TÃ­nh nÄƒng ná»•i báº­t:mÃ¡y ok",5,,,Natural Titanium
152507110201191,23354704062,13079603399,1698985571,1,1042095193,308461157,"ÄÃºng vá»›i mÃ´ táº£:chuáº©n
Cháº¥t lÆ°á»£ng sáº£n pháº©m:tá»‘t
TÃ­nh nÄƒng ná»•i báº­t:ok",5,,,White Titanium
153680461253767,23354704062,13312000763,1700741958,1,164522752,308461157,"Sáº£n pháº©m Ä‘Ã³ng gÃ³i cáº©n tháº­n, giao hÃ ng nhanh. Mua viettel store thÃ¬ yÃªn tÃ¢m ra",5,,,Natural Titanium
153334817255047,23354704062,13244792885,1700219562,1,7707258,308461157,"Sáº£n pháº©m Ä‘Ãºng mÃ´ táº£, giÃ¡ ráº», sau nÃ y sáº½ á»§ng há»™ tiáº¿p! Tuyá»‡t vá»i!!!",5,,,Natural Titanium
151866092202090,23354704062,13084837789,1699013523,1,10036696,308461157,"ÄÃ³ng gÃ³i cháº¯c cháº¯n,giao hÃ ng Ä‘Ãºng máº«u,mÃ¡y má»›i 
HÃ ng ngon cháº¥t lÆ°á»£ng
Má»« Ä‘á»‰m",5,,,Natural Titanium
157614551268628,23354704062,13783112771,1704500349,1,123730751,308461157,"ÄÃºng vá»›i mÃ´ táº£:ok
Cháº¥t lÆ°á»£ng sáº£n pháº©m:ok

Uy tÃ­n, cháº¥t lÆ°á»£ng. Äáº§y Ä‘á»§ há»“ sÆ¡ giáº¥y tá» theo mÃ¡y.",5,,,Natural Titanium
154458003275688,23354704062,13353259013,1701088926,1,102472396,308461157,"ÄÃ£ nháº­n Ä‘Æ°á»£c hÃ ng, ship khÃ¡ nhanh sáº½ á»§ng há»™ dÃ i dÃ i. tá»‘t cháº¥t lÆ°á»£ng nguyÃªn seal",5,,,Natural Titanium
153334931241699,23354704062,13192034800,1699877767,1,8271669,308461157,"TÃ­nh nÄƒng ná»•i báº­t:giÃ¡ sale tá»‘t
Cháº¥t lÆ°á»£ng sáº£n pháº©m:tá»‘t

Chuáº©n bik hÃ ng vÃ  ship hÆ¡i lÃ¢u. HÃ ng nguyÃªn seal chÆ°a kick hoáº¡t :DddddddÄ‘",5,,,Natural Titanium
153376800273981,23354704062,13224439168,1700097975,1,72194428,308461157,"Láº§n Ä‘áº§u tiá»n sÄƒn sale mua Ä‘á»“ giÃ¡ trá»‹ lá»›n, cÅ©ng hÆ¡i nghi ngáº¡i vÃ  chá» Ä‘á»£i ship cÅ©ng suá»‘t ruá»™t vÃ¬ lÃ¢u nhÆ°ng khi nháº­n hÃ ng thÃ¬ quÃ¡ tuyá»‡t vá»i. Shop Ä‘Ã³ng gÃ³i ká»¹ cÃ ng, dÃ¡n tem niÃªm phong chá»‘ng sá»‘c cÃ¡c kiá»ƒu ráº¥t cáº©n tháº­n, hoÃ¡ Ä‘Æ¡n bÃ¡n hÃ ng Ä‘áº§y Ä‘á»§. Äiá»‡n thoáº¡i ko cÃ³ gÃ¬ Ä‘á»ƒ chÃª rá»“iğŸ‘. ÄÃ¡ng mua láº¯m mn",5,,,White Titanium
153680526301680,23354704062,13241073817,1700202443,1,443395968,308461157,"Mua cÃ¡i thá»© 2, mÃ¡y quÃ¡ Ä‘áº¹p luÃ´n. CÃ¡m Æ¡n shop Ä‘Ã³ng gÃ³i kÄ© cÃ ng cáº©n tháº­n. Sáº½ á»§ng há»™ shop nhá»¯ng láº§n tiáº¿p theo. Happyyyyyyyyyyyyyyyyyyy!",5,,,Natural Titanium
157201233264912,23354704062,13709505111,1703832518,1,1095969672,308461157,"Cháº¥t lÆ°á»£ng sáº£n pháº©m:ok
TÃ­nh nÄƒng ná»•i báº­t:ok
ÄÃºng vá»›i mÃ´ táº£:Ä‘Ãºng láº¯m shop",5,,,Black Titanium
154491866245872,23354704062,13341774748,1700997450,1,20348309,308461157,Sáº£n pháº©m giá»‘ng mÃ´ táº£. HÃ ng chÃ­nh hÃ£ng .Giao hÃ ng nhanh chÃ³ng.,5,,,Black Titanium
154458114246163,23354704062,13435726157,1701761369,1,88879336,308461157,MÃ¡y Ä‘áº¹p giao hÃ ng nhanh cÃ³ cáº£ bill viettel lÃ m ráº¥t uy tÃ­n 10 Ä‘iá»ƒm,5,,,Natural Titanium
156057960258987,23354704062,13592438063,1702877073,1,23563889,308461157,"Cháº¥t lÆ°á»£ng sáº£n pháº©m:tuyá»‡t vá»i
ÄÃºng vá»›i mÃ´ táº£:dung mo ta

Cháº¥t lÆ°á»£ng giao hÃ ng Ä‘Ãºng thá»i gian , nhanh chÃ­nh hÃ£ng",5,,,White Titanium
154458100295384,23354704062,13377417417,1701282743,1,164522752,308461157,"ÄÃ³ng gÃ³i cáº©n tháº­n, giao hÃ ng nhanh. Shop uy tÃ­n. Tin cáº­y",5,,,Natural Titanium
156089073215498,23354704062,13651622249,1703313705,1,137241349,308461157,Shop Ä‘Ã³ng hÃ ng ká»¹. ÄÆ¡n vá»‹ váº­n chuyá»ƒn Ä‘i hÆ¡i lÃ¢u. Sp dÃ¹ng 1 tgian má»›i Ä‘Ã¡nh giÃ¡ Ä‘c nhÆ°ng mua Ä‘c giÃ¡ Æ°u Ä‘Ã£i tá»‘t Ã¡.,5,,,Black Titanium
155112957250952,23354704062,13415334342,1701594288,1,165165871,308461157,MÃ¡y cháº¥t lÆ°á»£ng á»•n nha. Mua á»Ÿ viettelstore sáº½ Ä‘áº¯t hÆ¡n xÃ­u nhÆ°ng bÃ¹ láº¡i náº¿u cÃ³ váº¥n Ä‘á» gÃ¬ cÃ²n Ä‘á»•i Ä‘Æ°á»£c chá»© mua Apple store thÃ¬ khÃ´ng biáº¿t xá»­ lÃ½ sao luÃ´n,5,,,Natural Titanium
151734990233386,23354704062,13002141972,1698322455,1,48708833,308461157,Giao hÃ ng nhanh tá»« hÃ  ná»™i vÃ o sÃ i gÃ²n chá»‰ máº¥t 2 ngÃ y lÃ  mÃ¬nh nháº­n dc. Sáº£n pháº©m tá»‘t ko váº¥n Ä‘á» gÃ¬ cáº£,5,,,Natural Titanium
153334986302437,23354704062,13293369979,1700612534,1,67142944,308461157,"sáº£n pháº©m chÃ­nh hÃ£ng, cháº¥t lÆ°á»£ng! GiÃ¡ sale nÃªn ráº¥t thÃ­ch xxxxx",5,,,Blue Titanium
151866131281327,23354704062,13297687555,1700639521,1,97851222,308461157,"BÃ³c mÃ¡y ra vá»› ngay quáº£ camera cÃ³ bá»¥i, ra viettel store Ä‘á»•i Ä‘Æ°á»£c mÃ¡y má»›i ngay, chá»© mua táº¡i apple flagship store thÃ¬ khÃ´ng biáº¿t Ä‘á»•i á»Ÿ Ä‘Ã¢u",5,,,White Titanium
156013224270747,23354704062,13642768598,1703236567,1,330772669,308461157,"SÄƒn sale 12.12 giÃ¡ 31 mÃ¬nh tháº¥y cÅ©ng sÃªm sÃªm cÃ¡c sÃ n khÃ¡c, Ä‘Ã³ng gÃ³i tuy ko Ä‘áº¹p báº±ng laz nhÆ°ng váº«n ok.",5,,,White Titanium
151002042235492,23354704062,13138247986,1699457346,1,877834043,308461157,"Sáº£n pháº©m chÃ­nh hÃ£ng, nguyÃªn seal, chÆ°a kÃ­ch hoáº¡t.
Shop Ä‘Ã³ng gÃ³i ká»¹ cÃ ng, tiáº¿p tá»¥c á»§ng há»™ trong tÆ°Æ¡ng lai.",5,,,White Titanium
156963754214552,23354704062,13679200500,1703576980,1,64684817,308461157,"ÄÃºng vá»›i mÃ´ táº£:apple luÃ´n luÃ´n chuáº©n
TÃ­nh nÄƒng ná»•i báº­t:day du tinh nang
Cháº¥t lÆ°á»£ng sáº£n pháº©m:qua tuá»µet vá»i chÆ°a khui ra luÃ´n",5,,,Natural Titanium
152470803217582,23354704062,13081654757,1698996998,1,102472396,308461157,"HÃ ng viettel thÃ¬ yÃªn tÃ¢m rá»“i, Ä‘Ã£ mua dÃ¹ng á»•n nhÃ© ae
á»¦ng há»™ dÃ i dÃ i",5,,,White Titanium
156013208251344,23354704062,13547612037,1702571320,1,28902440,308461157,dung song mÃ¡y Ä‘áº¹p nÃ©t OK anh em khÃ´ng cÃ³ ai Ä‘i lÃ m rá»“i em khÃ´ng biáº¿t lÃ m sao Ä‘Æ°á»£c,5,,,Natural Titanium
153345628283972,23354704062,13344698713,1701023368,1,310708711,308461157,HÃ ng chÃ­nh hÃ£ng Ä‘áº­p há»™p hÃ¬nh áº£nh mang tÃ­nh cháº¥t minh hoáº¡ giÃ¡ ok,5,,,Natural Titanium
151866080292595,23354704062,13437506428,1701771057,1,135082254,308461157,"ÄÃºng vá»›i mÃ´ táº£:giao ráº¥t nhanh
TÃ­nh nÄƒng ná»•i báº­t:tá»‘t
Cháº¥t lÆ°á»£ng sáº£n pháº©m:quÃ¡ tá»‘t

Iphone cá»§a viettel thÃ¬ khá»i lo, cÃ²n giao nhanh",5,,,Natural Titanium
154458047284835,23354704062,13538610997,1702533508,1,506356974,308461157,"Cháº¥t lÆ°á»£ng sáº£n pháº©m tá»‘t, máº«u mÃ£ Ä‘áº¹p, Ä‘Ã³ng gÃ³i cáº©n tháº­n. Ráº¥t Æ°ng 10 Ä‘iá»ƒm",5,,,Natural Titanium
153338174257921,23354704062,13393075796,1701412728,1,1088473348,308461157,"Cháº¥t lÆ°á»£ng sáº£n pháº©m:gia tot
ÄÃºng vá»›i mÃ´ táº£:dong goi cáº©n tháº­n
TÃ­nh nÄƒng ná»•i báº­t:dep",5,,,Natural Titanium
151002147210597,23354704062,12922798405,1697653080,1,1065376501,308461157,Cháº¥t lÆ°á»£ng sáº£n pháº©m tuyá»‡t vá»i! ÄÃ³ng gÃ³i cáº©n tháº­n! Váº­n chuyá»ƒn hÃ ng nhanh! Sáº½ á»§ng há»™ shop lÃ¢u dÃ i.ğŸ˜,5,,,Blue Titanium
152470985297833,23354704062,13195073611,1699893872,1,1068734785,308461157,"TÃ­nh nÄƒng ná»•i báº­t:tá»‘t
ÄÃºng vá»›i mÃ´ táº£:ok
Cháº¥t lÆ°á»£ng sáº£n pháº©m:ok

ok giao nhanh hÃ ng tá»‘t chuáº£n 10â‚« khÃ´ng coÃ¡ nhÆ°ng haha hihi",5,,,Natural Titanium
156075046282735,23354704062,13715361961,1703868955,1,8673715,308461157,Sáº£n pháº©m chuáº©n cháº¥t lÆ°á»£ng. ÄÃ³ng gÃ³i cáº©n tháº­n. Giao hÃ ng khÃ¡ nhanh. Uy tÃ­n nha mn!,5,,,White Titanium
151002147210613,23354704062,12973947311,1698091284,1,1045208862,308461157,"Cháº¥t lÆ°á»£ng sáº£n pháº©m vÃ  dá»‹ch vá»¥ cá»§a cá»­a hÃ ng ráº¥t tá»‘t , tÃ´i ráº¥t hÃ i lÃ²ng sáº½ quay láº¡i á»§ng há»™",5,,,Blue Titanium
154458050205289,23354704062,13447271321,1701849929,1,1088474581,308461157,"ÄÃºng vá»›i mÃ´ táº£:chuaanr
TÃ­nh nÄƒng ná»•i báº­t:giao nhanh
Cháº¥t lÆ°á»£ng sáº£n pháº©m:tá»‘t

LÃ¹n á»§ng há»™ viettel",5,,,Natural Titanium
154501665213465,23354704062,13476367946,1702053681,1,1076957501,308461157,TÃ­nh nÄƒng nghe nháº¡c tá»‘t hÃ ng dung vá»›i má»i táº£ cháº¥t lÆ°á»£ng tuyá»‡t vá»i,5,,,White Titanium
153365601212707,23354704062,13197628190,1699929565,1,158582341,308461157,"ÄÃºng vá»›i mÃ´ táº£:ok
TÃ­nh nÄƒng ná»•i báº­t:okok
Cháº¥t lÆ°á»£ng sáº£n pháº©m:good

Cháº¥t lÆ°á»£ng tá»‘t",5,,,Natural Titanium
157781294219078,23354704062,13796247587,1704599348,1,19573821,308461157,"Cháº¥t lÆ°á»£ng sáº£n pháº©m:tá»‘t

Ä‘Ã³ng gÃ³i chá»‘ng sá»‘c tá»‘t, váº­n chuyá»ƒn nhanh",5,,,Natural Titanium
155111134243757,23354704062,13537365863,1702527848,1,1127483228,308461157,"ÄÃºng vá»›i mÃ´ táº£:dung
Cháº¥t lÆ°á»£ng sáº£n pháº©m:tot
TÃ­nh nÄƒng ná»•i báº­t:nhanh",5,,,Natural Titanium
153334806202745,23354704062,13314336695,1700758320,1,791836547,308461157,"ÄÃºng vá»›i mÃ´ táº£:tá»‘t
TÃ­nh nÄƒng ná»•i báº­t:tá»‘t

Giao hÃ ng nhanh",5,,,Natural Titanium
157463732274565,23354704062,13725138595,1703963115,1,1103765806,308461157,"Cháº¥t lÆ°á»£ng sáº£n pháº©m:quÃ¡ tuyá»‡t vá»i.ko.cáº§n nhiá»u lá»i
TÃ­nh nÄƒng ná»•i báº­t:gÃ¬ cÅ©ng ok
ÄÃºng vá»›i mÃ´ táº£:Ä‘áº§y Ä‘á»§ tÃ­nh nÄƒng nhÆ° mÃ´ táº£",5,,,Natural Titanium
156749670231209,23354704062,13670379310,1703491425,1,42262362,308461157,"TÃ­nh nÄƒng ná»•i báº­t:lieen lacj
ÄÃºng vá»›i mÃ´ táº£:chuáº©n
Cháº¥t lÆ°á»£ng sáº£n pháº©m:chuáº©n

HÃ ng chuáº©n nhÃ© . áº¢nh clip mang tÃ­nh nháº¥t nháº­n cá»©",5,,,Natural Titanium
156308794222658,23354704062,13610801169,1702991444,1,927438167,308461157,"Cháº¥t lÆ°á»£ng sáº£n pháº©m:tuyá»‡t vá»i

HÃ ng chuáº©n cÃ´ng ty 
Kiá»ƒm tra trÃªn web cá»§a Apple Ä‘Ãºng thÃ´ng tin 
Sáº½ á»§ng há»™ tiáº¿p",5,,,White Titanium
154491985220232,23354704062,13553349641,1702621572,1,98798641,308461157,HÃ ng Ä‘Ãºng mÃ´ táº£ giao hÃ ng siÃªu nhanh sáº½ á»§ng há»™ vÃ  giá»›i thiá»‡u cho báº¡n bÃ¨,5,,,White Titanium
156057774227718,23354704062,13550330007,1702607161,1,124270203,308461157,"ÄÃºng vá»›i mÃ´ táº£:iphone 15 promax 256
Cháº¥t lÆ°á»£ng sáº£n pháº©m:Good
TÃ­nh nÄƒng ná»•i báº­t:Viá»n titan, cam 5x",5,,,White Titanium
154491272217057,23354704062,13726801722,1703992887,1,70444079,308461157,"ÄÃ£ nháº­n Ä‘Æ°á»£c hÃ ng
Sá»­ dá»¥ng ok 
Giao hÃ ng Ä‘Ãºng máº«u mÃ£ vÃ  nhanh chÃ³ng",5,,,White Titanium
154492172284717,23354704062,13451446445,1701869263,1,5482763,308461157,"Sáº£n pháº©m ok má»i ngÆ°á»i mua á»§ng há»™ shop nhá»©, giao hÃ ng cÅ©ng nhanh vÃ  Ä‘áº§y Ä‘á»§,",5,,,Blue Titanium
153680479249803,23354704062,13367564226,1701222566,1,75272858,308461157,"TÃ­nh nÄƒng ná»•i báº­t:qua muot
ÄÃºng vá»›i mÃ´ táº£:chuan
Cháº¥t lÆ°á»£ng sáº£n pháº©m:tuyet voi

QuÃ¡ tuyá»‡t vá»i",5,,,Natural Titanium
157197372221987,23354704062,13720869908,1703926484,1,1119326735,308461157,"May chat, che do doi loi 60 ngay nen an tam su dung va mua",5,,,Natural Titanium
153361818302546,23354704062,13542309718,1702549120,1,101525602,308461157,"HÃ ng chÃ­nh hÃ£ng, shop Ä‘Ã³ng gÃ³i ká»¹ cÃ ng, cÃ³ tem niÃªm phong. Ráº¥t ok.",5,,,Natural Titanium
151866169210636,23354704062,13045077997,1698686245,1,53098565,308461157,"GiÃ¡ ráº», mua máº·c thá»­ vá»›i máº·c cho dzui chá»› k cÃ³ tÃ¡c dá»¥ng gÃ¬ cáº£ Ä‘Ã¢u mn",5,,,White Titanium
152470812220961,23354704062,13402109877,1701489947,1,5482763,308461157,"MÃ¡y xÃ i tá»‘t, cáº£m Æ¡n shop, má»i ng nÃªn mua nhÃ©, thanh toÃ¡n trÆ°á»›c yÃªn tÃ¢m",5,,,White Titanium
153369026317188,23354704062,13238783778,1700191010,1,7154799,308461157,"Giao hÃ ng nhanh bÃ¬nh thÆ°á»ng, Ä‘Ã³ng gÃ³i oklela , hÃ ng chuáº©n Ä‘Ã£ mua n láº§n",5,,,Natural Titanium
153334819223696,23354704062,13208537314,1699979750,1,98798641,308461157,HÃ ng cháº¥t lÆ°á»£ng Ä‘Ãºng nhÆ° mÃ´ táº£ sÄƒn sale dc giÃ¡ khÃ¡ tá»‘t sáº½ á»§ng há»™.,5,,,Natural Titanium
156013208239848,23354704062,13549107528,1702598507,1,1095242426,308461157,"ÄÃºng vá»›i mÃ´ táº£:sáº£n pháº©m ok Ä‘Ãºng mÃ´ táº£
Cháº¥t lÆ°á»£ng sáº£n pháº©m:toot",5,,,Natural Titanium
153379937202286,23354704062,13340046468,1700986980,1,200018856,308461157,"Cháº¥t lÆ°á»£ng sáº£n pháº©m:ok
ÄÃºng vá»›i mÃ´ táº£:ok

ÄÃ£ nháº­n dc hÃ ng áº¡. 
Láº§n Ä‘áº§u sÄƒn sale mua Ä‘iá»‡n thoáº¡i, mua thanh toÃ¡n liá»n luÃ´n mÃ  khÃ´ng hiá»ƒu sao bá»‹ shopeee khoÃ¡ nick kÃªu gian láº­n tÃ o lao tháº­t sá»± ğŸ™‚ váº­y rá»“i sao dÃ¡m mua ná»¯a ??",5,,,Natural Titanium
153681466202299,23354704062,13265200136,1700380342,1,53926898,308461157,"Thuá»‘c Tiffy Ä‘Æ°á»£c dÃ¹ng Ä‘á»ƒ lÃ m giáº£m cÃ¡c triá»‡u chá»©ng cáº£m thÃ´ng thÆ°á»ng ngháº¹t mÅ©i, háº¡ sá»‘t, giáº£m Ä‘au vÃ  viÃªm mÅ©i dá»‹ á»©ng. DÆ°á»›i Ä‘Ã¢y lÃ  nhá»¯ng thÃ´ng tin cáº§n biáº¿t khi dÃ¹ng thuá»‘c Tiffy",5,,,Natural Titanium
156073404202413,23354704062,13649398105,1703300480,1,244764677,308461157,"NÃ³i chung dá»‹ch vá»¥ chÆ°a Ä‘Æ°á»£c tá»‘t láº¯m
Chat há»i thÃ¬ tráº£ lá»i há»i há»£t 

May mÃ  cÃ³ Shopee tÃ i trá»£, chá»© bÃ¡n kiá»ƒu há»i há»£t tháº¿ nÃ y thÃ¬ chua láº¯m.",4,,,Black Titanium
157047378208946,23354704062,13684181480,1703615852,1,1103765806,308461157,"Cháº¥t lÆ°á»£ng sáº£n pháº©m:sáº£n pháº©m trÃªn cáº£ guyá»‡t vá»i
ÄÃºng vá»›i mÃ´ táº£:chuáº©n nhÆ° mÃ´ táº£ luÃ´n
TÃ­nh nÄƒng ná»•i báº­t:Ä‘áº§y Ä‘á»§ tÃ­nh nÄƒng",5,,,Natural Titanium
153337146314756,23354704062,13237619455,1700183910,1,10559084,308461157,HÃ ng Ä‘Ã³ng gÃ³i ráº¥t ok. Tuy nhiÃªn Ä‘Æ¡n hÃ ng giÃ¡ trá»‹ cao nhÆ°ng Ä‘Æ¡n vá»‹ váº­n chuyá»ƒn vá»©t chung cÃ¹ng cÃ¡c loáº¡i khÃ¡c :(,5,,,Natural Titanium
157827922211786,23354704062,13790278131,1704539616,1,101222985,308461157,"HÃ ng chÃ­nh hÃ£ng, má»i ngÆ°á»i yÃªn tÃ¢m chá»n mua trÃªn mall Ä‘á»ƒ tiáº¿t kiá»‡m chi phÃ­",4,,,Blue Titanium
156096746283202,23354704062,13552441382,1702617556,1,123564489,308461157,"ÄÃ£ nháº­n hÃ ng chuáº©n chÃ­nh hÃ£ng, tuy nhiÃªn giÃ¡ bÃ¡n váº«n hÆ¡i cao",4,,,White Titanium
151866091222086,23354704062,13041958895,1698663530,-1,40677267,308461157,Giao hÃ ng cháº­m trá»…. Shop cÃ¡ch nhÃ  3km giao táº­n 5 ngÃ y má»›i Ä‘áº¿n,1,,,Natural Titanium
157213373223898,23354704062,13713849211,1703856787,0,1013032638,308461157,"ÄÃºng vá»›i mÃ´ táº£:ok
Cháº¥t lÆ°á»£ng sáº£n pháº©m:ok
TÃ­nh nÄƒng ná»•i báº­t:ok",2,,,White Titanium
153338277258992,23354704062,13271766257,1700442332,1,67178375,308461157,ÄÃ£ nháº­n Ä‘Æ°á»£c hÃ ng Ä‘áº§y Ä‘á»§. Sáº½ á»§ng há»™ shop thÃªm nhiá»u láº§n ná»¯aaaaaa,5,,,White Titanium
153334816220625,23354704062,13454936205,1701913259,1,106980034,308461157,ÄÃ£ á»§ng há»™ shop nhiá»u láº§n rá»“i . HÃ ng chuáº©n chÃ­nh hÃ£ng hÃ¬nh áº£nh mang tÃ­nh cháº¥t nhÃ¢nn xu,5,,,Natural Titanium
153681563304096,23354704062,13262252820,1700363292,1,99595892,308461157,"Bá»™ ThÃ´ng tin vÃ  Truyá»n thÃ´ng khuyáº¿n cÃ¡o ngÆ°á»i dÃ¢n nÃ¢ng cao cáº£nh giÃ¡c, khÃ´ng chuyá»ƒn tiá»n hoáº·c cung cáº¥p thÃ´ng tin cÃ¡ nhÃ¢n cho ngÆ°á»i láº¡ qua Ä‘iá»‡n thoáº¡i. Náº¿u cÃ³ hiá»‡n tÆ°á»£ng trÃªn, Ä‘á» nghá»‹ trÃ¬nh bÃ¡o ngay cho cÆ¡ quan CÃ´ng an Ä‘á»ƒ xá»­ lÃ½ hoáº·c thÃ´ng bÃ¡o Ä‘áº¿n sá»‘ Ä‘iá»‡n thoáº¡i trá»±c ban hÃ¬nh sá»± 0692348560 cá»§a Cá»¥c Cáº£nh sÃ¡t hÃ¬nh sá»± Ä‘á»ƒ Ä‘Æ°á»£c hÆ°á»›ng dáº«n ká»‹p thá»i.",5,,,Natural Titanium
152073799298912,23354704062,13276887441,1700470795,1,1056384068,308461157,"KhÃ¡m phÃ¡ Cung Ä‘iá»‡n trong lÃ²ng nÃºi táº¡i Thung lÅ©ng Hoa TrÃªn ÄÃ¡ - Hiá»n HÃ o - CÃ¡t BÃ .
GiÃ¡ vÃ© vÃ o cá»­a: NgÆ°á»i lá»›n 80k ( 1 Ä‘á»“ uá»‘ng ), tráº» em 40k. 
KhÃ´ng ká»³ vÄ© vá»›i nhá»¯ng tÃ¡c pháº©m tháº¡ch nhÅ© tuyá»‡t vá»i cá»§a thiÃªn nhiÃªn nhÆ° sÆ° tá»­, rÃ¹a Ä‘Ã¡, giáº¿ng trá»i tá»± nhiÃªn ..vv... KhÃ´ng nhá»¯ng tháº¿ phÃ­a bÃªn kia cá»­a hang cÃ²n dáº«n tháº³ng ra biá»ƒn vá»›i nhá»¯ng con sÃ³ng vá»— rÃ¬ rÃ o ğŸŒŠ. Ráº¥t Ä‘Ã¡ng Ä‘á»ƒ khÃ¡m phÃ¡ nha cÃ¡c báº¡n, vÃ¬ bÃªn farmstay cÃ²n ráº¥t nhiá»u háº¡ng má»¥c trang trÃ­ khÃ¡c ná»¯a.",5,,,Natural Titanium
153334913309764,23354704062,13190004856,1699870315,1,90227590,308461157,Giao hÆ¡i lÃ¢u tÃ­ nhÆ°ng shop gá»­i cho mÃ¡y imei 5555ğŸ˜œ,5,,,Natural Titanium
153359528300627,23354704062,13239750090,1700195997,1,13891276,308461157,Ship hÆ¡i lÃ¢u chÃºt cÃ²n láº¡i thÃ¬ oke,5,,,Natural Titanium
151866123271791,23354704062,13066552471,1698884510,1,54646105,308461157,"MÃ¡y Ä‘áº¹p, cháº¥t lÆ°á»£ng. Ráº¥t Æ°ng Ã½",5,,,White Titanium
153335180316875,23354704062,13200201988,1699942392,1,8819474,308461157,Cháº¥t lÆ°á»£ng sáº£n pháº©m tá»‘t Ä‘Ã³ng gÃ³i cáº©n tháº­n,5,,,White Titanium
153376683314634,23354704062,13210417020,1700010727,1,2145133,308461157,MÃ¡y Ä‘áº¹p xuáº¥t sáº¯c hihi,5,,,White Titanium
153376126247527,23354704062,13259837343,1700325213,1,50308686,308461157,"QuÃ¡ tuyá»‡t vá»i, sáº£n pháº©m cháº¥t lÆ°á»£ng!!!!!!!!!",5,,,White Titanium
154458112235273,23354704062,13394370000,1701419946,1,45340157,308461157,"ÄÆ°á»£c nha, cÃ³ váº» Ä‘Æ°á»£c. ChÆ°a dÃ¹ng nhÆ°ng váº«n táº·ng shop 5 sao cÆ¡ báº£n lÃ  nhÆ° váº­y",5,,,Black Titanium
153335143277207,23354704062,13523371918,1702433915,1,131869581,308461157,"HÃ¬nh áº£nh vÃ  clip quay bá»Ÿi iphone 15 promax Ä‘Ã¢y.
MÃ¬nh lÃªn Ä‘á»i tá»« ip7 plus nÃªn tháº¥y rÃµ sá»± khÃ¡c biá»‡t. NhÆ°ng nhu cáº§u mÃ¬nh dÃ¹ng cÅ©ng k háº¿t chá»©c nÄƒng cá»§a mÃ¡y.",5,,,White Titanium
156877244213556,23354704062,13793863113,1704564928,1,98120009,308461157,Acacy: Ban vua nhan duoc hop dong can phe duyet. Vui long truy cap duong link,5,,,Natural Titanium
153681350287537,23354704062,13263037266,1700368179,1,174604895,308461157,"Suáº¥t gháº¿ giÃ¡ tráº£i nghiá»‡m Æ°u Ä‘Ã£i Lifesport Ls-678 Ä‘Ã£ háº¿t! 
Cáº£m Æ¡n ace Ä‘Ã£ luÃ´n theo dÃµi vÃ  nhanh tay mua sáº¯m Ä‘á»ƒ gá»­i nhá»¯ng Ä‘Ã¡nh giÃ¡ cho Lifesport.

ChÃºng tÃ´i kháº³ng Ä‘á»‹nh, sá»± quyáº¿t Ä‘oÃ¡n cá»§a anh chá»‹ hoÃ n toÃ n lá»£i tháº¿ hÆ¡n cÃ¡c KH vá» sau nÃ y!",5,,,Natural Titanium
152471084272851,23354704062,13083171927,1699005326,1,85934141,308461157,TÃ­nh nÄƒng ná»•i báº­t:Æ°ng luÃ´n,5,,,White Titanium
153681526207875,23354704062,13245897718,1700224298,1,57197521,308461157,HÃ ng nguyÃªn sea kÃ¨m theo cáº£ hoÃ¡ Ä‘Æ¡n.,5,,,Natural Titanium
157636533247125,23354704062,13789349412,1704535358,1,260481223,308461157,"Shop tÆ° váº¥n ráº¥t nhiá»‡t tÃ¬nh, khÃ´ng cÃ³ gÃ¬ Ä‘á»ƒ chÃª cáº£, quÃ¡ tá»‘t, ráº¥t tá»‘t",5,,,Natural Titanium
153344224243258,23354704062,13239398353,1700194254,1,7981998,308461157,"Sp cháº¥t lÆ°á»£ng tá»‘t, sang xá»‹n má»‹n, sáº½ mua tiáº¿p náº¿u cÃ³ Ä‘á»£t sale lá»›n ntn",5,,,Natural Titanium
151232532267994,23354704062,12970124333,1698054958,1,1032222439,308461157,U mÃª cÃ¡i mÃ u tráº¯ng tá»« 12-15 khÃ´ng lá»‘i thoÃ¡tttttt :))),5,,,White Titanium
153680406315409,23354704062,13264033175,1700373718,1,174293198,308461157,hÃ ng tá»• cháº¥t lÆ°á»£ng Ä‘áº£m báº£o hehehehheeheheheheheehheheehe,5,,,Natural Titanium
153379891309811,23354704062,13206008197,1699966272,1,174604895,308461157,"ThÃ¡ng 11 nÃ y. Hyundai Long BiÃªn Ä‘áº§y Ä‘á»§ cÃ¡c dÃ²ng xe vá»›i giÃ¡ vÃ  CTKM tá»‘t nháº¥t. 
- Hyundai Tucson
- Hyundai Santafe
- Hyundai Elantra
- Hyundai Accent
- Hyundai Stargazer
- Hyundai Custin
- Hyundai I10
QuÃ½ khÃ¡ch hÃ ng quan tÃ¢m liÃªn há»‡ e TrÆ°á»ng Ä‘á»ƒ Ä‘Æ°á»£c giÃ¡ tá»‘t nháº¥t.",5,,,Natural Titanium
153681523216058,23354704062,13271203977,1700436820,1,14622963,308461157,"QuÃ½ khÃ¡ch Ä‘á»“ng Ã½ vá»›i ChÃ­nh sÃ¡ch quyá»n riÃªng tÆ° do Vinpearl ban hÃ nh tá»«ng thá»i Ä‘iá»ƒm táº¡iÂ https://www.vinpearl.com/chinh-sach-quyen-rieng-tu/.
QuÃ½ khÃ¡ch cháº¥p nháº­n cho Vinpearl sá»­ dá»¥ng thÃ´ng tin cá»§a quÃ½ khÃ¡ch theo cÃ¡c Ä‘iá»u kiá»‡n, Ä‘iá»u khoáº£n chÃ­nh sÃ¡ch quyá»nÂ riÃªng tÆ° vá»›i má»¥c Ä‘Ã­ch chÄƒm sÃ³c khÃ¡ch hÃ ng.",5,,,Natural Titanium
153347546308919,23354704062,13389363661,1701387275,0,480667846,308461157,"Táº¡i sao nv giao hÃ ng láº¡i Chá»¥p HÃ¬nh tháº» cÄƒn cÆ°á»›c cá»§a tÃ´i? Ghi láº¡i sá»‘ tháº» thÃ¬ cháº¥p nháº­n Ä‘Æ°á»£c, cÃ²n chá»¥p hÃ¬nh rá»“i sau Ä‘Ã³ Shoppee hay ngÆ°á»i giao hÃ ng lÃ m gÃ¬ sao tÃ´i biáº¿t Ä‘Æ°á»£c? Láº¥y Ä‘em táº¡o tÃ i khoáº£n ngÃ¢n hÃ ng hay lá»«a Ä‘áº£o thÃ¬ sao??!!!",3,,,Natural Titanium
154458094209667,23354704062,13653412458,1703324111,1,98120009,308461157,QK TUYET DOI khong cung cap OTP cho nguoi khac ke ca NV NGAN HANG tranh bi lua dao. Ma GD NAP TIEN VI co ma OTP la 36064672. Ma OTP co hieu luc 2 phut.,5,,,Natural Titanium
153680407207678,23354704062,13364826020,1701180830,1,318485139,308461157,Quy khach da su dung het luu luong cua Viettel++ va tiep tuc truy cap theo goi Mobile Internet dang su dung (neu co). Chi tiet LH 198 (0d). Tran trong.,5,,,Natural Titanium
151002124232752,23354704062,13239237832,1700193428,1,609443633,308461157,Sáº£n pháº©m Ä‘Ãºng nhÆ° mÃ´ táº£. HÃ¬nh áº£nh vÃ  video chá»‰ mang tÃ­nh nháº­n xu,5,,,Blue Titanium
153367749245342,23354704062,13208831519,1699983743,1,53127334,308461157,H/a video mang tc minh hoáº¡ Ä‘á»ƒ nháº­n xuuuuuuuuuuuuuuuuuuuuuuuu,5,,,White Titanium
154494932225768,23354704062,13391393596,1701403224,1,1042662289,308461157,Shop gÃ³i hÃ ng cáº©n tháº­n giao hÃ ng nhanh,5,,,White Titanium
156272610235012,23354704062,13667155457,1703469069,1,1088474581,308461157,Giao nhanh bÃ¡n hÃ ng chuáº©n,5,,,White Titanium
156316685244195,23354704062,13599279904,1702907834,1,43028260,308461157,Sáº£n pháº©m Ä‘Ã³ng gÃ³i ráº¥t cáº©n tháº­n,5,,,White Titanium
157136403264808,23354704062,13705049526,1703783872,1,433980662,308461157,Há»— trá»£ táº­n tÃ¬nh chu Ä‘Ã¡o 10Ä‘,5,,,White Titanium
156845904281932,23354704062,13681942641,1703593587,1,1006338059,308461157,"sáº£n pháº©m cháº¥t lÆ°á»£ng,giÃ¡ cáº£ há»£p lÃ½",5,,,Natural Titanium
151743937274179,23354704062,13024807076,1698506356,1,1032222439,308461157,MÃ u tráº¯ng Ä‘áº¹p mÃª li ğŸ¤©ğŸ¤©ğŸ¤©,5,,,White Titanium
153375463299328,23354704062,13268787687,1700400385,-1,93051033,308461157,Pháº£i Ä‘Ã¡nh giÃ¡ 1 sao vÃ¬ mua hÃ ng quÃ¡ má»‡t má»i,1,,,White Titanium
152471027206493,23354704062,13093325926,1699088502,1,1088374734,308461157,Cáº£m one vt Ä‘áº·t 3 hÃ´m Ä‘Ã£ cÃ³,5,,,Natural Titanium
153374628249430,23354704062,13222474493,1700066620,1,140594391,308461157,Giao hÃ ng hÆ¡i lÃ¢u cÃ²n láº¡i ok,5,,,White Titanium
156272494297261,23354704062,13618763944,1703059327,1,1088473348,308461157,M nháº­n dc mÃ¡y rá»“i áº¡,5,,,Natural Titanium
153343011241623,23354704062,13223855293,1700093650,1,716895881,308461157,"Sáº£n pháº©m ok 
Giao hÃ ng cháº­m",5,,,Natural Titanium
151866095272272,23354704062,13022471667,1698491319,1,17855477,308461157,Giao hÆ¡i cháº­m Ä‘Ã³ nha,4,,,Natural Titanium
153680478278599,23354704062,13243204137,1700212658,1,92623392,308461157,Cháº¥t lÆ°á»£ng sáº£n pháº©m:hang ok,5,,,Natural Titanium
154458077284245,23354704062,13394494232,1701420628,1,1041277234,308461157,Minh nháº­n mÃ¡y roi áº¡,5,,,Natural Titanium
156057067216671,23354704062,13536463409,1702522978,1,1088374734,308461157,Lun á»§ng há»™ viettel,5,,,Natural Titanium
155109895208068,23354704062,13491204646,1702189007,1,86889954,308461157,Cháº¥t lÆ°á»£ng ok,5,,,Natural Titanium
156309055267709,23354704062,13637533964,1703204512,1,308202686,308461157,Sáº£n pháº©m ok,5,,,White Titanium
156272410295051,23354704062,13578232779,1702781891,1,308202686,308461157,MÃ¡y ok,5,,,Natural Titanium
153334845200097,23354704062,13360873087,1701160016,1,789601674,308461157,,5,,,Natural Titanium
153680485221702,23354704062,13441585652,1701796054,1,66797841,308461157,,5,,,Natural Titanium
151002011280889,23354704062,12936755011,1697773388,1,8111049,308461157,"MÃ¡y Ä‘áº¹p, nguyÃªn seal",5,,,White Titanium
153335149252810,23354704062,13191576328,1699876075,1,836905394,308461157,OK áº¡,5,,,White Titanium
153680497245622,23354704062,13270221934,1700411223,1,82417280,308461157,,5,,,Natural Titanium
150571652244191,23354704062,12986767528,1698210689,1,75486158,308461157,,5,,,Blue Titanium
151908727292141,23354704062,13334827655,1700929460,1,650616410,308461157,Toi that su rat toi rat that su nhieu hay gi nhiu su van hay hi  su,5,,,Natural Titanium
157213048266126,23354704062,13705209622,1703787578,1,22129254,308461157,Chat luong tuyet voi,5,,,White Titanium
152470989244019,23354704062,13092770981,1699085405,1,541504335,308461157,"Äáº§y Ä‘á»§ hoÃ¡ Ä‘Æ¡n, chá»n ngÃ y Ä‘áº¹p Ä‘á»ƒ bÃ³c :)",5,,,Natural Titanium
153334866224302,23354704062,13205764940,1699965320,1,164522752,308461157,Nhanh máº¡nh Ä‘áº¹p hÆ¡p thá»i trang,5,,,Natural Titanium
154458083210484,23354704062,13409168669,1701530722,1,308202686,308461157,Sáº£n pháº©m tuyá»‡t vá»i,5,,,White Titanium
156013207263783,23354704062,13529825444,1702465942,1,76174075,308461157,Qua ok,5,,,White Titanium
155109619253199,23354704062,13460303913,1701942502,1,119594899,308461157,Oke,5,,,Natural Titanium
153680533208431,23354704062,13237866652,1700185617,1,76174075,308461157,Ok,5,,,Natural Titanium
153389580227323,23354704062,13323965814,1700836109,1,16703297,308461157,,5,,,Natural Titanium
154491613269905,23354704062,13372367947,1701249735,1,1023057129,308461157,,5,,,White Titanium
156749114242758,23354704062,13704851535,1703781038,1,115008608,308461157,Tá»‘t vÃ  ráº¥t Ä‘áº¹p,5,,,White Titanium
153369145249607,23354704062,13430743467,1701710449,1,799812648,308461157,"HÃ´m nay mÃ¬nh Ä‘i xe buyt, gáº·p má»™t cáº·p vá»£ chá»“ng quÃ¡ tuá»•i trung niÃªn. VÃ¬ chiáº¿c xe rung láº¯c quÃ¡ máº¡nh, bÃ  khÃ´ng pháº£n á»©ng ká»‹p mÃ  Ä‘áº­p máº·t vÃ o thanh Ä‘á»©ng. Cháº¯c háº³n bÃ  Ä‘au láº¯m. Má»i ngÆ°á»i há»i han bÃ  Ä‘á»u nÃ³i khÃ´ng sao. Chá»‰ cÆ°á»i gÆ°á»£ng má»™t cÃ¡i sau Ä‘Ã³ láº¥y chiáº¿c khÄƒn tay tháº¥m Ä‘i nhá»¯ng giá»t nÆ°á»›c máº¯t khÃ´ng kiá»m Ä‘Æ°á»£c mÃ  rÆ¡i ra. BÃ  nhÃ¬n Ã´ng, Ä‘Ã´i máº¯t áº¥y mang má»™t chÃºt nÅ©ng ná»‹u cá»§a tuá»•i tráº» mong ráº±ng Ä‘Æ°á»£c sá»± há»i han cá»§a chá»“ng mÃ¬nh. NhÆ°ng Ä‘á»•i láº¡i vá»›i Ã¡nh máº¯t Ä‘Ã³, ngÆ°á»i chá»“ng khÃ´ng há»i han bÃ  láº¥y má»™t cÃ¢u. Má»™t sá»± tháº¥t vá»ng cÅ©ng nhÆ° há»¥t háº«ng hiá»‡n lÃªn qua khuÃ´n máº·t Ä‘Ã£ cÃ³ nhá»¯ng dáº¥u váº¿t cá»§a thá»i gian.",5,,,Natural Titanium
152471007278053,23354704062,13228967559,1700120963,1,39426078,308461157,"mn Æ¡i e nghe nÃ³i thi khiÃªu vÅ© pháº£i máº·c vÃ¡y mÃ  e kh máº·c táº¡i vÃ¬ hÆ¡i tá»± ti vá» chÃ¢n :(( thÃ¬ cÃ³ bá»‹ trá»« Ä‘iá»ƒm nhiá»u kh áº¡, vs cho e há»i thi giá»¯a kÃ¬ lÃ  ktra nhÆ° nÃ o áº¡",5,,,Natural Titanium
157194715229900,23354704062,13822987558,1704796927,1,513082846,308461157,Báº¡n mÆ°á»£n nick mua nÃªn mÃ¬nh ko Ä‘Ã¡nh giÃ¡ Ä‘Æ°á»£c ah! ChÆ°a bao giÆ¡ mua mÃ¡y nÃªn k bit,5,,,Natural Titanium
156309003209867,23354704062,13611281959,1702993825,1,816302597,308461157,"Äáº¹p láº¯m, mÃ¬nh thÃ­ch mÃ u tráº¯ng mÃ£i, chá» shop sale mÃ¬nh mua thÃªm cÃ¡i ná»¯a cho ck",5,,,White Titanium
156074071216704,23354704062,13833848204,1704881990,1,19310915,308461157,"Giao hÃ ng nhanh. Láº§n Ä‘áº§u mua Ä‘á»“ giÃ¡ trá»‹ lá»›n trÃªn shopee nhÆ°ng shop gÃ³i hÃ ng cáº©n tháº­n. MÃ¬nh ra Viettel store nhá» máº¥y báº¡n há»— trá»£ kiá»ƒm tra lÃºc khui hÃ ng luÃ´n. ÄÆ°á»£c há»— trá»£ nhiá»‡t tÃ¬nh. ChÄƒm sÃ³c khÃ¡ch hÃ ng tá»‘t. 
CÃ²n riÃªng vá» ip15 thÃ¬ mÃ¬nh khÃ´ng Ä‘Ã¡nh giÃ¡ cao láº¯m dÃ¹ mÃ¬nh lÃªn Ä‘á»i tá»« 11 lÃªn. MÃ¡y khÃ¡ hao pin. Hay nÃ³ng mÃ¡y. NÃ³i chung lÃ  mÃ¬nh tháº¥y hÆ¡i phÃ­ tiá»n khi lÃªn Ä‘á»i",5,,,White Titanium
157201233276828,23354704062,13727400412,1703997470,1,121982499,308461157,"Cháº¥t lÆ°á»£ng sáº£n pháº©m:Ráº¥t tá»‘t
TÃ­nh nÄƒng ná»•i báº­t:Flex
ÄÃºng vá»›i mÃ´ táº£:ÄÃºng

HÃ ng chÃ­nh hÃ£ng giao nhanh
DÃ¹ng ráº¥t mÆ°á»£t
Chá»¥p áº£nh Ä‘áº¹p
Sáº½ mua thÃªm cho ngÆ°á»i nhÃ  dÃ¹ng",5,,,Black Titanium
156013203244612,23354704062,13662485027,1703410531,1,256290563,308461157,"Cháº¥t lÆ°á»£ng sáº£n pháº©m:ok
ÄÃºng vá»›i mÃ´ táº£:ok
TÃ­nh nÄƒng ná»•i báº­t:ok

khuyáº¿n cÃ¡o ngÆ°á»i dÃ¢n nÃ¢ng cao cáº£nh giÃ¡c, khÃ´ng chuyá»ƒn tiá»n hoáº·c cung cáº¥p thÃ´ng tin cÃ¡ nhÃ¢n cho ngÆ°á»i láº¡ qua Ä‘iá»‡n thoáº¡i. Náº¿u cÃ³ hiá»‡n tÆ°á»£ng trÃªn, Ä‘á» nghá»‹ trÃ¬nh bÃ¡o ngay cho cÆ¡ quan CÃ´ng an Ä‘á»ƒ xá»­ lÃ½ hoáº·c thÃ´ng bÃ¡o Ä‘áº¿n sá»‘ Ä‘iá»‡n thoáº¡i trá»±c ban hÃ¬nh",5,,,Natural Titanium
157050040238293,23354704062,13694557662,1703704567,1,570543756,308461157,"TÃ­nh nÄƒng ná»•i báº­t:ip
ÄÃºng vá»›i mÃ´ táº£:yes
Cháº¥t lÆ°á»£ng sáº£n pháº©m:good

ğŸ“Shop cbi hÃ ng Ä‘áº§y Ä‘á»§, giao hÃ ng nhanh
ğŸ“HÃ ng cháº¥t lÆ°á»£ng
ğŸ“ÄÃ¡nh giÃ¡ 5* vá» cháº¥t lÆ°á»£ng dv tá»‘t 
â¤ï¸ChÃºc shop buÃ´n may bÃ¡n Ä‘áº¯t táº·ng cho shop áº£nh fb siÃªu xinh do chÃ­nh mÃ¬nh chá»¥p nÃ¨ ğŸ’•ğŸ’•ğŸ’•",5,,,White Titanium
157192810254951,23354704062,13741880900,1704167721,1,100535932,308461157,HÃ ng giao 3 ngÃ y nháº­n Ä‘Æ°á»£c. Mua cá»§a viettel nÃªn yÃªm tÃ¢m áº¡. MÃ¡y k lá»—i láº§m gÃ¬. 10 Ä‘á»‰m,5,,,Natural Titanium
153681522204783,23354704062,13442185469,1701815824,1,111934018,308461157,HÃ ng xá»‹n giÃ¡ ráº» Ä‘Ã¡ng mua láº¯m nha cáº£ nhÃ  Æ¡i nÃªn mua sá»­ dá»¥ng Ä‘i nÃ¨ á»§ng há»™,5,,,Natural Titanium
154458119215028,23354704062,13388539216,1701365606,1,609443633,308461157,Sáº£n pháº©m Ä‘Ãºng vá»›i mÃ´ táº£. áº¢nh vÃ  video chá»‰ mang tÃ­nh nháº­n xu. 1 2 3,5,,,Natural Titanium
153369041286609,23354704062,13208699946,1699981764,1,308202686,308461157,Tuyá»‡t vá»i,5,,,Natural Titanium
153381352274059,23354704062,13368619158,1701229684,1,5709482,308461157,,5,,,Natural Titanium
157074117240226,23354704062,13689296565,1703665589,1,57491289,308461157,ÄÃ³ng gÃ³i cáº©n tháº­n,5,,,Natural Titanium
155112349276550,23354704062,13511639248,1702348558,1,226751589,308461157,"HÃ ng giao nhanh,nháº­n Ä‘á»§",5,,,Natural Titanium
153334877247213,23354704062,13257288463,1700308365,1,31365763,308461157,Cháº¥t lÆ°á»£ng sáº£n pháº©m:good,5,,,Natural Titanium
152508993201867,23354704062,13087060700,1699027980,1,40677267,308461157,Giao hÃ ng nhanh,5,,,White Titanium
152471036256582,23354704062,13079621677,1698985673,1,1034519952,308461157,"Giao nhanh, it tins",5,,,Natural Titanium
151743814235363,23354704062,13004569201,1698339522,1,381333452,308461157,Blue Ä‘áº¹p tháº¿ nÃ y mÃ  ai cÅ©ng chÃª lÃ  saoooooo,5,,,Blue Titanium
156272674296062,23354704062,13612941970,1703006661,1,1088472973,308461157,Lun á»§ng há»™ viettel vi uy tÃ­n,5,,,White Titanium
152470988310564,23354704062,13117550251,1699285278,1,60978132,308461157,10Ä khÃ´ng cÃ³ nhÆ°ng,5,,,Natural Titanium
153681714297313,23354704062,13326985292,1700880215,1,1088474581,308461157,LuÃ´n á»§ng há»™ shop,5,,,Natural Titanium
156013213228415,23354704062,13542292501,1702549056,1,308202686,308461157,Tuyá»‡t vá»i,5,,,Natural Titanium
151515392296567,23354704062,13011447654,1698401912,1,1006335253,308461157,tá»‘t láº¯m áº¡,5,,,Blue Titanium
155111161279102,23354704062,13513054972,1702356539,1,52452555,308461157,Ok,5,,,Natural Titanium
153361865307113,23354704062,13293962263,1700617769,1,275826762,308461157,Tuyá»‡t vá»i,5,,,White Titanium
157781135278611,23354704062,13772823095,1704426913,1,1037829483,308461157,ok,5,,,Natural Titanium
154458472257800,23354704062,13337832321,1700973494,1,21498633,308461157,Okkkk,5,,,Black Titanium
156315626206806,23354704062,13581137885,1702796703,1,1037829483,308461157,ok,5,,,White Titanium
153369206202152,23354704062,13353022538,1701087642,1,13623146,308461157,ÄÆ°á»£c,5,,,Natural Titanium
154491329221954,23354704062,13385016748,1701342173,1,450181356,308461157,cháº¥t,5,,,White Titanium
154544406224265,23354704062,13356705269,1701134390,1,1034158658,308461157,Ok,4,,,Natural Titanium
157212222256854,23354704062,13708200614,1703825061,1,1077794154,308461157,Good,5,,,Natural Titanium
152507270302274,23354704062,13085301843,1699015945,1,726343128,308461157,hi,5,,,White Titanium
157136561253013,23354704062,13696064339,1703730189,1,1037829483,308461157,ok,5,,,White Titanium
153681800270988,23354704062,13315564949,1700786106,1,370276262,308461157,Ok,5,,,White Titanium
157207681286307,23354704062,13832031097,1704873099,1,29108194,308461157,"TÃ­nh nÄƒng ná»•i báº­t:tá»‘t

HÃ ng xá»‹n sÃ²",5,,,Natural Titanium
153681256223993,23354704062,13305369905,1700705816,1,37252838,308461157,Sp tá»‘t,5,,,Natural Titanium
153334989256403,23354704062,13217758385,1700045202,1,255121342,308461157,Good,5,,,White Titanium
153681357284189,23354704062,13255327612,1700298576,1,457823031,308461157,Goog,5,,,Natural Titanium
156057504252932,23354704062,13628714754,1703135805,1,1099420866,308461157,Good,5,,,White Titanium
153681492250279,23354704062,13255474190,1700299306,1,1078069387,308461157,tá»‘t,5,,,Natural Titanium
156310845260526,23354704062,13631622403,1703150789,1,1037829483,308461157,xá»‹n,5,,,White Titanium
153334903306046,23354704062,13181504076,1699802625,1,231714344,308461157,Ok,5,,,Natural Titanium
153334998203660,23354704062,13202158911,1699951425,1,1070131871,308461157,Ok,5,,,White Titanium
153347350316540,23354704062,13185516187,1699850473,1,74550607,308461157,ok,5,,,Natural Titanium
153373647257973,23354704062,13187615284,1699859995,1,216609005,308461157,Ok,5,,,Natural Titanium
153369017276171,23354704062,13176790739,1699775521,1,1025625845,308461157,Ok,5,,,White Titanium
153681515226468,23354704062,13254234701,1700293118,1,51448204,308461157,,5,,,Natural Titanium
153345922250567,23354704062,13220814951,1700056459,1,84392445,308461157,,5,,,Natural Titanium
151002043296180,23354704062,12986763365,1698210665,1,75486158,308461157,,5,,,White Titanium
151866079282512,23354704062,13013037120,1698409780,1,983605779,308461157,,5,,,Natural Titanium
151002012224820,23354704062,12913166282,1697595864,1,983605779,308461157,,5,,,White Titanium
152471001304212,23354704062,13270407234,1700414005,1,133773679,308461157,,5,,,Natural Titanium
153680506278649,23354704062,13266858295,1700389731,1,73610959,308461157,,5,,,Natural Titanium
151866132303956,23354704062,13119398803,1699320810,1,22467840,308461157,,5,,,White Titanium
153334857302760,23354704062,13306601006,1700713500,1,10376544,308461157,,5,,,Natural Titanium
152507296317676,23354704062,13338463577,1700977243,1,79443456,308461157,,5,,,White Titanium
154491859264593,23354704062,13337934127,1700974128,1,73610959,308461157,,5,,,White Titanium
154112420213206,23354704062,13337082538,1700968447,1,13983043,308461157,,5,,,Natural Titanium
155187077212068,23354704062,13460117107,1701941609,1,23624578,308461157,,5,,,Black Titanium
157551643211584,23354704062,13753735540,1704270954,1,200346947,308461157,,5,,,Natural Titanium
158087244235652,23354704062,13801589648,1704627922,1,34217558,308461157,,5,,,Natural Titanium
156058450222582,23354704062,13602957891,1702951885,1,53196163,308461157,,5,,,Blue Titanium
157560049231911,23354704062,13817848549,1704767650,1,18885645,308461157,,5,,,White Titanium
152470983225497,23354704062,13129869783,1699410672,1,49501476,308461157,,5,,,Natural Titanium
153369202241205,23354704062,13331522713,1700906898,1,12152470,308461157,,5,,,Natural Titanium
155115032285371,23354704062,13434778235,1701755951,1,2064325,308461157,,5,,,Natural Titanium
157622803294242,23354704062,13771011652,1704412892,1,198176,308461157,,5,,,Black Titanium
156310583286263,23354704062,13579171079,1702787144,1,1584567,308461157,,5,,,White Titanium
154458120206703,23354704062,13337624905,1700972162,1,256891881,308461157,,5,,,White Titanium
153680505207428,23354704062,13251576402,1700279795,1,120354188,308461157,,5,,,Natural Titanium
157741349201159,23354704062,13765135112,1704361166,1,296152160,308461157,,5,,,Natural Titanium
154458118222380,23354704062,13354727380,1701098018,1,236954905,308461157,,5,,,Natural Titanium
156075073271203,23354704062,13590984855,1702870068,1,447605971,308461157,,5,,,Natural Titanium
158000501200646,23354704062,13791508320,1704545484,1,139151908,308461157,,5,,,Blue Titanium
154458110211352,23354704062,13338647356,1700978349,1,51271151,308461157,,5,,,Natural Titanium
157549662217294,23354704062,13837723313,1704901731,1,149475281,308461157,,5,,,Natural Titanium
153369285204333,23354704062,13269870579,1700407618,1,120856267,308461157,,5,,,Natural Titanium
151002037235070,23354704062,12952268477,1697888461,1,91238864,308461157,,5,,,White Titanium
152510817218362,23354704062,13106359538,1699194392,1,211799213,308461157,,5,,,White Titanium
153681504315926,23354704062,13275721716,1700464582,1,19697884,308461157,,5,,,Natural Titanium
153370648303683,23354704062,13284322941,1700537764,1,11650866,308461157,,5,,,Black Titanium
156047854255881,23354704062,13573869950,1702734015,1,84063886,308461157,,5,,,Black Titanium
157741410297683,23354704062,13764534754,1704358142,1,113109003,308461157,,5,,,Black Titanium
156310125230650,23354704062,13579554244,1702789092,1,79370026,308461157,,5,,,Natural Titanium
153681921223010,23354704062,13318021303,1700802574,1,42482737,308461157,,5,,,White Titanium
154491644294786,23354704062,13337705833,1700972688,1,379521,308461157,,5,,,White Titanium
153680493212741,23354704062,13239535030,1700194937,1,156446618,308461157,,5,,,Natural Titanium
156013216294611,23354704062,13588165251,1702838504,1,2145133,308461157,,5,,,White Titanium
153380396253213,23354704062,13272388696,1700446622,1,317399934,308461157,,5,,,Natural Titanium
156315775240457,23354704062,13773785823,1704431816,1,346087980,308461157,,5,,,White Titanium
155111167289186,23354704062,13419272380,1701618617,1,59456434,308461157,,5,,,Blue Titanium
153367588226601,23354704062,13260927025,1700351918,1,59657028,308461157,,5,,,White Titanium
157651472273443,23354704062,13773031110,1704428033,1,282586933,308461157,,5,,,Natural Titanium
152471091280883,23354704062,13274639068,1700458796,1,80693871,308461157,,5,,,Natural Titanium
156059036212966,23354704062,13554826729,1702627794,1,20303936,308461157,,5,,,Natural Titanium
157379024215927,23354704062,13729284737,1704011156,1,20303936,308461157,,5,,,Natural Titanium
157222805293722,23354704062,13727681122,1703999445,1,22137443,308461157,,5,,,Natural Titanium
153367553259120,23354704062,13237892377,1700185789,1,10944084,308461157,,5,,,Blue Titanium
157178343294101,23354704062,13793828158,1704564018,1,93680783,308461157,,5,,,White Titanium
156057831294877,23354704062,13591188213,1702871138,1,177633975,308461157,,5,,,White Titanium
154501757230727,23354704062,13397619690,1701436798,1,120956655,308461157,,5,,,White Titanium
153334847221162,23354704062,13314333517,1700758273,1,31124853,308461157,,5,,,Natural Titanium
154492194258922,23354704062,13348320942,1701062825,1,523041903,308461157,,5,,,Blue Titanium
150571939212100,23354704062,12971874897,1698065310,1,242968977,308461157,,5,,,Blue Titanium
158000510216551,23354704062,13823881534,1704801190,1,442516308,308461157,,5,,,Natural Titanium
154458134277921,23354704062,13341349847,1700995048,1,208830506,308461157,,5,,,Natural Titanium
154491706256832,23354704062,13350355241,1701073815,1,134597349,308461157,,5,,,Natural Titanium
153344663259521,23354704062,13277638312,1700474819,1,393036652,308461157,,5,,,Natural Titanium
151293140244933,23354704062,12961093792,1697972136,1,45646298,308461157,,5,,,Blue Titanium
153681481300270,23354704062,13263097411,1700368528,1,915465785,308461157,,5,,,Natural Titanium
153680437309004,23354704062,13270018663,1700408988,1,596699230,308461157,,5,,,Natural Titanium
153680435218951,23354704062,13267492723,1700393162,1,1038689727,308461157,,5,,,Natural Titanium
153681027294673,23354704062,13265595002,1700382563,1,679995394,308461157,,5,,,Natural Titanium
153680488218833,23354704062,13263830711,1700372581,1,495399482,308461157,,5,,,Natural Titanium
152525635303604,23354704062,13133941901,1699434671,1,974542730,308461157,,5,,,White Titanium
154491764284582,23354704062,13337713585,1700972736,1,932743972,308461157,,5,,,White Titanium
154458019256164,23354704062,13344515434,1701018388,1,1098717276,308461157,,5,,,Natural Titanium
154458020292773,23354704062,13344545619,1701018946,1,1098949748,308461157,,5,,,Natural Titanium
153380877297327,23354704062,13336514458,1700964108,1,769747878,308461157,,5,,,Natural Titanium
154492332282889,23354704062,13356467528,1701132269,1,1063839110,308461157,,5,,,White Titanium
154458107268550,23354704062,13354266858,1701094764,1,713048414,308461157,,5,,,White Titanium
152470813247074,23354704062,13303509982,1700674209,1,979682915,308461157,,5,,,White Titanium
153369241222335,23354704062,13298149555,1700642103,1,1037413020,308461157,,5,,,Natural Titanium
156068990240358,23354704062,13597530036,1702900027,1,190464158,308461157,,5,,,Black Titanium
156058051220617,23354704062,13594360120,1702885977,1,1037556667,308461157,,5,,,Natural Titanium
156316196213419,23354704062,13594353654,1702885947,1,1037556667,308461157,,5,,,White Titanium
156059166278158,23354704062,13591691884,1702873646,1,861770915,308461157,,5,,,Blue Titanium
157741205229389,23354704062,13761879339,1704344358,1,1119326735,308461157,,5,,,Natural Titanium
156316610201298,23354704062,13750259032,1704248864,1,961288700,308461157,,5,,,White Titanium
157682346236136,23354704062,13760568947,1704336237,1,845889984,308461157,,5,,,Natural Titanium
156073234220514,23354704062,13772383634,1704424251,1,985812027,308461157,,5,,,White Titanium
157781270215315,23354704062,13766133739,1704365705,1,1025248469,308461157,,5,,,Natural Titanium
157688990297601,23354704062,13769071483,1704379454,1,961288700,308461157,,5,,,Natural Titanium
157137140253754,23354704062,13778804485,1704455337,1,1127183688,308461157,,5,,,Natural Titanium
153681563299028,23354704062,13284627533,1700539643,1,100433773,308461157,,5,,,Natural Titanium
153370928248582,23354704062,13213262190,1700026194,1,41717443,308461157,,5,,,White Titanium
156013754266630,23354704062,13550181716,1702606299,1,143238833,308461157,,5,,,White Titanium
156056882232092,23354704062,13539527359,1702537553,1,4960782,308461157,,5,,,White Titanium
153413062277853,23354704062,13540993261,1702543854,1,95711410,308461157,,5,,,White Titanium
153334864278296,23354704062,13222083081,1700063048,1,63577329,308461157,,5,,,Natural Titanium
156047585285898,23354704062,13552356589,1702617181,1,79370026,308461157,,5,,,Natural Titanium
153681497224703,23354704062,13258212422,1700313289,1,186987989,308461157,,5,,,Natural Titanium
153370054283440,23354704062,13247066368,1700229935,1,117133672,308461157,,5,,,White Titanium
156047605235068,23354704062,13574287120,1702736110,1,64659314,308461157,,5,,,Natural Titanium
153343344271653,23354704062,13261540452,1700358128,1,208830506,308461157,,5,,,Natural Titanium
152471066297015,23354704062,13279860642,1700485992,1,44307616,308461157,,5,,,White Titanium
156272501224900,23354704062,13571309498,1702723260,1,44307616,308461157,,5,,,White Titanium
156067217222160,23354704062,13566030942,1702700543,1,346087980,308461157,,5,,,White Titanium
150571621289844,23354704062,12968045048,1698041619,1,269197657,308461157,,5,,,Blue Titanium
151303417214214,23354704062,12960104492,1697965911,1,1006338059,308461157,,5,,,Blue Titanium
151378185211059,23354704062,12959735713,1697963590,1,658321866,308461157,,5,,,Black Titanium
153681652282453,23354704062,13260043830,1700328132,1,1037556667,308461157,,5,,,White Titanium
153365474290816,23354704062,13255080115,1700297343,1,375637388,308461157,,5,,,Natural Titanium
153681161253776,23354704062,13254699977,1700295430,1,1042131005,308461157,,5,,,Natural Titanium
153380213240205,23354704062,13251495506,1700279362,1,140261170,308461157,,5,,,Natural Titanium
153369092256318,23354704062,13272229028,1700445639,1,602271337,308461157,,5,,,Natural Titanium
152509431300978,23354704062,13110387879,1699244791,1,1043413429,308461157,,5,,,White Titanium
152471023220546,23354704062,13115586713,1699273156,1,1006902049,308461157,,5,,,Natural Titanium
152514094277393,23354704062,13114997601,1699270223,1,704722833,308461157,,5,,,White Titanium
153335065290514,23354704062,13328216948,1700887934,1,909384665,308461157,,5,,,White Titanium
154492358201708,23354704062,13406386100,1701513544,1,1032319215,308461157,,5,,,White Titanium
155111106250525,23354704062,13426595408,1701684096,1,495399482,308461157,,5,,,Natural Titanium
154492528210799,23354704062,13430075904,1701702632,1,1040258518,308461157,,5,,,White Titanium
155111163207988,23354704062,13448406826,1701855608,1,1041961840,308461157,,5,,,Black Titanium
156013215206203,23354704062,13585434549,1702816872,1,313779195,308461157,,5,,,White Titanium
154458056274568,23354704062,13379543761,1701312911,1,48901029,308461157,,5,,,Natural Titanium
153343622316324,23354704062,13210281042,1700009694,1,97497497,308461157,,5,,,Natural Titanium
153367735202499,23354704062,13200754791,1699944987,1,122176119,308461157,,5,,,White Titanium
153334818258208,23354704062,13198327262,1699933447,1,19697884,308461157,,5,,,Natural Titanium
153334814210087,23354704062,13197907844,1699931163,1,34217558,308461157,,5,,,Natural Titanium
154458078224221,23354704062,13364673484,1701179915,1,36138252,308461157,,5,,,Natural Titanium
153369049225732,23354704062,13221398771,1700059046,1,299312736,308461157,,5,,,Natural Titanium
157431651249945,23354704062,13714050030,1703858049,1,55360967,308461157,,5,,,Natural Titanium
157222828270130,23354704062,13733880657,1704077196,1,99961584,308461157,,5,,,Natural Titanium
153334872286325,23354704062,13381358180,1701323130,1,59947368,308461157,,5,,,Natural Titanium
152471012251962,23354704062,13091768424,1699079771,1,235695169,308461157,,5,,,Natural Titanium
153371481285860,23354704062,13242174901,1700207765,1,182875695,308461157,,5,,,Natural Titanium
153334867288954,23354704062,13225325566,1700103295,1,66388077,308461157,,5,,,Natural Titanium
153373672211626,23354704062,13210987050,1700014492,1,19807224,308461157,,5,,,White Titanium
156047593260335,23354704062,13549960731,1702604949,1,185122856,308461157,,5,,,Natural Titanium
153381110297511,23354704062,13314279377,1700757460,1,108455287,308461157,,5,,,Natural Titanium
157387013239247,23354704062,13726247978,1703987924,1,63839786,308461157,,5,,,Natural Titanium
156058195272867,23354704062,13551016184,1702610924,1,260164573,308461157,,5,,,White Titanium
153392449299299,23354704062,13218897626,1700049136,1,54926316,308461157,,5,,,White Titanium
153334909201924,23354704062,13282064900,1700516046,1,9648081,308461157,,5,,,Natural Titanium
157194359284844,23354704062,13732361005,1704043439,1,307398474,308461157,,5,,,Natural Titanium
153681512274865,23354704062,13238297306,1700188275,1,11228046,308461157,,5,,,Natural Titanium
153334867229289,23354704062,13250456519,1700273216,1,578214693,308461157,,5,,,Natural Titanium
153681468306894,23354704062,13248705082,1700245196,1,647744309,308461157,,5,,,Natural Titanium
153680722277996,23354704062,13248295232,1700238359,1,895454633,308461157,,5,,,Natural Titanium
153680480214337,23354704062,13239904129,1700196768,1,40677267,308461157,,5,,,Natural Titanium
153680442242176,23354704062,13240913583,1700201647,1,183030364,308461157,,5,,,Natural Titanium
152508926305684,23354704062,13105454042,1699188681,1,1075114923,308461157,,5,,,White Titanium
152509705258606,23354704062,13102747203,1699172852,1,528040110,308461157,,5,,,Natural Titanium
152470974213699,23354704062,13101973206,1699168166,1,1068912834,308461157,,5,,,White Titanium
153337522205290,23354704062,13315837639,1700788636,1,535654447,308461157,,5,,,Natural Titanium
154458111280246,23354704062,13397603526,1701436710,1,1101340773,308461157,,5,,,Natural Titanium
154717256290648,23354704062,13396601252,1701431427,1,1043413429,308461157,,5,,,White Titanium
156056699282792,23354704062,13566351777,1702702020,1,1065996610,308461157,,5,,,White Titanium
151735090217407,23354704062,13064398043,1698848313,1,59577298,308461157,,5,,,Natural Titanium
151866134298976,23354704062,13062247071,1698837379,1,163026764,308461157,,5,,,White Titanium
154458094263313,23354704062,13359606347,1701152620,1,22467840,308461157,,5,,,Natural Titanium
157053045262964,23354704062,13699956204,1703752630,1,92623392,308461157,,5,,,Natural Titanium
152471067207225,23354704062,13090669297,1699073869,1,93680783,308461157,,5,,,White Titanium
154501337212826,23354704062,13365001123,1701181936,1,63359834,308461157,,5,,,Natural Titanium
153370516313204,23354704062,13210681221,1700012563,1,12506270,308461157,,5,,,White Titanium
156056552257649,23354704062,13524779673,1702442605,1,147505910,308461157,,5,,,Blue Titanium
153345249315175,23354704062,13312910137,1700746759,1,416811470,308461157,,5,,,Natural Titanium
151866014312503,23354704062,13228878796,1700120551,1,221266393,308461157,,5,,,Natural Titanium
157222832252331,23354704062,13704315754,1703776238,1,63362123,308461157,,5,,,White Titanium
153369206296246,23354704062,13231375582,1700131289,1,44230039,308461157,,5,,,Natural Titanium
154458037274923,23354704062,13388134388,1701360143,1,336117343,308461157,,5,,,Natural Titanium
154630891216206,23354704062,13388437314,1701363940,1,119594899,308461157,,5,,,Natural Titanium
153339026305490,23354704062,13525348704,1702445408,1,82977559,308461157,,5,,,Natural Titanium
157213582255272,23354704062,13695716767,1703727311,1,23984567,308461157,,5,,,White Titanium
152507831318217,23354704062,13092818955,1699085669,1,103592528,308461157,,5,,,Natural Titanium
153334814202409,23354704062,13218936522,1700049276,1,495067544,308461157,,5,,,Natural Titanium
153334912279060,23354704062,13234277244,1700142977,1,596699230,308461157,,5,,,Natural Titanium
153369046285298,23354704062,13233648213,1700140228,1,1020285623,308461157,,5,,,Natural Titanium
153345912292279,23354704062,13229306884,1700122502,1,126118989,308461157,,5,,,Natural Titanium
153369165249164,23354704062,13228700623,1700119722,1,484985469,308461157,,5,,,Natural Titanium
153374003245500,23354704062,13225368749,1700103547,1,90102781,308461157,,5,,,White Titanium
152471090316314,23354704062,13096162389,1699104573,1,748257527,308461157,,5,,,White Titanium
152508357211046,23354704062,13092422324,1699083461,1,1037556667,308461157,,5,,,White Titanium
153334856304141,23354704062,13312518236,1700744660,1,1082014374,308461157,,5,,,Natural Titanium
154492188222504,23354704062,13388011134,1701358967,1,1033300879,308461157,,5,,,Black Titanium
154630893233635,23354704062,13386848412,1701351360,1,889982450,308461157,,5,,,White Titanium
156013222249340,23354704062,13561455335,1702653762,1,607413510,308461157,,5,,,White Titanium
156056650204517,23354704062,13558045768,1702639931,1,561908538,308461157,,5,,,Black Titanium
156056907231651,23354704062,13554833753,1702627824,1,1108826898,308461157,,5,,,White Titanium
156074507206815,23354704062,13554348485,1702625807,1,541504335,308461157,,5,,,Natural Titanium
157430345276190,23354704062,13726435780,1703989742,1,1042131005,308461157,,5,,,Natural Titanium
156767935264207,23354704062,13729775822,1704015140,1,930397195,308461157,,5,,,Natural Titanium
153369065247670,23354704062,13217042619,1700042586,1,43133121,308461157,,5,,,Natural Titanium
151952675302804,23354704062,13048669465,1698731045,1,6379353,308461157,,5,,,White Titanium
157178690255417,23354704062,13689496301,1703666724,1,183729928,308461157,,5,,,Natural Titanium
156056436260760,23354704062,13537659725,1702529257,1,107327983,308461157,,5,,,Natural Titanium
157190020259086,23354704062,13717397652,1703905036,1,62773378,308461157,,5,,,Natural Titanium
153380446248587,23354704062,13381512964,1701323961,1,49839232,308461157,,5,,,Natural Titanium
153370461279651,23354704062,13192000698,1699877640,1,20025921,308461157,,5,,,White Titanium
153369024313862,23354704062,13222486786,1700066773,1,194845686,308461157,,5,,,Natural Titanium
153334808309003,23354704062,13200846116,1699945422,1,112368446,308461157,,5,,,Natural Titanium
153365474307343,23354704062,13184132201,1699842867,1,138844991,308461157,,5,,,White Titanium
153369087212668,23354704062,13222369677,1700065463,1,289984817,308461157,,5,,,Natural Titanium
153347188304044,23354704062,13222126234,1700063363,1,366139830,308461157,,5,,,Natural Titanium
153371050294478,23354704062,13217183570,1700043121,1,401418761,308461157,,5,,,White Titanium
157170232283365,23354704062,13712899044,1703851237,1,8659571,308461157,,5,,,Natural Titanium
153369225204566,23354704062,13222633103,1700068806,1,516775512,308461157,,5,,,Natural Titanium
153381304275374,23354704062,13222558565,1700067730,1,1030577160,308461157,,5,,,Natural Titanium
153344825285278,23354704062,13211359583,1700016645,1,533483588,308461157,,5,,,Natural Titanium
153367381310094,23354704062,13222174760,1700063749,1,1025248469,308461157,,5,,,Natural Titanium
153338340240229,23354704062,13218319249,1700047081,1,718541221,308461157,,5,,,Natural Titanium
153334806229410,23354704062,13216072678,1700038609,1,851308708,308461157,,5,,,Natural Titanium
153334936217841,23354704062,13214441527,1700031422,1,174293198,308461157,,5,,,Natural Titanium
152471576288516,23354704062,13081724369,1698997393,1,368026220,308461157,,5,,,White Titanium
152508001316973,23354704062,13084687935,1699012792,1,1063839110,308461157,,5,,,White Titanium
152470989244060,23354704062,13082592281,1699002237,1,930397195,308461157,,5,,,Natural Titanium
154459417292633,23354704062,13379208077,1701310685,1,592869447,308461157,,5,,,Natural Titanium
154630885244615,23354704062,13379990118,1701315685,1,593868667,308461157,,5,,,Natural Titanium
156056732226064,23354704062,13538779309,1702534240,1,952374930,308461157,,5,,,Natural Titanium
157382901233444,23354704062,13722945140,1703939413,1,1080058186,308461157,,5,,,White Titanium
157179723257102,23354704062,13720055776,1703921508,1,1025953205,308461157,,5,,,Natural Titanium
152514283202202,23354704062,13168493808,1699699497,1,81854046,308461157,,5,,,Blue Titanium
153335168295406,23354704062,13210587863,1700011937,0,63839786,308461157,,2,,,White Titanium
157222803235775,23354704062,13705855384,1703806908,1,133032952,308461157,,5,,,Natural Titanium
153335155251369,23354704062,13200847723,1699945429,1,374332913,308461157,,5,,,White Titanium
153334836241955,23354704062,13208667966,1699981375,1,183030364,308461157,,5,,,Natural Titanium
153335073313866,23354704062,13208500349,1699979339,1,1050090293,308461157,,5,,,White Titanium
153348428291184,23354704062,13201409162,1699948028,1,611525359,308461157,,5,,,Natural Titanium
153372868210225,23354704062,13198916181,1699936430,1,981400073,308461157,,5,,,White Titanium
151866083211919,23354704062,13074570082,1698930493,1,1063100726,308461157,,5,,,Natural Titanium
152508956206243,23354704062,13074581711,1698930552,1,947694152,308461157,,5,,,Natural Titanium
154505401264095,23354704062,13361752136,1701164941,1,1025953205,308461157,,5,,,White Titanium
154490970215399,23354704062,13365730621,1701188213,1,1034943447,308461157,,5,,,Natural Titanium
154458157277149,23354704062,13368569894,1701229381,1,231495049,308461157,,5,,,Natural Titanium
154510104297148,23354704062,13367090968,1701218426,1,1061803526,308461157,,5,,,White Titanium
153680406225658,23354704062,13365731632,1701188225,1,1034943447,308461157,,5,,,Natural Titanium
154495203273212,23354704062,13713781601,1703856385,1,1041060675,308461157,,5,,,White Titanium
153371169244593,23354704062,13199430814,1699938853,1,594980542,308461157,,4,,,White Titanium
157136659265548,23354704062,13680173972,1703583009,1,201408681,308461157,,5,,,White Titanium
157050077286300,23354704062,13693573803,1703689295,1,421933187,308461157,,5,,,Natural Titanium
157214241223682,23354704062,13702034223,1703763937,1,1964255,308461157,,5,,,Black Titanium
157136460231810,23354704062,13687660449,1703656284,1,44307616,308461157,,5,,,White Titanium
151866084204812,23354704062,13064833024,1698851163,1,1032222439,308461157,,5,,,Natural Titanium
153345041245668,23354704062,13196793312,1699924218,1,756939130,308461157,,5,,,Natural Titanium
153334858275684,23354704062,13196761584,1699923986,1,1063100726,308461157,,5,,,Natural Titanium
153334868225890,23354704062,13194785785,1699890892,1,224584966,308461157,,5,,,Blue Titanium
153368479226159,23354704062,13194172803,1699886882,1,915465785,308461157,,5,,,White Titanium
153335171312799,23354704062,13189867490,1699869771,1,375526069,308461157,,5,,,White Titanium
153346030277373,23354704062,13186467900,1699854765,1,495399482,308461157,,5,,,Natural Titanium
157222828270124,23354704062,13699793295,1703751755,1,667554820,308461157,,5,,,White Titanium
157212770205153,23354704062,13699569507,1703750576,1,40677267,308461157,,5,,,White Titanium
156949316284124,23354704062,13695842495,1703728412,1,972668707,308461157,,5,,,Natural Titanium
157213344249348,23354704062,13705179793,1703786712,1,1115108039,308461157,,5,,,White Titanium
157213487293456,23354704062,13703950426,1703773823,1,1029340215,308461157,,5,,,White Titanium
156769233218736,23354704062,13665930227,1703441587,1,94981655,308461157,,5,,,Natural Titanium
151866016245429,23354704062,13032179133,1698578938,1,120956655,308461157,,5,,,Natural Titanium
152513657312574,23354704062,13159589708,1699627690,1,35461679,308461157,,5,,,Natural Titanium
156067519258138,23354704062,13675925906,1703555311,1,21101063,308461157,,5,,,Black Titanium
153369060206300,23354704062,13176388632,1699773166,1,120663534,308461157,,5,,,Natural Titanium
153680500211042,23354704062,13665462511,1703433885,1,12881002,308461157,,5,,,Natural Titanium
153337573204839,23354704062,13184146459,1699842954,1,709476559,308461157,,5,,,Natural Titanium
157050042295644,23354704062,13693595728,1703689449,1,292806012,308461157,,5,,,Natural Titanium
157222804220578,23354704062,13692576871,1703683080,1,1068912834,308461157,,5,,,White Titanium
156790895242616,23354704062,13691802979,1703678842,1,640308997,308461157,,5,,,Natural Titanium
157212169237181,23354704062,13689230565,1703665207,1,1095247233,308461157,,5,,,White Titanium
157137606287548,23354704062,13688877865,1703663213,1,1047859635,308461157,,5,,,Natural Titanium
152507966302762,23354704062,13150503235,1699572570,1,46830348,308461157,,5,,,White Titanium
151866093288021,23354704062,13044335369,1698677632,1,243544474,308461157,,5,,,Natural Titanium
156857518230577,23354704062,13674688878,1703526837,1,87448221,308461157,,5,,,Natural Titanium
151866098245462,23354704062,13164883912,1699679961,1,140261170,308461157,,5,,,Natural Titanium
157136578259686,23354704062,13680863611,1703587191,1,1042131005,308461157,,5,,,Natural Titanium
156317041231077,23354704062,13665866938,1703439950,1,379521,308461157,,5,,,White Titanium
156882244241697,23354704062,13669162915,1703483258,1,454542463,308461157,,5,,,Black Titanium
152508831242710,23354704062,13163086034,1699669773,1,442516308,308461157,,5,,,White Titanium
156013213243207,23354704062,13627809126,1703131002,1,8111049,308461157,,5,,,Natural Titanium
152471038254961,23354704062,13161221931,1699645175,1,1040258518,308461157,,5,,,Natural Titanium
152507829225497,23354704062,13160983101,1699639240,1,231495049,308461157,,5,,,White Titanium
156845584223233,23354704062,13671065741,1703496207,1,983891093,308461157,,5,,,Natural Titanium
154491329285477,23354704062,13668041357,1703475833,1,756983303,308461157,,5,,,Natural Titanium
154491809259781,23354704062,13667175407,1703469245,1,1029690565,308461157,,5,,,White Titanium
156272408201388,23354704062,13665241864,1703431440,1,71202143,308461157,,5,,,White Titanium
156047576223034,23354704062,13659976033,1703393460,1,404377432,308461157,,5,,,Natural Titanium
151866192206742,23354704062,13142880459,1699509705,1,871058254,308461157,,5,,,White Titanium
156272428260363,23354704062,13670022916,1703489008,1,1098949748,308461157,,5,,,White Titanium
151514969213757,23354704062,13007893801,1698382023,1,298970948,308461157,,5,,,Black Titanium
156311002258114,23354704062,13648722656,1703295396,1,383356166,308461157,,5,,,White Titanium
151002149224786,23354704062,13010685856,1698397844,1,637011207,308461157,,5,,,Blue Titanium
156918085286961,23354704062,13657338027,1703355721,1,40677267,308461157,,5,,,Natural Titanium
156316572264886,23354704062,13632159015,1703153424,1,87448221,308461157,,5,,,White Titanium
151734944238534,23354704062,12998954195,1698306078,1,231495049,308461157,,5,,,Natural Titanium
151483411211047,23354704062,13002499619,1698324314,1,1032222439,308461157,,5,,,Blue Titanium
151734993281711,23354704062,13001326913,1698318457,1,658321866,308461157,,5,,,White Titanium
156272417215765,23354704062,13645324383,1703250052,1,1098717276,308461157,,5,,,White Titanium
156315996257473,23354704062,13640195967,1703222481,1,1115335218,308461157,,5,,,White Titanium
156313451226505,23354704062,13636375553,1703177764,1,454466984,308461157,,5,,,White Titanium
151506003287035,23354704062,12989127979,1698224292,1,1090722521,308461157,,5,,,Blue Titanium
156600961227516,23354704062,13629187546,1703138193,1,537240570,308461157,,5,,,White Titanium
156272444283854,23354704062,13644969124,1703248046,1,1101112120,308461157,,5,,,White Titanium
151447074286346,23354704062,12983443796,1698169480,1,1032222439,308461157,,5,,,White Titanium
156057376280287,23354704062,13618868918,1703059846,1,1101112120,308461157,,5,,,White Titanium
156057285204331,23354704062,13618311227,1703057037,1,1098949748,308461157,,5,,,White Titanium
151002111282647,23354704062,12926136115,1697691313,1,113841419,308461157,,5,,,Blue Titanium
151002018251951,23354704062,12938148069,1697781269,1,458286953,308461157,,5,,,White Titanium
151002153279612,23354704062,12922219446,1697643975,1,72023792,308461157,,5,,,Blue Titanium
151002145283827,23354704062,12930004133,1697711481,1,930397195,308461157,,5,,,Blue Titanium
151031191254411,23354704062,12928150791,1697702161,1,1021640592,308461157,,5,,,White Titanium
151002151246370,23354704062,12932991962,1697726080,1,375526069,308461157,,5,,,Blue Titanium
150571752222649,23354704062,12875982138,1697299734,1,20366686,308461157,,5,,,Blue Titanium
150544511285182,23354704062,12863758081,1697213425,1,14816030,308461157,,5,,,Blue Titanium
150571672228335,23354704062,12864156729,1697218444,1,120956655,308461157,,5,,,Blue Titanium
150571701249949,23354704062,12869802162,1697268485,1,535654447,308461157,,5,,,Blue Titanium
149918107259071,23354704062,12823938413,1696935355,1,87081367,308461157,,5,,,Black Titanium
150051696245719,23354704062,12799829438,1696740936,1,28664331,308461157,,5,,,Blue Titanium
150139993279305,23354704062,12799011163,1696735351,1,969772762,308461157,,5,,,Blue Titanium
